C:\Users\natha\OneDrive\Desktop\Boyd Clips\ADAPTIVE-LAYOUT\CARTHIEF_ADAPTIVE.jpg	240000	1787991608013
C:\Users\natha\OneDrive\Desktop\Boyd Clips\ADAPTIVE-LAYOUT\CARTHIEF_ADAPTIVE.json	6324	1787991608102
C:\Users\natha\OneDrive\Desktop\Boyd Clips\ADAPTIVE-LAYOUT\OFFERUP_ADAPTIVE.jpg	261677	1787991723208
C:\Users\natha\OneDrive\Desktop\Boyd Clips\ADAPTIVE-LAYOUT\OFFERUP_ADAPTIVE.json	6614	1787991723289
C:\Users\natha\OneDrive\Desktop\Boyd Clips\ADAPTIVE-LAYOUT\SANCHEZ_ADAPTIVE.jpg	238271	1787991805769
C:\Users\natha\OneDrive\Desktop\Boyd Clips\ADAPTIVE-LAYOUT\SANCHEZ_ADAPTIVE.json	6434	1787991805853
C:\Users\natha\OneDrive\Desktop\Boyd Clips\BANGERS\WATCH THESE.html	9280	1787027299724
C:\Users\natha\OneDrive\Desktop\Boyd Clips\BANGERS\cases.txt	1282	1787027299724
C:\Users\natha\OneDrive\Desktop\Boyd Clips\CAPTION-OPTIONS\A_current.mp4	33318749	1787465031548
C:\Users\natha\OneDrive\Desktop\Boyd Clips\CAPTION-OPTIONS\B_popword.mp4	33879563	1787465043348
C:\Users\natha\OneDrive\Desktop\Boyd Clips\CAPTION-OPTIONS\C_broadcast.mp4	32784705	1787465054509
C:\Users\natha\OneDrive\Desktop\Boyd Clips\CAPTION-OPTIONS\D_condensed.mp4	33274331	1787465065594
C:\Users\natha\OneDrive\Desktop\Boyd Clips\CAPTION-OPTIONS\E_speaker.mp4	33324589	1787465076567
C:\Users\natha\OneDrive\Desktop\Boyd Clips\CAPTION-OPTIONS\F_stripped.mp4	33002659	1787465087720
C:\Users\natha\OneDrive\Desktop\Boyd Clips\CAPTION-OPTIONS\G_marker.mp4	33513885	1787465098613
C:\Users\natha\OneDrive\Desktop\Boyd Clips\CAPTION-OPTIONS\_COMPARE.png	1458536	1787465346457
C:\Users\natha\OneDrive\Desktop\Boyd Clips\EDGE_AB_hairzoom.png	158955	1787989276324
C:\Users\natha\OneDrive\Desktop\Boyd Clips\GRADE-OPTIONS.png	2222020	1787426127856
C:\Users\natha\OneDrive\Desktop\Boyd Clips\READY-TO-POST\1_LONGFORM_Thompson.mp4	130029115	1786978348372
C:\Users\natha\OneDrive\Desktop\Boyd Clips\READY-TO-POST\1_LONGFORM_thumbnail.jpg	186945	1786980083815
C:\Users\natha\OneDrive\Desktop\Boyd Clips\READY-TO-POST\2_SHORT_Thompson.mp4	11516141	1786978384284
C:\Users\natha\OneDrive\Desktop\Boyd Clips\READY-TO-POST\AB-THUMBNAILS\CARTHIEF_thumb_A.jpg	257827	1787968843251
C:\Users\natha\OneDrive\Desktop\Boyd Clips\READY-TO-POST\AB-THUMBNAILS\CARTHIEF_thumb_B.jpg	239147	1787968843476
C:\Users\natha\OneDrive\Desktop\Boyd Clips\READY-TO-POST\AB-THUMBNAILS\CARTHIEF_thumb_C.jpg	257128	1787968843707
C:\Users\natha\OneDrive\Desktop\Boyd Clips\READY-TO-POST\AB-THUMBNAILS\OFFERUP_thumb_A.jpg	265557	1787968844648
C:\Users\natha\OneDrive\Desktop\Boyd Clips\READY-TO-POST\AB-THUMBNAILS\OFFERUP_thumb_B.jpg	254228	1787968844885
C:\Users\natha\OneDrive\Desktop\Boyd Clips\READY-TO-POST\AB-THUMBNAILS\OFFERUP_thumb_C.jpg	254395	1787968845122
C:\Users\natha\OneDrive\Desktop\Boyd Clips\READY-TO-POST\AB-THUMBNAILS\SANCHEZ_thumb_A.jpg	280843	1787968843944
C:\Users\natha\OneDrive\Desktop\Boyd Clips\READY-TO-POST\AB-THUMBNAILS\SANCHEZ_thumb_B.jpg	276640	1787968844177
C:\Users\natha\OneDrive\Desktop\Boyd Clips\READY-TO-POST\AB-THUMBNAILS\SANCHEZ_thumb_C.jpg	259912	1787968844412
C:\Users\natha\OneDrive\Desktop\Boyd Clips\READY-TO-POST\AB_THUMBNAILS.png	1159064	1787968845178
C:\Users\natha\OneDrive\Desktop\Boyd Clips\READY-TO-POST\ARM_CHECK.png	566401	1787972155673
C:\Users\natha\OneDrive\Desktop\Boyd Clips\READY-TO-POST\AUDIT.png	582133	1787971874916
C:\Users\natha\OneDrive\Desktop\Boyd Clips\READY-TO-POST\CAPTION_SIZES.png	948527	1787976057592
C:\Users\natha\OneDrive\Desktop\Boyd Clips\READY-TO-POST\CARTHIEF_LONGFORM.mp4	176493966	1787812224166
C:\Users\natha\OneDrive\Desktop\Boyd Clips\READY-TO-POST\CARTHIEF_SHORT.mp4	18263095	1787819876685
C:\Users\natha\OneDrive\Desktop\Boyd Clips\READY-TO-POST\CARTHIEF_SHORT_CAP.mp4	19815140	1787976022362
C:\Users\natha\OneDrive\Desktop\Boyd Clips\READY-TO-POST\CARTHIEF_SHORT_CLEAN.mp4	19469876	1787976533577
C:\Users\natha\OneDrive\Desktop\Boyd Clips\READY-TO-POST\CARTHIEF_SHORT_FINAL.mp4	17308767	1787981983192
C:\Users\natha\OneDrive\Desktop\Boyd Clips\READY-TO-POST\CARTHIEF_SHORT_TIGHT.mp4	12940896	1787976382857
C:\Users\natha\OneDrive\Desktop\Boyd Clips\READY-TO-POST\CARTHIEF_SHORT_TIGHT_V2.mp4	15097212	1787976561998
C:\Users\natha\OneDrive\Desktop\Boyd Clips\READY-TO-POST\CARTHIEF_speakers.json	52346	1787981702479
C:\Users\natha\OneDrive\Desktop\Boyd Clips\READY-TO-POST\CARTHIEF_speakers_tight.json	32245	1787981976923
C:\Users\natha\OneDrive\Desktop\Boyd Clips\READY-TO-POST\CARTHIEF_thumbnail.jpg	257827	1787968843253
C:\Users\natha\OneDrive\Desktop\Boyd Clips\READY-TO-POST\CARTHIEF_timemap.json	2664	1787976382960
C:\Users\natha\OneDrive\Desktop\Boyd Clips\READY-TO-POST\CONSTRUCTIONS\A_NOTEXT.jpg	225569	1787976231927
C:\Users\natha\OneDrive\Desktop\Boyd Clips\READY-TO-POST\CONSTRUCTIONS\B_PANELS.jpg	348316	1787975942571
C:\Users\natha\OneDrive\Desktop\Boyd Clips\READY-TO-POST\CONSTRUCTIONS\C_MAGNIFIER.jpg	209581	1787975890226
C:\Users\natha\OneDrive\Desktop\Boyd Clips\READY-TO-POST\CONSTRUCTIONS\D_QUOTE_NEG.jpg	223382	1787975979176
C:\Users\natha\OneDrive\Desktop\Boyd Clips\READY-TO-POST\CONSTRUCTIONS\E_BLACKBAND.jpg	169506	1787975731570
C:\Users\natha\OneDrive\Desktop\Boyd Clips\READY-TO-POST\CONSTRUCTIONS\F_TABLOID.jpg	386522	1787976136946
C:\Users\natha\OneDrive\Desktop\Boyd Clips\READY-TO-POST\CONSTRUCTIONS_SHEET.png	1065766	1787985747459
C:\Users\natha\OneDrive\Desktop\Boyd Clips\READY-TO-POST\COPY-PASTE.txt	6689	1786977024463
C:\Users\natha\OneDrive\Desktop\Boyd Clips\READY-TO-POST\COURTROOMTIME_WINNERS_vs_LOSERS.png	4520374	1787498379325
C:\Users\natha\OneDrive\Desktop\Boyd Clips\READY-TO-POST\DEBLOCK.png	126351	1787976481325
C:\Users\natha\OneDrive\Desktop\Boyd Clips\READY-TO-POST\DEFENDANT_PICKS.png	731686	1787970720007
C:\Users\natha\OneDrive\Desktop\Boyd Clips\READY-TO-POST\FINISHED.png	1580245	1787826874348
C:\Users\natha\OneDrive\Desktop\Boyd Clips\READY-TO-POST\FONT_CHECK.png	220809	1787971343569
C:\Users\natha\OneDrive\Desktop\Boyd Clips\READY-TO-POST\FONT_ID.png	114071	1787971438676
C:\Users\natha\OneDrive\Desktop\Boyd Clips\READY-TO-POST\FONT_MATCH.png	702086	1787972606453
C:\Users\natha\OneDrive\Desktop\Boyd Clips\READY-TO-POST\LAYOUT\L1_system_OFFERUP.jpg	273116	1787995490854
C:\Users\natha\OneDrive\Desktop\Boyd Clips\READY-TO-POST\LAYOUT\L1_system_OFFERUP.json	11050	1787995490960
C:\Users\natha\OneDrive\Desktop\Boyd Clips\READY-TO-POST\LOOK_OPTIONS.png	1190901	1787969993007
C:\Users\natha\OneDrive\Desktop\Boyd Clips\READY-TO-POST\MONKEY_LONGFORM.mp4	185085925	1787495889996
C:\Users\natha\OneDrive\Desktop\Boyd Clips\READY-TO-POST\MONKEY_thumbnail.jpg	250902	1787968900269
C:\Users\natha\OneDrive\Desktop\Boyd Clips\READY-TO-POST\MONKEY_verify_sheet.png	1526472	1787494522150
C:\Users\natha\OneDrive\Desktop\Boyd Clips\READY-TO-POST\OFFERUP_LONGFORM.mp4	132175746	1787827460976
C:\Users\natha\OneDrive\Desktop\Boyd Clips\READY-TO-POST\OFFERUP_PLATES.png	925120	1787997192170
C:\Users\natha\OneDrive\Desktop\Boyd Clips\READY-TO-POST\OFFERUP_SHORT.mp4	20482985	1787827544566
C:\Users\natha\OneDrive\Desktop\Boyd Clips\READY-TO-POST\OFFERUP_SHORT_CAP.mp4	20573077	1787975462369
C:\Users\natha\OneDrive\Desktop\Boyd Clips\READY-TO-POST\OFFERUP_SHORT_FINAL.mp4	21198559	1787994149813
C:\Users\natha\OneDrive\Desktop\Boyd Clips\READY-TO-POST\OFFERUP_thumbnail.jpg	265557	1787968844650
C:\Users\natha\OneDrive\Desktop\Boyd Clips\READY-TO-POST\Q3SET\OFFERUP.jpg	483053	1787996776007
C:\Users\natha\OneDrive\Desktop\Boyd Clips\READY-TO-POST\Q3SET\SANCHEZ.jpg	494609	1787996355898
C:\Users\natha\OneDrive\Desktop\Boyd Clips\READY-TO-POST\Q3SET\_probe.jpg	483053	1787996726525
C:\Users\natha\OneDrive\Desktop\Boyd Clips\READY-TO-POST\Q3SET_SHEET.png	1185650	1787996427354
C:\Users\natha\OneDrive\Desktop\Boyd Clips\READY-TO-POST\QUALITY\Q1_noregroup.jpg	498864	1787994626893
C:\Users\natha\OneDrive\Desktop\Boyd Clips\READY-TO-POST\QUALITY\Q1_noregroup.jpg.meta.json	1145	1787994626895
C:\Users\natha\OneDrive\Desktop\Boyd Clips\READY-TO-POST\QUALITY\Q1_noregroup_AB.png	4191956	1787994633170
C:\Users\natha\OneDrive\Desktop\Boyd Clips\READY-TO-POST\QUALITY\Q2_surgical.jpg	497789	1787994996298
C:\Users\natha\OneDrive\Desktop\Boyd Clips\READY-TO-POST\QUALITY\Q2_surgical.jpg.meta.json	1812	1787994996341
C:\Users\natha\OneDrive\Desktop\Boyd Clips\READY-TO-POST\QUALITY\Q3_AB.png	3360843	1787995217234
C:\Users\natha\OneDrive\Desktop\Boyd Clips\READY-TO-POST\QUALITY\Q3_detail.jpg	486727	1787995178321
C:\Users\natha\OneDrive\Desktop\Boyd Clips\READY-TO-POST\QUALITY\Q3_detail.jpg.meta.json	1755	1787995287548
C:\Users\natha\OneDrive\Desktop\Boyd Clips\READY-TO-POST\QUALITY\Q4_light.jpg	472091	1787992346426
C:\Users\natha\OneDrive\Desktop\Boyd Clips\READY-TO-POST\QUALITY\Q4_light_COMPARISON.png	4484586	1787992396787
C:\Users\natha\OneDrive\Desktop\Boyd Clips\READY-TO-POST\QUIET\CARTHIEF.jpg	233248	1787988066019
C:\Users\natha\OneDrive\Desktop\Boyd Clips\READY-TO-POST\QUIET\OFFERUP.jpg	257461	1787988108646
C:\Users\natha\OneDrive\Desktop\Boyd Clips\READY-TO-POST\QUIET\SANCHEZ.jpg	251579	1787988093630
C:\Users\natha\OneDrive\Desktop\Boyd Clips\READY-TO-POST\QUIET_SHEET.png	1018631	1787988164334
C:\Users\natha\OneDrive\Desktop\Boyd Clips\READY-TO-POST\REACTIONS\CARTHIEF\3639.jpg	19985	1787969574086
C:\Users\natha\OneDrive\Desktop\Boyd Clips\READY-TO-POST\REACTIONS\CARTHIEF\3885.jpg	19511	1787969574086
C:\Users\natha\OneDrive\Desktop\Boyd Clips\READY-TO-POST\REACTIONS\CARTHIEF\3954.jpg	19285	1787969574087
C:\Users\natha\OneDrive\Desktop\Boyd Clips\READY-TO-POST\REACTIONS\CARTHIEF\3993.jpg	19715	1787969574087
C:\Users\natha\OneDrive\Desktop\Boyd Clips\READY-TO-POST\REACTIONS\CARTHIEF\3996.jpg	19544	1787969574088
C:\Users\natha\OneDrive\Desktop\Boyd Clips\READY-TO-POST\REACTIONS\CARTHIEF\4071.jpg	19617	1787969574089
C:\Users\natha\OneDrive\Desktop\Boyd Clips\READY-TO-POST\REACTIONS\CARTHIEF\4077.jpg	19126	1787969574089
C:\Users\natha\OneDrive\Desktop\Boyd Clips\READY-TO-POST\REACTIONS\CARTHIEF\4083.jpg	19186	1787969574090
C:\Users\natha\OneDrive\Desktop\Boyd Clips\READY-TO-POST\REACTIONS\CARTHIEF\4086.jpg	19370	1787969574090
C:\Users\natha\OneDrive\Desktop\Boyd Clips\READY-TO-POST\REACTIONS\CARTHIEF\4107.jpg	19948	1787969574091
C:\Users\natha\OneDrive\Desktop\Boyd Clips\READY-TO-POST\REACTIONS\CARTHIEF\4110.jpg	20255	1787969574092
C:\Users\natha\OneDrive\Desktop\Boyd Clips\READY-TO-POST\REACTIONS\CARTHIEF\4143.jpg	19657	1787969574092
C:\Users\natha\OneDrive\Desktop\Boyd Clips\READY-TO-POST\REACTIONS\CARTHIEF\4158.jpg	19603	1787969574093
C:\Users\natha\OneDrive\Desktop\Boyd Clips\READY-TO-POST\REACTIONS\CARTHIEF\4161.jpg	19415	1787969574093
C:\Users\natha\OneDrive\Desktop\Boyd Clips\READY-TO-POST\REACTIONS\CARTHIEF\4347.jpg	19578	1787969574094
C:\Users\natha\OneDrive\Desktop\Boyd Clips\READY-TO-POST\REACTIONS\CARTHIEF\4431.jpg	20460	1787969574095
C:\Users\natha\OneDrive\Desktop\Boyd Clips\READY-TO-POST\REACTIONS\CARTHIEF\4434.jpg	20111	1787969574095
C:\Users\natha\OneDrive\Desktop\Boyd Clips\READY-TO-POST\REACTIONS\CARTHIEF\4437.jpg	19967	1787969574096
C:\Users\natha\OneDrive\Desktop\Boyd Clips\READY-TO-POST\REACTIONS\CARTHIEF\4440.jpg	19966	1787969574097
C:\Users\natha\OneDrive\Desktop\Boyd Clips\READY-TO-POST\REACTIONS\CARTHIEF\4458.jpg	19467	1787969574097
C:\Users\natha\OneDrive\Desktop\Boyd Clips\READY-TO-POST\REACTIONS\CARTHIEF\4524.jpg	19291	1787969574098
C:\Users\natha\OneDrive\Desktop\Boyd Clips\READY-TO-POST\REACTIONS\CARTHIEF\4545.jpg	19846	1787969574098
C:\Users\natha\OneDrive\Desktop\Boyd Clips\READY-TO-POST\REACTIONS\CARTHIEF\4551.jpg	19901	1787969574099
C:\Users\natha\OneDrive\Desktop\Boyd Clips\READY-TO-POST\REACTIONS\CARTHIEF\4578.jpg	19463	1787969574099
C:\Users\natha\OneDrive\Desktop\Boyd Clips\READY-TO-POST\REACTIONS\CARTHIEF_defendant.png	1664095	1787969574174
C:\Users\natha\OneDrive\Desktop\Boyd Clips\READY-TO-POST\ROMERO_LONGFORM.mp4	99749199	1787812507116
C:\Users\natha\OneDrive\Desktop\Boyd Clips\READY-TO-POST\ROMERO_SHORT.mp4	18679805	1787819891286
C:\Users\natha\OneDrive\Desktop\Boyd Clips\READY-TO-POST\ROMERO_SHORT_CAP.mp4	18718250	1787975469689
C:\Users\natha\OneDrive\Desktop\Boyd Clips\READY-TO-POST\ROMERO_thumbnail.jpg	293686	1787813547215
C:\Users\natha\OneDrive\Desktop\Boyd Clips\READY-TO-POST\SANCHEZ_LONGFORM.mp4	107153053	1787812275111
C:\Users\natha\OneDrive\Desktop\Boyd Clips\READY-TO-POST\SANCHEZ_SHORT.mp4	21525241	1787819884503
C:\Users\natha\OneDrive\Desktop\Boyd Clips\READY-TO-POST\SANCHEZ_SHORT_CAP.mp4	21983004	1787975453982
C:\Users\natha\OneDrive\Desktop\Boyd Clips\READY-TO-POST\SANCHEZ_SHORT_FINAL.mp4	25716329	1787994092564
C:\Users\natha\OneDrive\Desktop\Boyd Clips\READY-TO-POST\SANCHEZ_thumbnail.jpg	280843	1787968843946
C:\Users\natha\OneDrive\Desktop\Boyd Clips\READY-TO-POST\SHORTS_ALL.png	952401	1787994222236
C:\Users\natha\OneDrive\Desktop\Boyd Clips\READY-TO-POST\SHORT_STRIP.png	877860	1787982176275
C:\Users\natha\OneDrive\Desktop\Boyd Clips\READY-TO-POST\THUMBNAIL_VERDICT.md	41822	1787975082681
C:\Users\natha\OneDrive\Desktop\Boyd Clips\READY-TO-POST\THUMB_PICK.png	1260513	1787827638820
C:\Users\natha\OneDrive\Desktop\Boyd Clips\READY-TO-POST\_auto\OFFERUP_SHORT\clean.mp4	25149472	1787994140364
C:\Users\natha\OneDrive\Desktop\Boyd Clips\READY-TO-POST\_auto\OFFERUP_SHORT\speakers.json	38885	1787994140555
C:\Users\natha\OneDrive\Desktop\Boyd Clips\READY-TO-POST\_auto\OFFERUP_SHORT\speakers_full.json	52023	1787994115491
C:\Users\natha\OneDrive\Desktop\Boyd Clips\READY-TO-POST\_auto\OFFERUP_SHORT\tight.mp4	16141957	1787994122931
C:\Users\natha\OneDrive\Desktop\Boyd Clips\READY-TO-POST\_auto\OFFERUP_SHORT\tight.transcript.json	4966	1787994140552
C:\Users\natha\OneDrive\Desktop\Boyd Clips\READY-TO-POST\_auto\OFFERUP_SHORT\timemap.json	2231	1787994123034
C:\Users\natha\OneDrive\Desktop\Boyd Clips\READY-TO-POST\_auto\SANCHEZ_SHORT\clean.mp4	29833852	1787994084085
C:\Users\natha\OneDrive\Desktop\Boyd Clips\READY-TO-POST\_auto\SANCHEZ_SHORT\speakers.json	45827	1787994084261
C:\Users\natha\OneDrive\Desktop\Boyd Clips\READY-TO-POST\_auto\SANCHEZ_SHORT\speakers_full.json	49513	1787994059644
C:\Users\natha\OneDrive\Desktop\Boyd Clips\READY-TO-POST\_auto\SANCHEZ_SHORT\tight.mp4	19956736	1787994067713
C:\Users\natha\OneDrive\Desktop\Boyd Clips\READY-TO-POST\_auto\SANCHEZ_SHORT\tight.transcript.json	6213	1787994084259
C:\Users\natha\OneDrive\Desktop\Boyd Clips\READY-TO-POST\_auto\SANCHEZ_SHORT\timemap.json	1096	1787994067804
C:\Users\natha\OneDrive\Desktop\Boyd Clips\READY-TO-REVIEW\HEARING_2023-11-16_Ewwnbi.mp4	82011357	1787310572827
C:\Users\natha\OneDrive\Desktop\Boyd Clips\READY-TO-REVIEW\HEARING_2024-06-20_VaTsQz.mp4	65937538	1787311821498
C:\Users\natha\OneDrive\Desktop\Boyd Clips\READY-TO-REVIEW\HEARING_2024-08-22_g8D85A.mp4	53145004	1787309608171
C:\Users\natha\OneDrive\Desktop\Boyd Clips\READY-TO-REVIEW\HEARING_2024-09-24_Pettes.mp4	53625977	1787302066452
C:\Users\natha\OneDrive\Desktop\Boyd Clips\READY-TO-REVIEW\HEARING_2025-04-16_cxApCV.mp4	100906574	1787311270605
C:\Users\natha\OneDrive\Desktop\Boyd Clips\READY-TO-REVIEW\HEARING_2025-07-14_2XkPnv.mp4	124945971	1787309284334
C:\Users\natha\OneDrive\Desktop\Boyd Clips\READY-TO-REVIEW\HEARING_2025-07-16_3FMy2K.mp4	81734914	1787309185284
C:\Users\natha\OneDrive\Desktop\Boyd Clips\READY-TO-REVIEW\HEARING_2025-07-31_l19Ijv.mp4	58499320	1787308313474
C:\Users\natha\OneDrive\Desktop\Boyd Clips\READY-TO-REVIEW\HEARING_2025-09-25_-4WiCe.mp4	71905712	1787308699412
C:\Users\natha\OneDrive\Desktop\Boyd Clips\READY-TO-REVIEW\HEARING_2025-09-30_HARSH.mp4	73680817	1787303293413
C:\Users\natha\OneDrive\Desktop\Boyd Clips\READY-TO-REVIEW\HEARING_2025-10-06_QfKjHJ.mp4	104209766	1787309932120
C:\Users\natha\OneDrive\Desktop\Boyd Clips\READY-TO-REVIEW\HEARING_2025-11-18_FIVE-YEARS.mp4	53982849	1787305260857
C:\Users\natha\OneDrive\Desktop\Boyd Clips\READY-TO-REVIEW\HEARING_2026-07-21_XiWwYF.mp4	69623099	1787307963378
C:\Users\natha\OneDrive\Desktop\Boyd Clips\READY-TO-REVIEW\SHORT_monkey-plan1.map.json	627	1787363614315
C:\Users\natha\OneDrive\Desktop\Boyd Clips\READY-TO-REVIEW\SHORT_monkey-plan1.mp4	23563832	1787363614249
C:\Users\natha\OneDrive\Desktop\Boyd Clips\READY-TO-REVIEW\SHORT_monkey-riff.map.json	1860	1787357863732
C:\Users\natha\OneDrive\Desktop\Boyd Clips\READY-TO-REVIEW\SHORT_monkey-riff.mp4	16706685	1787357863627
C:\Users\natha\OneDrive\Desktop\Boyd Clips\READY-TO-REVIEW\SHORT_monkey-v2.map.json	645	1787420383347
C:\Users\natha\OneDrive\Desktop\Boyd Clips\READY-TO-REVIEW\SHORT_monkey-v2.mp4	23532533	1787420378589
C:\Users\natha\OneDrive\Desktop\Boyd Clips\READY-TO-REVIEW\SHORT_spider-monkey.mp4	11195074	1787344842227
C:\Users\natha\OneDrive\Desktop\Boyd Clips\READY-TO-REVIEW\STUDIO_2XkPnvstmRQ.html	92297	1787420394348
C:\Users\natha\OneDrive\Desktop\Boyd Clips\READY-TO-REVIEW\VERTICAL_FULL_monkey.map.json	207	1787358426080
C:\Users\natha\OneDrive\Desktop\Boyd Clips\READY-TO-REVIEW\VERTICAL_FULL_monkey.mp4	478519947	1787358426010
C:\Users\natha\OneDrive\Desktop\Boyd Clips\READY-TO-REVIEW\_old-editors\BUILD_2XkPnvstmRQ.html	22182	1787360142078
C:\Users\natha\OneDrive\Desktop\Boyd Clips\READY-TO-REVIEW\_old-editors\EDIT_HEARING_2025-07-14_2XkPnv.html	6788	1787347920774
C:\Users\natha\OneDrive\Desktop\Boyd Clips\READY-TO-REVIEW\_old-editors\EDIT_SHORT_monkey-riff.html	8666	1787357923129
C:\Users\natha\OneDrive\Desktop\Boyd Clips\READY-TO-REVIEW\_old-editors\_palette.png	328909	1787373004041
C:\Users\natha\OneDrive\Desktop\Boyd Clips\READY-TO-REVIEW\_old-editors\_studio-check.png	492605	1787362153861
C:\Users\natha\OneDrive\Desktop\Boyd Clips\READY-TO-REVIEW\_old-editors\_studio-layout-check.png	455503	1787361227924
C:\Users\natha\OneDrive\Desktop\Boyd Clips\READY-TO-REVIEW\_old-editors\_sug.png	487147	1787362732192
C:\Users\natha\OneDrive\Desktop\Boyd Clips\READY-TO-REVIEW\_old-editors\playwright-scratch\console-2026-08-20T21-16-58-538Z.log	143	1787260618625
C:\Users\natha\OneDrive\Desktop\Boyd Clips\READY-TO-REVIEW\_old-editors\playwright-scratch\console-2026-08-22T01-03-23-078Z.log	143	1787360603692
C:\Users\natha\OneDrive\Desktop\Boyd Clips\READY-TO-REVIEW\_old-editors\playwright-scratch\page-2026-08-20T21-16-58-648Z.yml	35717	1787260618650
C:\Users\natha\OneDrive\Desktop\Boyd Clips\READY-TO-REVIEW\_old-editors\playwright-scratch\page-2026-08-22T01-03-23-712Z.yml	8418	1787360603713
C:\Users\natha\OneDrive\Desktop\Boyd Clips\READY-TO-REVIEW\_old-editors\playwright-scratch\page-2026-08-22T01-04-49-775Z.yml	8706	1787360689778
C:\Users\natha\OneDrive\Desktop\Boyd Clips\READY-TO-REVIEW\_old-editors\playwright-scratch\page-2026-08-22T01-11-37-645Z.yml	9915	1787361097647
C:\Users\natha\OneDrive\Desktop\Boyd Clips\READY-TO-REVIEW\_old-editors\playwright-scratch\page-2026-08-22T01-12-53-529Z.yml	9536	1787361173530
C:\Users\natha\OneDrive\Desktop\Boyd Clips\READY-TO-REVIEW\_old-editors\playwright-scratch\page-2026-08-22T01-13-29-555Z.yml	9566	1787361209558
C:\Users\natha\OneDrive\Desktop\Boyd Clips\READY-TO-REVIEW\_old-editors\pw2\console-2026-08-22T01-13-29-061Z.log	143	1787361734845
C:\Users\natha\OneDrive\Desktop\Boyd Clips\READY-TO-REVIEW\_old-editors\pw2\console-2026-08-22T01-26-55-509Z.log	143	1787362033286
C:\Users\natha\OneDrive\Desktop\Boyd Clips\READY-TO-REVIEW\_old-editors\pw2\console-2026-08-22T01-27-53-869Z.log	286	1787362092032
C:\Users\natha\OneDrive\Desktop\Boyd Clips\READY-TO-REVIEW\_old-editors\pw2\console-2026-08-22T01-28-37-985Z.log	143	1787362136103
C:\Users\natha\OneDrive\Desktop\Boyd Clips\READY-TO-REVIEW\_old-editors\pw2\page-2026-08-22T01-24-41-023Z.yml	9779	1787361881024
C:\Users\natha\OneDrive\Desktop\Boyd Clips\READY-TO-REVIEW\_old-editors\pw2\page-2026-08-22T01-26-55-938Z.yml	8801	1787362015940
C:\Users\natha\OneDrive\Desktop\Boyd Clips\READY-TO-REVIEW\_old-editors\pw2\page-2026-08-22T01-27-53-926Z.yml	8801	1787362073928
C:\Users\natha\OneDrive\Desktop\Boyd Clips\READY-TO-REVIEW\_old-editors\pw2\page-2026-08-22T01-28-38-046Z.yml	8801	1787362118047
C:\Users\natha\OneDrive\Desktop\Boyd Clips\READY-TO-REVIEW\_old-editors\pw3\page-2026-08-22T01-31-00-815Z.yml	9375	1787362260816
C:\Users\natha\OneDrive\Desktop\Boyd Clips\READY-TO-REVIEW\_old-editors\pw4\console-2026-08-22T01-38-04-408Z.log	235	1787362698803
C:\Users\natha\OneDrive\Desktop\Boyd Clips\READY-TO-REVIEW\_old-editors\pw4\page-2026-08-22T01-38-04-473Z.yml	13771	1787362684474
C:\Users\natha\OneDrive\Desktop\Boyd Clips\READY-TO-REVIEW\_old-editors\pw4\page-2026-08-22T01-38-41-627Z.yml	13771	1787362721629
C:\Users\natha\OneDrive\Desktop\Boyd Clips\READY-TO-REVIEW\_old-editors\pw5\console-2026-08-22T01-38-41-565Z.log	143	1787363188489
C:\Users\natha\OneDrive\Desktop\Boyd Clips\READY-TO-REVIEW\_old-editors\pw5\console-2026-08-22T01-48-59-733Z.log	143	1787363358307
C:\Users\natha\OneDrive\Desktop\Boyd Clips\READY-TO-REVIEW\_old-editors\pw5\page-2026-08-22T01-48-59-801Z.yml	15742	1787363339802
C:\Users\natha\OneDrive\Desktop\Boyd Clips\READY-TO-REVIEW\_old-editors\pw6\console-2026-08-22T04-17-19-133Z.log	286	1787372243808
C:\Users\natha\OneDrive\Desktop\Boyd Clips\READY-TO-REVIEW\_old-editors\pw6\console-2026-08-22T04-17-58-192Z.log	143	1787372281512
C:\Users\natha\OneDrive\Desktop\Boyd Clips\READY-TO-REVIEW\_old-editors\pw6\console-2026-08-22T04-19-00-491Z.log	143	1787372349256
C:\Users\natha\OneDrive\Desktop\Boyd Clips\READY-TO-REVIEW\_old-editors\pw6\page-2026-08-22T04-17-19-280Z.yml	13226	1787372239281
C:\Users\natha\OneDrive\Desktop\Boyd Clips\READY-TO-REVIEW\_old-editors\pw6\page-2026-08-22T04-17-58-251Z.yml	13614	1787372278253
C:\Users\natha\OneDrive\Desktop\Boyd Clips\READY-TO-REVIEW\_old-editors\pw6\page-2026-08-22T04-19-00-555Z.yml	13831	1787372340558
C:\Users\natha\OneDrive\Desktop\Boyd Clips\READY-TO-REVIEW\_old-editors\pw7\console-2026-08-22T04-20-47-385Z.log	143	1787372461909
C:\Users\natha\OneDrive\Desktop\Boyd Clips\READY-TO-REVIEW\_old-editors\pw7\page-2026-08-22T04-20-47-446Z.yml	13831	1787372447447
C:\Users\natha\OneDrive\Desktop\Boyd Clips\READY-TO-REVIEW\_old-editors\pw8\page-2026-08-22T04-26-58-401Z.yml	14019	1787372818403
C:\Users\natha\OneDrive\Desktop\Boyd Clips\READY-TO-REVIEW\_old-editors\pw8\page-2026-08-22T04-29-20-448Z.yml	14019	1787372960450
C:\Users\natha\OneDrive\Desktop\Boyd Clips\READY-TO-REVIEW\_old-editors\pw9\console-2026-08-22T04-45-08-083Z.log	143	1787373908199
C:\Users\natha\OneDrive\Desktop\Boyd Clips\READY-TO-REVIEW\_old-editors\pw9\page-2026-08-22T04-34-47-979Z.yml	16168	1787373287981
C:\Users\natha\OneDrive\Desktop\Boyd Clips\READY-TO-REVIEW\_old-editors\pw9\page-2026-08-22T04-43-20-788Z.yml	16217	1787373800790
C:\Users\natha\OneDrive\Desktop\Boyd Clips\READY-TO-REVIEW\_old-editors\pw9\page-2026-08-22T04-45-08-220Z.yml	13960	1787373908223
C:\Users\natha\OneDrive\Desktop\Boyd Clips\READY-TO-REVIEW\_old-editors\pw9\page-2026-08-22T04-47-59-396Z.yml	15970	1787374079397
C:\Users\natha\OneDrive\Desktop\Boyd Clips\READY-TO-REVIEW\_old-editors\pw9\page-2026-08-22T04-48-45-386Z.yml	14124	1787374125388
C:\Users\natha\OneDrive\Desktop\Boyd Clips\READY-TO-REVIEW\_old-editors\pw9\page-2026-08-22T04-49-13-829Z.yml	14124	1787374153831
C:\Users\natha\OneDrive\Desktop\Boyd Clips\READY-TO-REVIEW\spidermonkeyshort_CAPTIONED.mp4	169242328	1787425950852
C:\Users\natha\OneDrive\Desktop\Boyd Clips\READY-TO-REVIEW\spidermonkeyshort_FINAL.mp4	213424273	1787428931939
C:\Users\natha\OneDrive\Desktop\Boyd Clips\READY-TO-REVIEW\verify_sheet.png	1459363	1787344803360
C:\Users\natha\OneDrive\Desktop\Boyd Clips\THEMES\1-graphite.png	333422	1787373321339
C:\Users\natha\OneDrive\Desktop\Boyd Clips\THEMES\2-midnight.png	341085	1787373328094
C:\Users\natha\OneDrive\Desktop\Boyd Clips\THEMES\3-ember.png	339691	1787373334589
C:\Users\natha\OneDrive\Desktop\Boyd Clips\THEMES\4-studio.png	342114	1787373342555
C:\Users\natha\OneDrive\Desktop\Boyd Clips\THEMES\5-paper.png	342106	1787373350724
C:\Users\natha\OneDrive\Desktop\Boyd Clips\THEMES\ALL-THEMES.png	1715982	1787373366594
C:\Users\natha\OneDrive\Desktop\Boyd Clips\THEMES\SETTINGS.png	398133	1787374165224
C:\Users\natha\OneDrive\Desktop\Boyd Clips\VERTICAL-FULL\VERTICAL_2023-11-16_Ewwnbi.map.json	207	1787421723198
C:\Users\natha\OneDrive\Desktop\Boyd Clips\VERTICAL-FULL\VERTICAL_2023-11-16_Ewwnbi.mp4	376377724	1787421719530
C:\Users\natha\OneDrive\Desktop\Boyd Clips\VERTICAL-FULL\VERTICAL_2024-06-20_VaTsQz.map.json	206	1787421864752
C:\Users\natha\OneDrive\Desktop\Boyd Clips\VERTICAL-FULL\VERTICAL_2024-06-20_VaTsQz.mp4	312268828	1787421861820
C:\Users\natha\OneDrive\Desktop\Boyd Clips\VERTICAL-FULL\VERTICAL_2024-08-22_g8D85A.map.json	208	1787421966475
C:\Users\natha\OneDrive\Desktop\Boyd Clips\VERTICAL-FULL\VERTICAL_2024-08-22_g8D85A.mp4	228806237	1787421964053
C:\Users\natha\OneDrive\Desktop\Boyd Clips\VERTICAL-FULL\VERTICAL_2025-04-16_cxApCV.map.json	206	1787422122333
C:\Users\natha\OneDrive\Desktop\Boyd Clips\VERTICAL-FULL\VERTICAL_2025-04-16_cxApCV.mp4	402581895	1787422118555
C:\Users\natha\OneDrive\Desktop\Boyd Clips\VERTICAL-FULL\VERTICAL_2025-07-14_2XkPnv.map.json	207	1787421391218
C:\Users\natha\OneDrive\Desktop\Boyd Clips\VERTICAL-FULL\VERTICAL_2025-07-14_2XkPnv.mp4	478519947	1787421391193
C:\Users\natha\OneDrive\Desktop\Boyd Clips\VERTICAL-FULL\VERTICAL_2025-07-16_3FMy2K.map.json	205	1787422226293
C:\Users\natha\OneDrive\Desktop\Boyd Clips\VERTICAL-FULL\VERTICAL_2025-07-16_3FMy2K.mp4	312172383	1787422223101
C:\Users\natha\OneDrive\Desktop\Boyd Clips\VERTICAL-FULL\VERTICAL_2025-07-31_l19Ijv.map.json	208	1787422305541
C:\Users\natha\OneDrive\Desktop\Boyd Clips\VERTICAL-FULL\VERTICAL_2025-07-31_l19Ijv.mp4	216890800	1787422303246
C:\Users\natha\OneDrive\Desktop\Boyd Clips\VERTICAL-FULL\VERTICAL_2025-09-25_-4WiCe.map.json	205	1787422705482
C:\Users\natha\OneDrive\Desktop\Boyd Clips\VERTICAL-FULL\VERTICAL_2025-09-25_-4WiCe.mp4	203643505	1787422702657
C:\Users\natha\OneDrive\Desktop\Boyd Clips\VERTICAL-FULL\VERTICAL_2025-10-06_QfKjHJ.map.json	207	1787422529769
C:\Users\natha\OneDrive\Desktop\Boyd Clips\VERTICAL-FULL\VERTICAL_2025-10-06_QfKjHJ.mp4	443276482	1787422525649
C:\Users\natha\OneDrive\Desktop\Boyd Clips\VERTICAL-FULL\VERTICAL_2026-07-21_XiWwYF.map.json	208	1787422607935
C:\Users\natha\OneDrive\Desktop\Boyd Clips\VERTICAL-FULL\VERTICAL_2026-07-21_XiWwYF.mp4	277833744	1787422605472
C:\Users\natha\OneDrive\Desktop\Boyd Clips\VERTICAL-FULL\_progress.txt	1434	1787422607997
C:\Users\natha\OneDrive\Desktop\Boyd Clips\WINNER_on_dark.png	111684	1787989276314
C:\Users\natha\OneDrive\Desktop\Boyd Clips\WINNER_on_green.png	113165	1787989276306
C:\Users\natha\OneDrive\Desktop\Boyd Clips\_retired_2026-08-18\01_McCaskill_smell_like_marijuana.jpg	220950	1787033108184
C:\Users\natha\OneDrive\Desktop\Boyd Clips\_retired_2026-08-18\01_McCaskill_smell_like_marijuana.mp4	81001675	1787033067531
C:\Users\natha\OneDrive\Desktop\Boyd Clips\_retired_2026-08-18\01_McCaskill_smell_like_marijuana_SHORT.mp4	22664808	1787033092042
C:\Users\natha\OneDrive\Desktop\Boyd Clips\_retired_2026-08-18\02_JoeGarcia_2yrs.jpg	221575	1787033304179
C:\Users\natha\OneDrive\Desktop\Boyd Clips\_retired_2026-08-18\02_JoeGarcia_2yrs.mp4	62540854	1787033265370
C:\Users\natha\OneDrive\Desktop\Boyd Clips\_retired_2026-08-18\02_JoeGarcia_2yrs_SHORT.mp4	14357962	1787033287916
C:\Users\natha\OneDrive\Desktop\Boyd Clips\_retired_2026-08-18\03_McCaskill.jpg	223740	1787030992046
C:\Users\natha\OneDrive\Desktop\Boyd Clips\_retired_2026-08-18\03_Terry_71yo.jpg	239312	1787033432696
C:\Users\natha\OneDrive\Desktop\Boyd Clips\_retired_2026-08-18\03_Terry_71yo.mp4	63198702	1787033394785
C:\Users\natha\OneDrive\Desktop\Boyd Clips\_retired_2026-08-18\03_Terry_71yo_SHORT.mp4	26396167	1787033417008
C:\Users\natha\OneDrive\Desktop\Boyd Clips\_retired_2026-08-18\04_Aguilar_5yrs.jpg	245845	1787030992088
C:\Users\natha\OneDrive\Desktop\Boyd Clips\_retired_2026-08-18\04_DiamondGarcia.jpg	253565	1787033548930
C:\Users\natha\OneDrive\Desktop\Boyd Clips\_retired_2026-08-18\04_DiamondGarcia.mp4	73447554	1787033507670
C:\Users\natha\OneDrive\Desktop\Boyd Clips\_retired_2026-08-18\04_DiamondGarcia_SHORT.mp4	23837454	1787033532605
C:\Users\natha\OneDrive\Desktop\Boyd Clips\_retired_2026-08-18\05_Aguilar_5yrs.jpg	250385	1787033672304
C:\Users\natha\OneDrive\Desktop\Boyd Clips\_retired_2026-08-18\05_Aguilar_5yrs.mp4	53686013	1787033636133
C:\Users\natha\OneDrive\Desktop\Boyd Clips\_retired_2026-08-18\05_Aguilar_5yrs_SHORT.mp4	18541587	1787033656431
C:\Users\natha\OneDrive\Desktop\Boyd Clips\_retired_2026-08-18\05_Garcia_cuffed.jpg	227544	1787030992131
C:\Users\natha\OneDrive\Desktop\Boyd Clips\_retired_2026-08-18\05_Wilson_1.4TB.jpg	243128	1787030992172
C:\Users\natha\OneDrive\Desktop\Boyd Clips\_retired_2026-08-18\06_Carvajal_4th_revoke.jpg	257518	1787030992214
C:\Users\natha\OneDrive\Desktop\Boyd Clips\_retired_2026-08-18\06_Wilson_1.4TB.jpg	241944	1787033808524
C:\Users\natha\OneDrive\Desktop\Boyd Clips\_retired_2026-08-18\06_Wilson_1.4TB.mp4	48585318	1787033773435
C:\Users\natha\OneDrive\Desktop\Boyd Clips\_retired_2026-08-18\06_Wilson_1.4TB_SHORT.mp4	23719555	1787033793083
C:\Users\natha\OneDrive\Desktop\Boyd Clips\_retired_2026-08-18\07_Carvajal_4th_revoke.jpg	162068	1787034040185
C:\Users\natha\OneDrive\Desktop\Boyd Clips\_retired_2026-08-18\07_Carvajal_4th_revoke.mp4	243855177	1787033958037
C:\Users\natha\OneDrive\Desktop\Boyd Clips\_retired_2026-08-18\07_Carvajal_4th_revoke_SHORT.mp4	6606455	1787034024918
C:\Users\natha\OneDrive\Desktop\Boyd Clips\_retired_2026-08-18\07_DiamondGarcia.jpg	257518	1787030992257
C:\Users\natha\OneDrive\Desktop\Boyd Clips\_retired_2026-08-18\08_Escobar_wrong_charge.jpg	216670	1787034201080
C:\Users\natha\OneDrive\Desktop\Boyd Clips\_retired_2026-08-18\08_Escobar_wrong_charge.mp4	127162226	1787034155746
C:\Users\natha\OneDrive\Desktop\Boyd Clips\_retired_2026-08-18\08_Escobar_wrong_charge_SHORT.mp4	17319165	1787034183716
C:\Users\natha\OneDrive\Desktop\Boyd Clips\_retired_2026-08-18\09_Ganal_custody.jpg	234275	1787034397536
C:\Users\natha\OneDrive\Desktop\Boyd Clips\_retired_2026-08-18\09_Ganal_custody.mp4	126951613	1787034337075
C:\Users\natha\OneDrive\Desktop\Boyd Clips\_retired_2026-08-18\09_Ganal_custody_SHORT.mp4	18538095	1787034377912
C:\Users\natha\OneDrive\Desktop\Boyd Clips\_retired_2026-08-18\10_Almazan_felony_DWI.jpg	243618	1787031369280
C:\Users\natha\OneDrive\Desktop\Boyd Clips\_retired_2026-08-18\10_Almazan_felony_DWI.mp4	69684120	1787031336830
C:\Users\natha\OneDrive\Desktop\Boyd Clips\_retired_2026-08-18\10_Almazan_felony_DWI_SHORT.mp4	14364787	1787031346543
C:\Users\natha\OneDrive\Desktop\Boyd Clips\_retired_2026-08-18\10_ChrisGarcia.jpg	243618	1787031369280
C:\Users\natha\OneDrive\Desktop\Boyd Clips\_retired_2026-08-18\10_ChrisGarcia.mp4	69684120	1787031336830
C:\Users\natha\OneDrive\Desktop\Boyd Clips\_retired_2026-08-18\10_ChrisGarcia_SHORT.mp4	14364787	1787031346543
C:\Users\natha\OneDrive\Desktop\Boyd Clips\boyd-READY-TO-POST.png	1327218	1786853115336
C:\Users\natha\OneDrive\Desktop\Boyd Clips\boyd-brand\CASTILLO_FINAL.mp4	174735334	1786697298282
C:\Users\natha\OneDrive\Desktop\Boyd Clips\boyd-brand\CASTILLO_FINAL.srt	23855	1786697298302
C:\Users\natha\OneDrive\Desktop\Boyd Clips\boyd-brand\MOTION_TEST.mp4	1053254	1786698013221
C:\Users\natha\OneDrive\Desktop\Boyd Clips\boyd-brand\banner_01_mark.png	49362	1786488815247
C:\Users\natha\OneDrive\Desktop\Boyd Clips\boyd-brand\banner_02_wordmark.png	41685	1786488815287
C:\Users\natha\OneDrive\Desktop\Boyd Clips\boyd-brand\banner_03_tagline.png	45063	1786488815327
C:\Users\natha\OneDrive\Desktop\Boyd Clips\boyd-brand\banner_04_rule.png	42514	1786488815365
C:\Users\natha\OneDrive\Desktop\Boyd Clips\boyd-brand\castillo_FULL_sheet.png	1178313	1786677800991
C:\Users\natha\OneDrive\Desktop\Boyd Clips\boyd-brand\castillo_cards.png	650159	1786527685502
C:\Users\natha\OneDrive\Desktop\Boyd Clips\boyd-brand\castillo_ending.png	200183	1786692759101
C:\Users\natha\OneDrive\Desktop\Boyd Clips\boyd-brand\final_ending.png	74966	1786694528462
C:\Users\natha\OneDrive\Desktop\Boyd Clips\boyd-brand\final_realdocs.png	529014	1786697298169
C:\Users\natha\OneDrive\Desktop\Boyd Clips\boyd-brand\final_structure.png	524977	1786694497262
C:\Users\natha\OneDrive\Desktop\Boyd Clips\boyd-brand\gavel_AB_synth_then_real.wav	239194	1786505748225
C:\Users\natha\OneDrive\Desktop\Boyd Clips\boyd-brand\gavel_contact.png	21189	1786503690868
C:\Users\natha\OneDrive\Desktop\Boyd Clips\boyd-brand\logo_transparent.png	106873	1786488815216
C:\Users\natha\OneDrive\Desktop\Boyd Clips\boyd-brand\motion_test.png	369083	1786697991170
C:\Users\natha\OneDrive\Desktop\Boyd Clips\boyd-brand\mute_check.png	657819	1786691818223
C:\Users\natha\OneDrive\Desktop\Boyd Clips\boyd-brand\news_cards.png	479977	1786693933368
C:\Users\natha\OneDrive\Desktop\Boyd Clips\boyd-brand\real_docs.png	353287	1786696749305
C:\Users\natha\OneDrive\Desktop\Boyd Clips\boyd-brand\safe_01_mark.png	36150	1786488815254
C:\Users\natha\OneDrive\Desktop\Boyd Clips\boyd-brand\safe_02_wordmark.png	29234	1786488815294
C:\Users\natha\OneDrive\Desktop\Boyd Clips\boyd-brand\safe_03_tagline.png	32412	1786488815333
C:\Users\natha\OneDrive\Desktop\Boyd Clips\boyd-brand\safe_04_rule.png	29993	1786488815372
C:\Users\natha\OneDrive\Desktop\Boyd Clips\boyd-brand\split_check.png	68057	1786503291293
C:\Users\natha\OneDrive\Desktop\Boyd Clips\boyd-brand\sting.mp4	515084	1786494634987
C:\Users\natha\OneDrive\Desktop\Boyd Clips\boyd-brand\sting_OLD_then_NEW.mp4	49904	1786506658505
C:\Users\natha\OneDrive\Desktop\Boyd Clips\boyd-brand\sting_alpha_prores4444.mov	7208968	1786494635825
C:\Users\natha\OneDrive\Desktop\Boyd Clips\boyd-brand\sting_contact_sheet.png	610990	1786494851957
C:\Users\natha\OneDrive\Desktop\Boyd Clips\boyd-brand\sting_contact_sheet_beats.png	633390	1786494852720
C:\Users\natha\OneDrive\Desktop\Boyd Clips\boyd-brand\sting_gavel.gif	159657	1786503961923
C:\Users\natha\OneDrive\Desktop\Boyd Clips\boyd-brand\sting_gavel.mp4	175348	1786503961128
C:\Users\natha\OneDrive\Desktop\Boyd Clips\boyd-brand\sting_gavel_SLOW.mp4	76093	1786503961501
C:\Users\natha\OneDrive\Desktop\Boyd Clips\boyd-brand\sting_v2.gif	703292	1786506658243
C:\Users\natha\OneDrive\Desktop\Boyd Clips\boyd-brand\sting_v2.mp4	401174	1786506657244
C:\Users\natha\OneDrive\Desktop\Boyd Clips\boyd-brand\sting_v2_SLOW.mp4	245730	1786506657651
C:\Users\natha\OneDrive\Desktop\Boyd Clips\boyd-brand\sting_v2_beats.png	68737	1786506531959
C:\Users\natha\OneDrive\Desktop\Boyd Clips\boyd-brand\variants_preview.png	120445	1786488815601
C:\Users\natha\OneDrive\Desktop\Boyd Clips\boyd-brand\watermarks\preview_both.png	49022	1786503350521
C:\Users\natha\OneDrive\Desktop\Boyd Clips\boyd-brand\watermarks\preview_on_dark.png	26768	1786503350325
C:\Users\natha\OneDrive\Desktop\Boyd Clips\boyd-brand\watermarks\preview_on_light.png	22393	1786503350338
C:\Users\natha\OneDrive\Desktop\Boyd Clips\boyd-brand\watermarks\wm_01_mark_light.png	27175	1786503350246
C:\Users\natha\OneDrive\Desktop\Boyd Clips\boyd-brand\watermarks\wm_01_mark_light_55.png	26395	1786503350249
C:\Users\natha\OneDrive\Desktop\Boyd Clips\boyd-brand\watermarks\wm_02_mark_dark.png	23228	1786503350260
C:\Users\natha\OneDrive\Desktop\Boyd Clips\boyd-brand\watermarks\wm_02_mark_dark_55.png	21967	1786503350263
C:\Users\natha\OneDrive\Desktop\Boyd Clips\boyd-brand\watermarks\wm_03_lockup_light.png	33347	1786503350276
C:\Users\natha\OneDrive\Desktop\Boyd Clips\boyd-brand\watermarks\wm_03_lockup_light_55.png	32896	1786503350280
C:\Users\natha\OneDrive\Desktop\Boyd Clips\boyd-brand\watermarks\wm_04_lockup_dark.png	27406	1786503350293
C:\Users\natha\OneDrive\Desktop\Boyd Clips\boyd-brand\watermarks\wm_04_lockup_dark_55.png	26877	1786503350298
C:\Users\natha\OneDrive\Desktop\Boyd Clips\boyd-brand\watermarks\wm_05_mark_mono_white.png	21888	1786503350308
C:\Users\natha\OneDrive\Desktop\Boyd Clips\boyd-brand\watermarks\wm_05_mark_mono_white_55.png	20882	1786503350311
C:\Users\natha\OneDrive\Desktop\Boyd Clips\boyd-brand\watermarks_v2\PV_1_letterbox_corner.png	75724	1786505025432
C:\Users\natha\OneDrive\Desktop\Boyd Clips\boyd-brand\watermarks_v2\PV_2_stress_bright.png	353061	1786505025482
C:\Users\natha\OneDrive\Desktop\Boyd Clips\boyd-brand\watermarks_v2\PV_3_short.png	1433444	1786505025938
C:\Users\natha\OneDrive\Desktop\Boyd Clips\boyd-brand\watermarks_v2\preview_corner_0.png	16143	1786504959105
C:\Users\natha\OneDrive\Desktop\Boyd Clips\boyd-brand\watermarks_v2\preview_corner_1.png	16143	1786504959370
C:\Users\natha\OneDrive\Desktop\Boyd Clips\boyd-brand\watermarks_v2\preview_footage_0.png	771518	1786504959044
C:\Users\natha\OneDrive\Desktop\Boyd Clips\boyd-brand\watermarks_v2\preview_footage_1.png	771653	1786504959305
C:\Users\natha\OneDrive\Desktop\Boyd Clips\boyd-brand\watermarks_v2\wm_brand_30.png	7457	1786504958409
C:\Users\natha\OneDrive\Desktop\Boyd Clips\boyd-brand\watermarks_v2\wm_brand_40.png	7639	1786504958416
C:\Users\natha\OneDrive\Desktop\Boyd Clips\boyd-brand\watermarks_v2\wm_brand_55.png	7745	1786504958423
C:\Users\natha\OneDrive\Desktop\Boyd Clips\boyd-brand\watermarks_v2\wm_brand_halo_30.png	8226	1786504958442
C:\Users\natha\OneDrive\Desktop\Boyd Clips\boyd-brand\watermarks_v2\wm_brand_halo_40.png	8478	1786504958449
C:\Users\natha\OneDrive\Desktop\Boyd Clips\boyd-brand\watermarks_v2\wm_brand_halo_55.png	8626	1786504958456
C:\Users\natha\OneDrive\Desktop\Boyd Clips\boyd-brand\watermarks_v2\wm_mono_30.png	3094	1786504958463
C:\Users\natha\OneDrive\Desktop\Boyd Clips\boyd-brand\watermarks_v2\wm_mono_40.png	3354	1786504958470
C:\Users\natha\OneDrive\Desktop\Boyd Clips\boyd-brand\watermarks_v2\wm_mono_55.png	3657	1786504958477
C:\Users\natha\OneDrive\Desktop\Boyd Clips\boyd-brand\watermarks_v2\wm_mono_halo_30.png	6243	1786504958496
C:\Users\natha\OneDrive\Desktop\Boyd Clips\boyd-brand\watermarks_v2\wm_mono_halo_40.png	6597	1786504958503
C:\Users\natha\OneDrive\Desktop\Boyd Clips\boyd-brand\watermarks_v2\wm_mono_halo_55.png	6764	1786504958510
C:\Users\natha\OneDrive\Desktop\Boyd Clips\boyd-grade\compare.png	473995	1786349903987
C:\Users\natha\OneDrive\Desktop\Boyd Clips\boyd-grade\hard.png	996238	1786350151957
C:\Users\natha\OneDrive\Desktop\Boyd Clips\boyd-grade\ladder.png	653341	1786350151937
C:\Users\natha\OneDrive\Desktop\Boyd Clips\boyd-grade\medium.png	1001675	1786350151951
C:\Users\natha\OneDrive\Desktop\Boyd Clips\boyd-grade\naive.png	903432	1786349904008
C:\Users\natha\OneDrive\Desktop\Boyd Clips\boyd-grade\orig.png	925343	1786349903995
C:\Users\natha\OneDrive\Desktop\Boyd Clips\boyd-grade\rolloff2.png	997793	1786349904001
C:\Users\natha\OneDrive\Desktop\Boyd Clips\boyd-grade\soft.png	1003655	1786350151944
C:\Users\natha\OneDrive\Desktop\Boyd Clips\boyd-grade\warm.png	314909	1786350306390
C:\Users\natha\OneDrive\Desktop\Boyd Clips\boyd-longform\almaguer-felony-dwi-13min.mp4	190193774	1786438719269
C:\Users\natha\OneDrive\Desktop\Boyd Clips\boyd-longform\almaguer-felony-dwi-13min.txt	2160	1786438719294
C:\Users\natha\OneDrive\Desktop\Boyd Clips\boyd-longform\chapters.txt	578	1786405879707
C:\Users\natha\OneDrive\Desktop\Boyd Clips\boyd-longform\five-moments-compilation-11min.mp4	136767877	1786410114571
C:\Users\natha\OneDrive\Desktop\Boyd Clips\boyd-longform\mckinnus-new-attorney-1min.mp4	10866819	1786438719321
C:\Users\natha\OneDrive\Desktop\Boyd Clips\boyd-moments\01_guns-are-not-toys.ass	21391	1786404584779
C:\Users\natha\OneDrive\Desktop\Boyd Clips\boyd-moments\01_guns-are-not-toys.mp4	12777458	1786404591221
C:\Users\natha\OneDrive\Desktop\Boyd Clips\boyd-moments\01_guns-are-not-toys.txt	139	1786404591351
C:\Users\natha\OneDrive\Desktop\Boyd Clips\boyd-moments\02_you-could-have-killed-somebody.ass	19984	1786404685829
C:\Users\natha\OneDrive\Desktop\Boyd Clips\boyd-moments\02_you-could-have-killed-somebody.mp4	15452450	1786404692754
C:\Users\natha\OneDrive\Desktop\Boyd Clips\boyd-moments\02_you-could-have-killed-somebody.txt	144	1786404692862
C:\Users\natha\OneDrive\Desktop\Boyd Clips\boyd-moments\03_legally-an-adult.ass	19663	1786404759261
C:\Users\natha\OneDrive\Desktop\Boyd Clips\boyd-moments\03_legally-an-adult.mp4	10702688	1786404764985
C:\Users\natha\OneDrive\Desktop\Boyd Clips\boyd-moments\03_legally-an-adult.txt	140	1786404765090
C:\Users\natha\OneDrive\Desktop\Boyd Clips\boyd-moments\04_marijuana-cigarette.ass	29709	1786404848452
C:\Users\natha\OneDrive\Desktop\Boyd Clips\boyd-moments\04_marijuana-cigarette.mp4	27704133	1786404857816
C:\Users\natha\OneDrive\Desktop\Boyd Clips\boyd-moments\04_marijuana-cigarette.txt	147	1786404857924
C:\Users\natha\OneDrive\Desktop\Boyd Clips\boyd-moments\05_batman-could-beat-anybody.ass	19372	1786404921400
C:\Users\natha\OneDrive\Desktop\Boyd Clips\boyd-moments\05_batman-could-beat-anybody.mp4	16282321	1786404928531
C:\Users\natha\OneDrive\Desktop\Boyd Clips\boyd-moments\05_batman-could-beat-anybody.txt	134	1786404928639
C:\Users\natha\OneDrive\Desktop\Boyd Clips\boyd-moments\almaguer-dwi-short-PIPELINE.mp4	13344795	1786439355640
C:\Users\natha\OneDrive\Desktop\Boyd Clips\boyd-moments\avatar.png	58001	1786486737390
C:\Users\natha\OneDrive\Desktop\Boyd Clips\boyd-moments\banner.png	325595	1786486737397
C:\Users\natha\OneDrive\Desktop\Boyd Clips\boyd-moments\banner_current.png	1555	1786486574242
C:\Users\natha\OneDrive\Desktop\Boyd Clips\boyd-moments\batman-could-beat-anybody-glow.ass	26884	1786410052304
C:\Users\natha\OneDrive\Desktop\Boyd Clips\boyd-moments\batman-could-beat-anybody-glow.mp4	15327154	1786410058866
C:\Users\natha\OneDrive\Desktop\Boyd Clips\boyd-moments\batman-could-beat-anybody-glow.txt	283	1786410058974
C:\Users\natha\OneDrive\Desktop\Boyd Clips\boyd-moments\candidates.jpg	147332	1786478357468
C:\Users\natha\OneDrive\Desktop\Boyd Clips\boyd-moments\cannot-drink-and-know-when-to-stop-glow.ass	32070	1786439592212
C:\Users\natha\OneDrive\Desktop\Boyd Clips\boyd-moments\cannot-drink-and-know-when-to-stop-glow.mp4	19782904	1786439600126
C:\Users\natha\OneDrive\Desktop\Boyd Clips\boyd-moments\cannot-drink-and-know-when-to-stop-glow.txt	228	1786439600288
C:\Users\natha\OneDrive\Desktop\Boyd Clips\boyd-moments\capstyles.png	87255	1786407321636
C:\Users\natha\OneDrive\Desktop\Boyd Clips\boyd-moments\codec_compare.png	434328	1786484806961
C:\Users\natha\OneDrive\Desktop\Boyd Clips\boyd-moments\competitor-thumbnails.jpg	415138	1786421650474
C:\Users\natha\OneDrive\Desktop\Boyd Clips\boyd-moments\could-have-killed-somebody-glow.ass	30493	1786409803032
C:\Users\natha\OneDrive\Desktop\Boyd Clips\boyd-moments\could-have-killed-somebody-glow.mp4	15662617	1786409810465
C:\Users\natha\OneDrive\Desktop\Boyd Clips\boyd-moments\could-have-killed-somebody-glow.txt	277	1786409810579
C:\Users\natha\OneDrive\Desktop\Boyd Clips\boyd-moments\fontfinal.png	175231	1786408080851
C:\Users\natha\OneDrive\Desktop\Boyd Clips\boyd-moments\fonts.png	88940	1786406900725
C:\Users\natha\OneDrive\Desktop\Boyd Clips\boyd-moments\guns-Anton.mp4	12996485	1786408055792
C:\Users\natha\OneDrive\Desktop\Boyd Clips\boyd-moments\guns-BebasNeue.mp4	13056359	1786408066335
C:\Users\natha\OneDrive\Desktop\Boyd Clips\boyd-moments\guns-are-not-toys-UPLOAD.mp4	7141078	1786415466842
C:\Users\natha\OneDrive\Desktop\Boyd Clips\boyd-moments\guns-are-not-toys-glow.ass	30769	1786409705512
C:\Users\natha\OneDrive\Desktop\Boyd Clips\boyd-moments\guns-are-not-toys-glow.mp4	12683404	1786409714942
C:\Users\natha\OneDrive\Desktop\Boyd Clips\boyd-moments\guns-are-not-toys-glow.txt	217	1786409715190
C:\Users\natha\OneDrive\Desktop\Boyd Clips\boyd-moments\guns-are-not-toys-keyword.ass	22538	1786407266418
C:\Users\natha\OneDrive\Desktop\Boyd Clips\boyd-moments\guns-are-not-toys-keyword.mp4	12792116	1786407275944
C:\Users\natha\OneDrive\Desktop\Boyd Clips\boyd-moments\guns-are-not-toys-keyword.txt	217	1786407276215
C:\Users\natha\OneDrive\Desktop\Boyd Clips\boyd-moments\guns-are-not-toys-plain.ass	22538	1786407256227
C:\Users\natha\OneDrive\Desktop\Boyd Clips\boyd-moments\guns-are-not-toys-plain.mp4	12758208	1786407265778
C:\Users\natha\OneDrive\Desktop\Boyd Clips\boyd-moments\guns-are-not-toys-plain.txt	217	1786407266046
C:\Users\natha\OneDrive\Desktop\Boyd Clips\boyd-moments\guns-are-not-toys.ass	20432	1786406637093
C:\Users\natha\OneDrive\Desktop\Boyd Clips\boyd-moments\guns-are-not-toys.mp4	12758208	1786406646574
C:\Users\natha\OneDrive\Desktop\Boyd Clips\boyd-moments\guns-are-not-toys.txt	217	1786406646861
C:\Users\natha\OneDrive\Desktop\Boyd Clips\boyd-moments\guns-glow-104pt.mp4	13125706	1786407513703
C:\Users\natha\OneDrive\Desktop\Boyd Clips\boyd-moments\guns-glow-118pt.mp4	13211536	1786407524433
C:\Users\natha\OneDrive\Desktop\Boyd Clips\boyd-moments\legally-an-adult-glow.ass	40211	1786409883053
C:\Users\natha\OneDrive\Desktop\Boyd Clips\boyd-moments\legally-an-adult-glow.mp4	14764055	1786409895718
C:\Users\natha\OneDrive\Desktop\Boyd Clips\boyd-moments\legally-an-adult-glow.txt	253	1786409896141
C:\Users\natha\OneDrive\Desktop\Boyd Clips\boyd-moments\marijuana-cigarette-glow.ass	50849	1786409979184
C:\Users\natha\OneDrive\Desktop\Boyd Clips\boyd-moments\marijuana-cigarette-glow.mp4	29710522	1786409993703
C:\Users\natha\OneDrive\Desktop\Boyd Clips\boyd-moments\marijuana-cigarette-glow.txt	255	1786409994023
C:\Users\natha\OneDrive\Desktop\Boyd Clips\boyd-moments\sizes.png	109980	1786407525205
C:\Users\natha\OneDrive\Desktop\Boyd Clips\castillo_FINAL.mp4	276442693	1786691134266
C:\Users\natha\OneDrive\Desktop\Boyd Clips\castillo_FINAL.srt	25232	1786691134282
C:\Users\natha\OneDrive\Desktop\Boyd Clips\castillo_FULL.mp4	28906177	1786600442143
C:\Users\natha\OneDrive\Desktop\Boyd Clips\castillo_FULL.srt	4610	1786600442175
C:\Users\natha\OneDrive\Desktop\Boyd Clips\castillo_open.mp4	1050662	1786593931465
C:\Users\natha\OneDrive\Desktop\Boyd Clips\thumb-detail-tests\delivery_scale_compare.png	584323	1787987646584
C:\Users\natha\OneDrive\Desktop\Boyd Clips\thumb-detail-tests\face_compare.png	1217793	1787987452795
C:\Users\natha\Projects\boyd-clips\.gitattributes	265	1786332149500
C:\Users\natha\Projects\boyd-clips\.gitignore	1155	1787156677422
C:\Users\natha\Projects\boyd-clips\CLAUDE.md	4124	1787247675507
C:\Users\natha\Projects\boyd-clips\GATES.md	4983	1787997421744
C:\Users\natha\Projects\boyd-clips\HANDOVER-2026-08-23.md	4648	1787493218078
C:\Users\natha\Projects\boyd-clips\NUL	0	1786596156250
C:\Users\natha\Projects\boyd-clips\README.md	8325	1787247692490
C:\Users\natha\Projects\boyd-clips\STATE.md	29834	1787995527795
C:\Users\natha\Projects\boyd-clips\_bangers.ps1	2255	1787031015567
C:\Users\natha\Projects\boyd-clips\_batch.ps1	1122	1787017478888
C:\Users\natha\Projects\boyd-clips\_ctbeats.py	2559	1787038916028
C:\Users\natha\Projects\boyd-clips\_cthits.py	876	1787038940946
C:\Users\natha\Projects\boyd-clips\_ctopen.py	336	1787038863442
C:\Users\natha\Projects\boyd-clips\_ctpick.py	636	1787038587834
C:\Users\natha\Projects\boyd-clips\_ctsubs.py	1044	1787038608472
C:\Users\natha\Projects\boyd-clips\_ctvo.py	1387	1787039019016
C:\Users\natha\Projects\boyd-clips\_final.ps1	1099	1787033178850
C:\Users\natha\Projects\boyd-clips\_render_pair.ps1	455	1786984192325
C:\Users\natha\Projects\boyd-clips\_renders.cmd	439	1787016975433
C:\Users\natha\Projects\boyd-clips\_restyle.ps1	1101	1787032155606
C:\Users\natha\Projects\boyd-clips\_subs.err	0	1787038680031
C:\Users\natha\Projects\boyd-clips\_subs.log	3355	1787038742626
C:\Users\natha\Projects\boyd-clips\_vtt2txt.py	1741	1787038704341
C:\Users\natha\Projects\boyd-clips\assets\ecapa\classifier.ckpt	5534328	1787032795457
C:\Users\natha\Projects\boyd-clips\assets\ecapa\embedding_model.ckpt	83316686	1787032794029
C:\Users\natha\Projects\boyd-clips\assets\ecapa\hyperparams.yaml	1919	1787032787813
C:\Users\natha\Projects\boyd-clips\assets\ecapa\label_encoder.ckpt	128619	1787032795573
C:\Users\natha\Projects\boyd-clips\assets\ecapa\mean_var_norm_emb.ckpt	1921	1787032794215
C:\Users\natha\Projects\boyd-clips\assets\fonts\Anton-Regular.ttf	170812	1786407960791
C:\Users\natha\Projects\boyd-clips\assets\fonts\Archivo-Var.ttf	658596	1786407972323
C:\Users\natha\Projects\boyd-clips\assets\fonts\BebasNeue-Regular.ttf	61400	1786407961024
C:\Users\natha\Projects\boyd-clips\assets\fonts\Montserrat-Var.ttf	744936	1786407971943
C:\Users\natha\Projects\boyd-clips\assets\fonts\Oswald-Var.ttf	172088	1786407972861
C:\Users\natha\Projects\boyd-clips\assets\fonts\TTTHeadline-Regular.ttf	120204	1787972557298
C:\Users\natha\Projects\boyd-clips\assets\models\4xNomosWebPhoto_RealPLKSR.pth	29683482	1787987689711
C:\Users\natha\Projects\boyd-clips\assets\models\LICENCES.md	1705	1787987689759
C:\Users\natha\Projects\boyd-clips\assets\models\realesr-general-x4v3.pth	4885111	1787987689634
C:\Users\natha\Projects\boyd-clips\assets\sfx\MANIFEST.json	1414	1786505730656
C:\Users\natha\Projects\boyd-clips\assets\sfx\child.xml	630	1786505675178
C:\Users\natha\Projects\boyd-clips\assets\sfx\clean\gavel_1blow.wav	30634	1786505730255
C:\Users\natha\Projects\boyd-clips\assets\sfx\clean\gavel_2blow.wav	66446	1786505730166
C:\Users\natha\Projects\boyd-clips\assets\sfx\clean\gavel_3blow.wav	111538	1786505730340
C:\Users\natha\Projects\boyd-clips\assets\sfx\clean\whoosh_a.wav	85256	1786505730430
C:\Users\natha\Projects\boyd-clips\assets\sfx\clean\whoosh_b.wav	87836	1786505730515
C:\Users\natha\Projects\boyd-clips\assets\sfx\clean\whoosh_c.wav	35922	1786505730597
C:\Users\natha\Projects\boyd-clips\assets\sfx\raw\gavel_1588.mp3	15588	1786505598428
C:\Users\natha\Projects\boyd-clips\assets\sfx\raw\gavel_1588.wav	30634	1786505631652
C:\Users\natha\Projects\boyd-clips\assets\sfx\raw\gavel_1589.mp3	30948	1786505598813
C:\Users\natha\Projects\boyd-clips\assets\sfx\raw\gavel_1589.wav	66446	1786505631688
C:\Users\natha\Projects\boyd-clips\assets\sfx\raw\gavel_1590.mp3	49188	1786505599651
C:\Users\natha\Projects\boyd-clips\assets\sfx\raw\gavel_1590.wav	111538	1786505631723
C:\Users\natha\Projects\boyd-clips\assets\sfx\raw\p.html	35324	1786505613023
C:\Users\natha\Projects\boyd-clips\assets\sfx\raw\whoosh_1795.mp3	39588	1786505689662
C:\Users\natha\Projects\boyd-clips\assets\sfx\raw\whoosh_1795.wav	87836	1786505707339
C:\Users\natha\Projects\boyd-clips\assets\sfx\raw\whoosh_1796.mp3	44388	1786505689864
C:\Users\natha\Projects\boyd-clips\assets\sfx\raw\whoosh_1796.wav	99604	1786505707370
C:\Users\natha\Projects\boyd-clips\assets\sfx\raw\whoosh_1797.mp3	24228	1786505690123
C:\Users\natha\Projects\boyd-clips\assets\sfx\raw\whoosh_1797.wav	51608	1786505707401
C:\Users\natha\Projects\boyd-clips\assets\sfx\raw\whoosh_1798.mp3	21348	1786505690328
C:\Users\natha\Projects\boyd-clips\assets\sfx\raw\whoosh_1798.wav	44336	1786505707428
C:\Users\natha\Projects\boyd-clips\assets\sfx\raw\whoosh_1799.mp3	24228	1786505690525
C:\Users\natha\Projects\boyd-clips\assets\sfx\raw\whoosh_1799.wav	49724	1786505707457
C:\Users\natha\Projects\boyd-clips\assets\sfx\raw\whoosh_1800.mp3	38628	1786505690741
C:\Users\natha\Projects\boyd-clips\assets\sfx\raw\whoosh_1800.wav	85256	1786505707486
C:\Users\natha\Projects\boyd-clips\assets\sfx\raw\whoosh_1801.mp3	35748	1786505691082
C:\Users\natha\Projects\boyd-clips\assets\sfx\raw\whoosh_1801.wav	77432	1786505707516
C:\Users\natha\Projects\boyd-clips\assets\sfx\raw\whoosh_1802.mp3	18468	1786505691279
C:\Users\natha\Projects\boyd-clips\assets\sfx\raw\whoosh_1802.wav	35922	1786505707546
C:\Users\natha\Projects\boyd-clips\assets\sfx\s2.html	13463	1786505646166
C:\Users\natha\Projects\boyd-clips\assets\sfx\s_swoosh.html	37962	1786505645390
C:\Users\natha\Projects\boyd-clips\assets\sfx\s_whoosh.html	37962	1786505644557
C:\Users\natha\Projects\boyd-clips\assets\sfx\sm.xml	355	1786505673143
C:\Users\natha\Projects\boyd-clips\build_A_NOTEXT.py	6249	1787976230973
C:\Users\natha\Projects\boyd-clips\config\.env.example	765	1786330688592
C:\Users\natha\Projects\boyd-clips\config\cases.json	1420	1787997263232
C:\Users\natha\Projects\boyd-clips\config\pipeline.yaml	30090	1787306692639
C:\Users\natha\Projects\boyd-clips\ct_an.py	1108	1787038030620
C:\Users\natha\Projects\boyd-clips\ct_an2.py	3210	1787038068198
C:\Users\natha\Projects\boyd-clips\ct_an3.py	3503	1787038112242
C:\Users\natha\Projects\boyd-clips\ct_an4.py	2712	1787038223334
C:\Users\natha\Projects\boyd-clips\ct_an5.py	1544	1787038259206
C:\Users\natha\Projects\boyd-clips\ct_compact.tsv	12829	1787038005898
C:\Users\natha\Projects\boyd-clips\ct_dump.py	727	1787037993782
C:\Users\natha\Projects\boyd-clips\ct_fetch.py	1579	1787037648862
C:\Users\natha\Projects\boyd-clips\ct_flat.txt	57973	1787037655821
C:\Users\natha\Projects\boyd-clips\ct_meta.jsonl	376196	1787037904097
C:\Users\natha\Projects\boyd-clips\ct_meta2.jsonl	0	1787038003050
C:\Users\natha\Projects\boyd-clips\ct_retry.py	1417	1787037989811
C:\Users\natha\Projects\boyd-clips\docs\archive\POST-IT-YOURSELF.md	10560	1787247614868
C:\Users\natha\Projects\boyd-clips\docs\archive\SCOREBOARD.md	2766	1786421282458
C:\Users\natha\Projects\boyd-clips\docs\reference\LONGFORM-ANTIPATTERNS.md	41811	1786521716690
C:\Users\natha\Projects\boyd-clips\docs\reference\SOURCING.md	48107	1786522412648
C:\Users\natha\Projects\boyd-clips\docs\reference\brief.txt	32898	1787061951423
C:\Users\natha\Projects\boyd-clips\judge.err	0	1787068611084
C:\Users\natha\Projects\boyd-clips\judge.log	5179	1787069209019
C:\Users\natha\Projects\boyd-clips\mm.txt	27950	1787067919569
C:\Users\natha\Projects\boyd-clips\models\face_detection_yunet_2026may.onnx	131	1787499490264
C:\Users\natha\Projects\boyd-clips\models\yunet.onnx	229738	1787499503610
C:\Users\natha\Projects\boyd-clips\models\yunet2023.onnx	232589	1787499504146
C:\Users\natha\Projects\boyd-clips\moment1.err	1443	1787119521457
C:\Users\natha\Projects\boyd-clips\moment1.log	368	1787119521461
C:\Users\natha\Projects\boyd-clips\moments.txt	19482	1787066703216
C:\Users\natha\Projects\boyd-clips\oncam.err	0	1787046533327
C:\Users\natha\Projects\boyd-clips\oncam.log	1406	1787046649978
C:\Users\natha\Projects\boyd-clips\phrases.txt	23052	1787067411251
C:\Users\natha\Projects\boyd-clips\picks.err	0	1787063417880
C:\Users\natha\Projects\boyd-clips\picks.log	13351	1787063570093
C:\Users\natha\Projects\boyd-clips\probe2.err	0	1787049903540
C:\Users\natha\Projects\boyd-clips\probe2.log	378	1787050031682
C:\Users\natha\Projects\boyd-clips\pyproject.toml	570	1786330694588
C:\Users\natha\Projects\boyd-clips\requirements.txt	767	1787050739236
C:\Users\natha\Projects\boyd-clips\rescore.err	11389	1787049825587
C:\Users\natha\Projects\boyd-clips\rescore.log	0	1787047619571
C:\Users\natha\Projects\boyd-clips\research\THUMBNAIL-MEASURED-2026-08-23.md	134065	1787499743163
C:\Users\natha\Projects\boyd-clips\research\blender\BLENDER-CAPABILITY.md	38133	1786493727995
C:\Users\natha\Projects\boyd-clips\research\blender\STING-SPEC.md	27951	1786937661348
C:\Users\natha\Projects\boyd-clips\research\blender\build_sting_audio.py	6353	1786506588519
C:\Users\natha\Projects\boyd-clips\research\blender\elements\T1.png	13357	1786503291071
C:\Users\natha\Projects\boyd-clips\research\blender\elements\T2.png	13221	1786503291074
C:\Users\natha\Projects\boyd-clips\research\blender\elements\T3.png	13357	1786503349981
C:\Users\natha\Projects\boyd-clips\research\blender\elements\manifest.json	635	1786937698726
C:\Users\natha\Projects\boyd-clips\research\blender\elements\split_check.png	68057	1786503291254
C:\Users\natha\Projects\boyd-clips\research\blender\elements\star.png	34415	1786503291083
C:\Users\natha\Projects\boyd-clips\research\blender\gen_gavel_audio.py	3478	1786503404647
C:\Users\natha\Projects\boyd-clips\research\blender\graphics\GRAPHICS-SPEC.md	24328	1786524146448
C:\Users\natha\Projects\boyd-clips\research\blender\graphics\alpha_verify.py	6621	1786523669658
C:\Users\natha\Projects\boyd-clips\research\blender\graphics\bakeoff_blender.py	3121	1786523372695
C:\Users\natha\Projects\boyd-clips\research\blender\graphics\bakeoff_ffmpeg.py	7427	1786523532016
C:\Users\natha\Projects\boyd-clips\research\blender\graphics\bakeoff_measure.py	5483	1786523591020
C:\Users\natha\Projects\boyd-clips\research\blender\graphics\bakeoff_pil.py	4844	1786523532016
C:\Users\natha\Projects\boyd-clips\research\blender\graphics\bakeoff_spec.py	2884	1786523128824
C:\Users\natha\Projects\boyd-clips\research\blender\graphics\boyd_gfx.py	27882	1786522767983
C:\Users\natha\Projects\boyd-clips\research\blender\graphics\fonts_static\Archivo-Bold.ttf	121496	1786521437481
C:\Users\natha\Projects\boyd-clips\research\blender\graphics\fonts_static\Archivo-Medium.ttf	121652	1786521437155
C:\Users\natha\Projects\boyd-clips\research\blender\graphics\fonts_static\Archivo-Regular.ttf	121608	1786521436797
C:\Users\natha\Projects\boyd-clips\research\blender\graphics\fonts_static\Archivo-SemiCond-SemiBold.ttf	121344	1786521437838
C:\Users\natha\Projects\boyd-clips\research\blender\graphics\fonts_static\Montserrat-Bold.ttf	374724	1786521446297
C:\Users\natha\Projects\boyd-clips\research\blender\graphics\fonts_static\Montserrat-Medium.ttf	374412	1786521441966
C:\Users\natha\Projects\boyd-clips\research\blender\graphics\fonts_static\Oswald-Bold.ttf	89036	1786521447500
C:\Users\natha\Projects\boyd-clips\research\blender\graphics\fonts_static\Oswald-Medium.ttf	89000	1786521447128
C:\Users\natha\Projects\boyd-clips\research\blender\graphics\fonts_static\Oswald-Regular.ttf	88680	1786521446625
C:\Users\natha\Projects\boyd-clips\research\blender\graphics\gfx_fact_panel.py	7934	1786522650044
C:\Users\natha\Projects\boyd-clips\research\blender\graphics\gfx_lower_third.py	6695	1786522434421
C:\Users\natha\Projects\boyd-clips\research\blender\graphics\gfx_quote_card.py	6173	1786523032756
C:\Users\natha\Projects\boyd-clips\research\blender\graphics\gfx_verdict_card.py	5931	1786522849898
C:\Users\natha\Projects\boyd-clips\research\blender\graphics\make_static_fonts.py	3439	1786521432532
C:\Users\natha\Projects\boyd-clips\research\blender\graphics\measure.py	4270	1786521307925
C:\Users\natha\Projects\boyd-clips\research\blender\graphics\metrics.json	25161	1786521477990
C:\Users\natha\Projects\boyd-clips\research\blender\graphics\probe_00.py	9539	1786521243648
C:\Users\natha\Projects\boyd-clips\research\blender\graphics\probe_01_fonts.py	3543	1786521472292
C:\Users\natha\Projects\boyd-clips\research\blender\graphics\probe_02_curves.py	1303	1786521951636
C:\Users\natha\Projects\boyd-clips\research\blender\graphics\probe_03_mask.py	1004	1786522001933
C:\Users\natha\Projects\boyd-clips\research\blender\graphics\probe_04_z.py	829	1786522314178
C:\Users\natha\Projects\boyd-clips\research\blender\graphics\renders\ALL-DELIVERABLES.png	291119	1786524166381
C:\Users\natha\Projects\boyd-clips\research\blender\graphics\renders\alpha\bg.png	8718	1786523669869
C:\Users\natha\Projects\boyd-clips\research\blender\graphics\renders\alpha\composite_test.mp4	6308701	1786523671455
C:\Users\natha\Projects\boyd-clips\research\blender\graphics\renders\alpha\composited.png	54495	1786523669941
C:\Users\natha\Projects\boyd-clips\research\blender\graphics\renders\alpha_zoom.png	23034	1786523684091
C:\Users\natha\Projects\boyd-clips\research\blender\graphics\renders\bakeoff_blender\f_0001.png	443338	1786523381777
C:\Users\natha\Projects\boyd-clips\research\blender\graphics\renders\bakeoff_blender\f_0002.png	443338	1786523381966
C:\Users\natha\Projects\boyd-clips\research\blender\graphics\renders\bakeoff_blender\f_0003.png	460379	1786523382145
C:\Users\natha\Projects\boyd-clips\research\blender\graphics\renders\bakeoff_blender\f_0004.png	469056	1786523382327
C:\Users\natha\Projects\boyd-clips\research\blender\graphics\renders\bakeoff_blender\f_0005.png	472197	1786523382504
C:\Users\natha\Projects\boyd-clips\research\blender\graphics\renders\bakeoff_blender\f_0006.png	480336	1786523382684
C:\Users\natha\Projects\boyd-clips\research\blender\graphics\renders\bakeoff_blender\f_0007.png	487076	1786523382861
C:\Users\natha\Projects\boyd-clips\research\blender\graphics\renders\bakeoff_blender\f_0008.png	490307	1786523383051
C:\Users\natha\Projects\boyd-clips\research\blender\graphics\renders\bakeoff_blender\f_0009.png	492723	1786523383236
C:\Users\natha\Projects\boyd-clips\research\blender\graphics\renders\bakeoff_blender\f_0010.png	493358	1786523383416
C:\Users\natha\Projects\boyd-clips\research\blender\graphics\renders\bakeoff_blender\f_0011.png	500638	1786523383600
C:\Users\natha\Projects\boyd-clips\research\blender\graphics\renders\bakeoff_blender\f_0012.png	505326	1786523383782
C:\Users\natha\Projects\boyd-clips\research\blender\graphics\renders\bakeoff_blender\f_0013.png	508717	1786523383971
C:\Users\natha\Projects\boyd-clips\research\blender\graphics\renders\bakeoff_blender\f_0014.png	510564	1786523384159
C:\Users\natha\Projects\boyd-clips\research\blender\graphics\renders\bakeoff_blender\f_0015.png	511217	1786523384340
C:\Users\natha\Projects\boyd-clips\research\blender\graphics\renders\bakeoff_blender\f_0016.png	511634	1786523384521
C:\Users\natha\Projects\boyd-clips\research\blender\graphics\renders\bakeoff_blender\f_0017.png	511293	1786523384704
C:\Users\natha\Projects\boyd-clips\research\blender\graphics\renders\bakeoff_blender\f_0018.png	511293	1786523384897
C:\Users\natha\Projects\boyd-clips\research\blender\graphics\renders\bakeoff_blender\f_0019.png	511293	1786523385080
C:\Users\natha\Projects\boyd-clips\research\blender\graphics\renders\bakeoff_blender\f_0020.png	511293	1786523385264
C:\Users\natha\Projects\boyd-clips\research\blender\graphics\renders\bakeoff_blender\f_0021.png	511293	1786523385446
C:\Users\natha\Projects\boyd-clips\research\blender\graphics\renders\bakeoff_blender\f_0022.png	511293	1786523385626
C:\Users\natha\Projects\boyd-clips\research\blender\graphics\renders\bakeoff_blender\f_0023.png	511293	1786523385808
C:\Users\natha\Projects\boyd-clips\research\blender\graphics\renders\bakeoff_blender\f_0024.png	511293	1786523385997
C:\Users\natha\Projects\boyd-clips\research\blender\graphics\renders\bakeoff_blender\f_0025.png	511293	1786523386176
C:\Users\natha\Projects\boyd-clips\research\blender\graphics\renders\bakeoff_blender\f_0026.png	511293	1786523386355
C:\Users\natha\Projects\boyd-clips\research\blender\graphics\renders\bakeoff_blender\f_0027.png	511293	1786523386535
C:\Users\natha\Projects\boyd-clips\research\blender\graphics\renders\bakeoff_blender\f_0028.png	511293	1786523386718
C:\Users\natha\Projects\boyd-clips\research\blender\graphics\renders\bakeoff_blender\f_0029.png	511293	1786523386902
C:\Users\natha\Projects\boyd-clips\research\blender\graphics\renders\bakeoff_blender\f_0030.png	511293	1786523387081
C:\Users\natha\Projects\boyd-clips\research\blender\graphics\renders\bakeoff_blender\f_0031.png	511293	1786523387260
C:\Users\natha\Projects\boyd-clips\research\blender\graphics\renders\bakeoff_blender\f_0032.png	511293	1786523387440
C:\Users\natha\Projects\boyd-clips\research\blender\graphics\renders\bakeoff_blender\f_0033.png	511293	1786523387617
C:\Users\natha\Projects\boyd-clips\research\blender\graphics\renders\bakeoff_blender\f_0034.png	511293	1786523387799
C:\Users\natha\Projects\boyd-clips\research\blender\graphics\renders\bakeoff_blender\f_0035.png	511293	1786523387979
C:\Users\natha\Projects\boyd-clips\research\blender\graphics\renders\bakeoff_blender\f_0036.png	511293	1786523388162
C:\Users\natha\Projects\boyd-clips\research\blender\graphics\renders\bakeoff_blender\f_0037.png	511293	1786523388340
C:\Users\natha\Projects\boyd-clips\research\blender\graphics\renders\bakeoff_blender\f_0038.png	511293	1786523388523
C:\Users\natha\Projects\boyd-clips\research\blender\graphics\renders\bakeoff_blender\f_0039.png	511293	1786523388706
C:\Users\natha\Projects\boyd-clips\research\blender\graphics\renders\bakeoff_blender\f_0040.png	511293	1786523388888
C:\Users\natha\Projects\boyd-clips\research\blender\graphics\renders\bakeoff_blender\f_0041.png	511293	1786523389068
C:\Users\natha\Projects\boyd-clips\research\blender\graphics\renders\bakeoff_blender\f_0042.png	511293	1786523389251
C:\Users\natha\Projects\boyd-clips\research\blender\graphics\renders\bakeoff_blender\f_0043.png	511293	1786523389433
C:\Users\natha\Projects\boyd-clips\research\blender\graphics\renders\bakeoff_blender\f_0044.png	511293	1786523389614
C:\Users\natha\Projects\boyd-clips\research\blender\graphics\renders\bakeoff_blender\f_0045.png	511293	1786523389791
C:\Users\natha\Projects\boyd-clips\research\blender\graphics\renders\bakeoff_blender\f_0046.png	511293	1786523389969
C:\Users\natha\Projects\boyd-clips\research\blender\graphics\renders\bakeoff_blender\f_0047.png	511293	1786523390147
C:\Users\natha\Projects\boyd-clips\research\blender\graphics\renders\bakeoff_blender\f_0048.png	511293	1786523390328
C:\Users\natha\Projects\boyd-clips\research\blender\graphics\renders\bakeoff_blender\f_0049.png	511293	1786523390512
C:\Users\natha\Projects\boyd-clips\research\blender\graphics\renders\bakeoff_blender\f_0050.png	511293	1786523390690
C:\Users\natha\Projects\boyd-clips\research\blender\graphics\renders\bakeoff_blender\f_0051.png	511293	1786523390870
C:\Users\natha\Projects\boyd-clips\research\blender\graphics\renders\bakeoff_blender\f_0052.png	511293	1786523391048
C:\Users\natha\Projects\boyd-clips\research\blender\graphics\renders\bakeoff_blender\f_0053.png	511293	1786523391241
C:\Users\natha\Projects\boyd-clips\research\blender\graphics\renders\bakeoff_blender\f_0054.png	511293	1786523391419
C:\Users\natha\Projects\boyd-clips\research\blender\graphics\renders\bakeoff_blender\f_0055.png	511293	1786523391599
C:\Users\natha\Projects\boyd-clips\research\blender\graphics\renders\bakeoff_blender\f_0056.png	511293	1786523391779
C:\Users\natha\Projects\boyd-clips\research\blender\graphics\renders\bakeoff_blender\f_0057.png	511293	1786523391961
C:\Users\natha\Projects\boyd-clips\research\blender\graphics\renders\bakeoff_blender\f_0058.png	511293	1786523392143
C:\Users\natha\Projects\boyd-clips\research\blender\graphics\renders\bakeoff_blender\f_0059.png	511293	1786523392331
C:\Users\natha\Projects\boyd-clips\research\blender\graphics\renders\bakeoff_blender\f_0060.png	511293	1786523392507
C:\Users\natha\Projects\boyd-clips\research\blender\graphics\renders\bakeoff_blender\f_0061.png	511293	1786523392689
C:\Users\natha\Projects\boyd-clips\research\blender\graphics\renders\bakeoff_blender\f_0062.png	511293	1786523392873
C:\Users\natha\Projects\boyd-clips\research\blender\graphics\renders\bakeoff_blender\f_0063.png	511293	1786523393054
C:\Users\natha\Projects\boyd-clips\research\blender\graphics\renders\bakeoff_blender\f_0064.png	511293	1786523393240
C:\Users\natha\Projects\boyd-clips\research\blender\graphics\renders\bakeoff_blender\f_0065.png	511293	1786523393428
C:\Users\natha\Projects\boyd-clips\research\blender\graphics\renders\bakeoff_blender\f_0066.png	511293	1786523393612
C:\Users\natha\Projects\boyd-clips\research\blender\graphics\renders\bakeoff_blender\f_0067.png	511293	1786523393794
C:\Users\natha\Projects\boyd-clips\research\blender\graphics\renders\bakeoff_blender\f_0068.png	511293	1786523393970
C:\Users\natha\Projects\boyd-clips\research\blender\graphics\renders\bakeoff_blender\f_0069.png	511293	1786523394146
C:\Users\natha\Projects\boyd-clips\research\blender\graphics\renders\bakeoff_blender\f_0070.png	511293	1786523394326
C:\Users\natha\Projects\boyd-clips\research\blender\graphics\renders\bakeoff_blender\f_0071.png	511293	1786523394503
C:\Users\natha\Projects\boyd-clips\research\blender\graphics\renders\bakeoff_blender\f_0072.png	511293	1786523394686
C:\Users\natha\Projects\boyd-clips\research\blender\graphics\renders\bakeoff_blender\f_0073.png	511293	1786523394867
C:\Users\natha\Projects\boyd-clips\research\blender\graphics\renders\bakeoff_blender\f_0074.png	511293	1786523395047
C:\Users\natha\Projects\boyd-clips\research\blender\graphics\renders\bakeoff_blender\f_0075.png	511293	1786523395223
C:\Users\natha\Projects\boyd-clips\research\blender\graphics\renders\bakeoff_blender\f_0076.png	511293	1786523395398
C:\Users\natha\Projects\boyd-clips\research\blender\graphics\renders\bakeoff_blender\f_0077.png	511293	1786523395575
C:\Users\natha\Projects\boyd-clips\research\blender\graphics\renders\bakeoff_blender\f_0078.png	511293	1786523395755
C:\Users\natha\Projects\boyd-clips\research\blender\graphics\renders\bakeoff_blender\f_0079.png	511293	1786523395935
C:\Users\natha\Projects\boyd-clips\research\blender\graphics\renders\bakeoff_blender\f_0080.png	511293	1786523396117
C:\Users\natha\Projects\boyd-clips\research\blender\graphics\renders\bakeoff_blender\f_0081.png	511293	1786523396295
C:\Users\natha\Projects\boyd-clips\research\blender\graphics\renders\bakeoff_blender\f_0082.png	511293	1786523396473
C:\Users\natha\Projects\boyd-clips\research\blender\graphics\renders\bakeoff_blender\f_0083.png	511293	1786523396652
C:\Users\natha\Projects\boyd-clips\research\blender\graphics\renders\bakeoff_blender\f_0084.png	511293	1786523396835
C:\Users\natha\Projects\boyd-clips\research\blender\graphics\renders\bakeoff_blender\f_0085.png	511293	1786523397009
C:\Users\natha\Projects\boyd-clips\research\blender\graphics\renders\bakeoff_blender\f_0086.png	511293	1786523397187
C:\Users\natha\Projects\boyd-clips\research\blender\graphics\renders\bakeoff_blender\f_0087.png	511293	1786523397374
C:\Users\natha\Projects\boyd-clips\research\blender\graphics\renders\bakeoff_blender\f_0088.png	511293	1786523397549
C:\Users\natha\Projects\boyd-clips\research\blender\graphics\renders\bakeoff_blender\f_0089.png	511293	1786523397728
C:\Users\natha\Projects\boyd-clips\research\blender\graphics\renders\bakeoff_blender\f_0090.png	511293	1786523397910
C:\Users\natha\Projects\boyd-clips\research\blender\graphics\renders\bakeoff_blender\f_0091.png	511293	1786523398091
C:\Users\natha\Projects\boyd-clips\research\blender\graphics\renders\bakeoff_blender\f_0092.png	511293	1786523398267
C:\Users\natha\Projects\boyd-clips\research\blender\graphics\renders\bakeoff_blender\f_0093.png	511293	1786523398446
C:\Users\natha\Projects\boyd-clips\research\blender\graphics\renders\bakeoff_blender\f_0094.png	511293	1786523398627
C:\Users\natha\Projects\boyd-clips\research\blender\graphics\renders\bakeoff_blender\f_0095.png	511293	1786523398804
C:\Users\natha\Projects\boyd-clips\research\blender\graphics\renders\bakeoff_blender\f_0096.png	511293	1786523398980
C:\Users\natha\Projects\boyd-clips\research\blender\graphics\renders\bakeoff_blender\f_0097.png	511293	1786523399154
C:\Users\natha\Projects\boyd-clips\research\blender\graphics\renders\bakeoff_blender\f_0098.png	511293	1786523399332
C:\Users\natha\Projects\boyd-clips\research\blender\graphics\renders\bakeoff_blender\f_0099.png	511293	1786523399496
C:\Users\natha\Projects\boyd-clips\research\blender\graphics\renders\bakeoff_blender\f_0100.png	511293	1786523399648
C:\Users\natha\Projects\boyd-clips\research\blender\graphics\renders\bakeoff_blender\f_0101.png	511293	1786523399796
C:\Users\natha\Projects\boyd-clips\research\blender\graphics\renders\bakeoff_blender\f_0102.png	511293	1786523399942
C:\Users\natha\Projects\boyd-clips\research\blender\graphics\renders\bakeoff_blender\f_0103.png	511293	1786523400093
C:\Users\natha\Projects\boyd-clips\research\blender\graphics\renders\bakeoff_blender\f_0104.png	511293	1786523400239
C:\Users\natha\Projects\boyd-clips\research\blender\graphics\renders\bakeoff_blender\f_0105.png	511293	1786523400386
C:\Users\natha\Projects\boyd-clips\research\blender\graphics\renders\bakeoff_blender\f_0106.png	511293	1786523400532
C:\Users\natha\Projects\boyd-clips\research\blender\graphics\renders\bakeoff_blender\f_0107.png	511293	1786523400676
C:\Users\natha\Projects\boyd-clips\research\blender\graphics\renders\bakeoff_blender\f_0108.png	511293	1786523400820
C:\Users\natha\Projects\boyd-clips\research\blender\graphics\renders\bakeoff_blender\f_0109.png	511293	1786523400964
C:\Users\natha\Projects\boyd-clips\research\blender\graphics\renders\bakeoff_blender\f_0110.png	511293	1786523401110
C:\Users\natha\Projects\boyd-clips\research\blender\graphics\renders\bakeoff_blender\f_0111.png	511293	1786523401257
C:\Users\natha\Projects\boyd-clips\research\blender\graphics\renders\bakeoff_blender\f_0112.png	511293	1786523401422
C:\Users\natha\Projects\boyd-clips\research\blender\graphics\renders\bakeoff_blender\f_0113.png	511293	1786523401570
C:\Users\natha\Projects\boyd-clips\research\blender\graphics\renders\bakeoff_blender\f_0114.png	511293	1786523401715
C:\Users\natha\Projects\boyd-clips\research\blender\graphics\renders\bakeoff_blender\f_0115.png	511293	1786523401862
C:\Users\natha\Projects\boyd-clips\research\blender\graphics\renders\bakeoff_blender\f_0116.png	511293	1786523402009
C:\Users\natha\Projects\boyd-clips\research\blender\graphics\renders\bakeoff_blender\f_0117.png	511293	1786523402157
C:\Users\natha\Projects\boyd-clips\research\blender\graphics\renders\bakeoff_blender\f_0118.png	511293	1786523402308
C:\Users\natha\Projects\boyd-clips\research\blender\graphics\renders\bakeoff_blender\f_0119.png	511293	1786523402453
C:\Users\natha\Projects\boyd-clips\research\blender\graphics\renders\bakeoff_blender\f_0120.png	506611	1786523402598
C:\Users\natha\Projects\boyd-clips\research\blender\graphics\renders\bakeoff_blender\f_0121.png	502381	1786523402746
C:\Users\natha\Projects\boyd-clips\research\blender\graphics\renders\bakeoff_blender\f_0122.png	498934	1786523402893
C:\Users\natha\Projects\boyd-clips\research\blender\graphics\renders\bakeoff_blender\f_0123.png	490688	1786523403042
C:\Users\natha\Projects\boyd-clips\research\blender\graphics\renders\bakeoff_blender\f_0124.png	483829	1786523403188
C:\Users\natha\Projects\boyd-clips\research\blender\graphics\renders\bakeoff_blender\f_0125.png	478740	1786523403334
C:\Users\natha\Projects\boyd-clips\research\blender\graphics\renders\bakeoff_blender\f_0126.png	474720	1786523403479
C:\Users\natha\Projects\boyd-clips\research\blender\graphics\renders\bakeoff_blender\f_0127.png	461066	1786523403623
C:\Users\natha\Projects\boyd-clips\research\blender\graphics\renders\bakeoff_blender\f_0128.png	453626	1786523403768
C:\Users\natha\Projects\boyd-clips\research\blender\graphics\renders\bakeoff_blender\f_0129.png	448812	1786523403914
C:\Users\natha\Projects\boyd-clips\research\blender\graphics\renders\bakeoff_blender\f_0130.png	443492	1786523404061
C:\Users\natha\Projects\boyd-clips\research\blender\graphics\renders\bakeoff_blender\f_0131.png	443338	1786523404203
C:\Users\natha\Projects\boyd-clips\research\blender\graphics\renders\bakeoff_blender\f_0132.png	443338	1786523404347
C:\Users\natha\Projects\boyd-clips\research\blender\graphics\renders\bakeoff_blender\f_0133.png	443338	1786523404489
C:\Users\natha\Projects\boyd-clips\research\blender\graphics\renders\bakeoff_blender\f_0134.png	443338	1786523404632
C:\Users\natha\Projects\boyd-clips\research\blender\graphics\renders\bakeoff_blender\f_0135.png	443338	1786523404781
C:\Users\natha\Projects\boyd-clips\research\blender\graphics\renders\bakeoff_ffmpeg\f_0001.png	10718	1786523532654
C:\Users\natha\Projects\boyd-clips\research\blender\graphics\renders\bakeoff_ffmpeg\f_0002.png	10718	1786523532811
C:\Users\natha\Projects\boyd-clips\research\blender\graphics\renders\bakeoff_ffmpeg\f_0003.png	10737	1786523532971
C:\Users\natha\Projects\boyd-clips\research\blender\graphics\renders\bakeoff_ffmpeg\f_0004.png	10741	1786523533137
C:\Users\natha\Projects\boyd-clips\research\blender\graphics\renders\bakeoff_ffmpeg\f_0005.png	10741	1786523533301
C:\Users\natha\Projects\boyd-clips\research\blender\graphics\renders\bakeoff_ffmpeg\f_0006.png	13523	1786523533473
C:\Users\natha\Projects\boyd-clips\research\blender\graphics\renders\bakeoff_ffmpeg\f_0007.png	16521	1786523533644
C:\Users\natha\Projects\boyd-clips\research\blender\graphics\renders\bakeoff_ffmpeg\f_0008.png	17971	1786523533812
C:\Users\natha\Projects\boyd-clips\research\blender\graphics\renders\bakeoff_ffmpeg\f_0009.png	18917	1786523533979
C:\Users\natha\Projects\boyd-clips\research\blender\graphics\renders\bakeoff_ffmpeg\f_0010.png	19054	1786523534155
C:\Users\natha\Projects\boyd-clips\research\blender\graphics\renders\bakeoff_ffmpeg\f_0011.png	22198	1786523534334
C:\Users\natha\Projects\boyd-clips\research\blender\graphics\renders\bakeoff_ffmpeg\f_0012.png	23916	1786523534507
C:\Users\natha\Projects\boyd-clips\research\blender\graphics\renders\bakeoff_ffmpeg\f_0013.png	24497	1786523534684
C:\Users\natha\Projects\boyd-clips\research\blender\graphics\renders\bakeoff_ffmpeg\f_0014.png	24610	1786523534859
C:\Users\natha\Projects\boyd-clips\research\blender\graphics\renders\bakeoff_ffmpeg\f_0015.png	24609	1786523535039
C:\Users\natha\Projects\boyd-clips\research\blender\graphics\renders\bakeoff_ffmpeg\f_0016.png	24610	1786523535216
C:\Users\natha\Projects\boyd-clips\research\blender\graphics\renders\bakeoff_ffmpeg\f_0017.png	24610	1786523535398
C:\Users\natha\Projects\boyd-clips\research\blender\graphics\renders\bakeoff_ffmpeg\f_0018.png	24610	1786523535579
C:\Users\natha\Projects\boyd-clips\research\blender\graphics\renders\bakeoff_ffmpeg\f_0019.png	24610	1786523535761
C:\Users\natha\Projects\boyd-clips\research\blender\graphics\renders\bakeoff_ffmpeg\f_0020.png	24610	1786523535940
C:\Users\natha\Projects\boyd-clips\research\blender\graphics\renders\bakeoff_ffmpeg\f_0021.png	24610	1786523536123
C:\Users\natha\Projects\boyd-clips\research\blender\graphics\renders\bakeoff_ffmpeg\f_0022.png	24610	1786523536301
C:\Users\natha\Projects\boyd-clips\research\blender\graphics\renders\bakeoff_ffmpeg\f_0023.png	24610	1786523536487
C:\Users\natha\Projects\boyd-clips\research\blender\graphics\renders\bakeoff_ffmpeg\f_0024.png	24610	1786523536665
C:\Users\natha\Projects\boyd-clips\research\blender\graphics\renders\bakeoff_ffmpeg\f_0025.png	24610	1786523536847
C:\Users\natha\Projects\boyd-clips\research\blender\graphics\renders\bakeoff_ffmpeg\f_0026.png	24610	1786523537027
C:\Users\natha\Projects\boyd-clips\research\blender\graphics\renders\bakeoff_ffmpeg\f_0027.png	24610	1786523537203
C:\Users\natha\Projects\boyd-clips\research\blender\graphics\renders\bakeoff_ffmpeg\f_0028.png	24610	1786523537385
C:\Users\natha\Projects\boyd-clips\research\blender\graphics\renders\bakeoff_ffmpeg\f_0029.png	24610	1786523537570
C:\Users\natha\Projects\boyd-clips\research\blender\graphics\renders\bakeoff_ffmpeg\f_0030.png	24610	1786523537753
C:\Users\natha\Projects\boyd-clips\research\blender\graphics\renders\bakeoff_ffmpeg\f_0031.png	24610	1786523537938
C:\Users\natha\Projects\boyd-clips\research\blender\graphics\renders\bakeoff_ffmpeg\f_0032.png	24610	1786523538123
C:\Users\natha\Projects\boyd-clips\research\blender\graphics\renders\bakeoff_ffmpeg\f_0033.png	24610	1786523538307
C:\Users\natha\Projects\boyd-clips\research\blender\graphics\renders\bakeoff_ffmpeg\f_0034.png	24610	1786523538487
C:\Users\natha\Projects\boyd-clips\research\blender\graphics\renders\bakeoff_ffmpeg\f_0035.png	24610	1786523538672
C:\Users\natha\Projects\boyd-clips\research\blender\graphics\renders\bakeoff_ffmpeg\f_0036.png	24610	1786523538852
C:\Users\natha\Projects\boyd-clips\research\blender\graphics\renders\bakeoff_ffmpeg\f_0037.png	24610	1786523539032
C:\Users\natha\Projects\boyd-clips\research\blender\graphics\renders\bakeoff_ffmpeg\f_0038.png	24610	1786523539210
C:\Users\natha\Projects\boyd-clips\research\blender\graphics\renders\bakeoff_ffmpeg\f_0039.png	24610	1786523539390
C:\Users\natha\Projects\boyd-clips\research\blender\graphics\renders\bakeoff_ffmpeg\f_0040.png	24610	1786523539573
C:\Users\natha\Projects\boyd-clips\research\blender\graphics\renders\bakeoff_ffmpeg\f_0041.png	24610	1786523539752
C:\Users\natha\Projects\boyd-clips\research\blender\graphics\renders\bakeoff_ffmpeg\f_0042.png	24610	1786523539930
C:\Users\natha\Projects\boyd-clips\research\blender\graphics\renders\bakeoff_ffmpeg\f_0043.png	24610	1786523540112
C:\Users\natha\Projects\boyd-clips\research\blender\graphics\renders\bakeoff_ffmpeg\f_0044.png	24610	1786523540287
C:\Users\natha\Projects\boyd-clips\research\blender\graphics\renders\bakeoff_ffmpeg\f_0045.png	24610	1786523540466
C:\Users\natha\Projects\boyd-clips\research\blender\graphics\renders\bakeoff_ffmpeg\f_0046.png	24610	1786523540650
C:\Users\natha\Projects\boyd-clips\research\blender\graphics\renders\bakeoff_ffmpeg\f_0047.png	24610	1786523540834
C:\Users\natha\Projects\boyd-clips\research\blender\graphics\renders\bakeoff_ffmpeg\f_0048.png	24610	1786523541011
C:\Users\natha\Projects\boyd-clips\research\blender\graphics\renders\bakeoff_ffmpeg\f_0049.png	24610	1786523541193
C:\Users\natha\Projects\boyd-clips\research\blender\graphics\renders\bakeoff_ffmpeg\f_0050.png	24610	1786523541369
C:\Users\natha\Projects\boyd-clips\research\blender\graphics\renders\bakeoff_ffmpeg\f_0051.png	24610	1786523541547
C:\Users\natha\Projects\boyd-clips\research\blender\graphics\renders\bakeoff_ffmpeg\f_0052.png	24610	1786523541725
C:\Users\natha\Projects\boyd-clips\research\blender\graphics\renders\bakeoff_ffmpeg\f_0053.png	24610	1786523541911
C:\Users\natha\Projects\boyd-clips\research\blender\graphics\renders\bakeoff_ffmpeg\f_0054.png	24610	1786523542089
C:\Users\natha\Projects\boyd-clips\research\blender\graphics\renders\bakeoff_ffmpeg\f_0055.png	24610	1786523542269
C:\Users\natha\Projects\boyd-clips\research\blender\graphics\renders\bakeoff_ffmpeg\f_0056.png	24610	1786523542450
C:\Users\natha\Projects\boyd-clips\research\blender\graphics\renders\bakeoff_ffmpeg\f_0057.png	24610	1786523542630
C:\Users\natha\Projects\boyd-clips\research\blender\graphics\renders\bakeoff_ffmpeg\f_0058.png	24610	1786523542812
C:\Users\natha\Projects\boyd-clips\research\blender\graphics\renders\bakeoff_ffmpeg\f_0059.png	24610	1786523542990
C:\Users\natha\Projects\boyd-clips\research\blender\graphics\renders\bakeoff_ffmpeg\f_0060.png	24610	1786523543170
C:\Users\natha\Projects\boyd-clips\research\blender\graphics\renders\bakeoff_ffmpeg\f_0061.png	24610	1786523543349
C:\Users\natha\Projects\boyd-clips\research\blender\graphics\renders\bakeoff_ffmpeg\f_0062.png	24610	1786523543530
C:\Users\natha\Projects\boyd-clips\research\blender\graphics\renders\bakeoff_ffmpeg\f_0063.png	24610	1786523543714
C:\Users\natha\Projects\boyd-clips\research\blender\graphics\renders\bakeoff_ffmpeg\f_0064.png	24610	1786523543898
C:\Users\natha\Projects\boyd-clips\research\blender\graphics\renders\bakeoff_ffmpeg\f_0065.png	24610	1786523544075
C:\Users\natha\Projects\boyd-clips\research\blender\graphics\renders\bakeoff_ffmpeg\f_0066.png	24610	1786523544259
C:\Users\natha\Projects\boyd-clips\research\blender\graphics\renders\bakeoff_ffmpeg\f_0067.png	24610	1786523544436
C:\Users\natha\Projects\boyd-clips\research\blender\graphics\renders\bakeoff_ffmpeg\f_0068.png	24610	1786523544616
C:\Users\natha\Projects\boyd-clips\research\blender\graphics\renders\bakeoff_ffmpeg\f_0069.png	24610	1786523544793
C:\Users\natha\Projects\boyd-clips\research\blender\graphics\renders\bakeoff_ffmpeg\f_0070.png	24610	1786523544971
C:\Users\natha\Projects\boyd-clips\research\blender\graphics\renders\bakeoff_ffmpeg\f_0071.png	24610	1786523545151
C:\Users\natha\Projects\boyd-clips\research\blender\graphics\renders\bakeoff_ffmpeg\f_0072.png	24610	1786523545339
C:\Users\natha\Projects\boyd-clips\research\blender\graphics\renders\bakeoff_ffmpeg\f_0073.png	24610	1786523545527
C:\Users\natha\Projects\boyd-clips\research\blender\graphics\renders\bakeoff_ffmpeg\f_0074.png	24610	1786523545701
C:\Users\natha\Projects\boyd-clips\research\blender\graphics\renders\bakeoff_ffmpeg\f_0075.png	24610	1786523545880
C:\Users\natha\Projects\boyd-clips\research\blender\graphics\renders\bakeoff_ffmpeg\f_0076.png	24610	1786523546063
C:\Users\natha\Projects\boyd-clips\research\blender\graphics\renders\bakeoff_ffmpeg\f_0077.png	24610	1786523546242
C:\Users\natha\Projects\boyd-clips\research\blender\graphics\renders\bakeoff_ffmpeg\f_0078.png	24610	1786523546424
C:\Users\natha\Projects\boyd-clips\research\blender\graphics\renders\bakeoff_ffmpeg\f_0079.png	24610	1786523546605
C:\Users\natha\Projects\boyd-clips\research\blender\graphics\renders\bakeoff_ffmpeg\f_0080.png	24610	1786523546781
C:\Users\natha\Projects\boyd-clips\research\blender\graphics\renders\bakeoff_ffmpeg\f_0081.png	24610	1786523546964
C:\Users\natha\Projects\boyd-clips\research\blender\graphics\renders\bakeoff_ffmpeg\f_0082.png	24610	1786523547147
C:\Users\natha\Projects\boyd-clips\research\blender\graphics\renders\bakeoff_ffmpeg\f_0083.png	24610	1786523547326
C:\Users\natha\Projects\boyd-clips\research\blender\graphics\renders\bakeoff_ffmpeg\f_0084.png	24610	1786523547505
C:\Users\natha\Projects\boyd-clips\research\blender\graphics\renders\bakeoff_ffmpeg\f_0085.png	24610	1786523547684
C:\Users\natha\Projects\boyd-clips\research\blender\graphics\renders\bakeoff_ffmpeg\f_0086.png	24610	1786523547863
C:\Users\natha\Projects\boyd-clips\research\blender\graphics\renders\bakeoff_ffmpeg\f_0087.png	24610	1786523548041
C:\Users\natha\Projects\boyd-clips\research\blender\graphics\renders\bakeoff_ffmpeg\f_0088.png	24610	1786523548221
C:\Users\natha\Projects\boyd-clips\research\blender\graphics\renders\bakeoff_ffmpeg\f_0089.png	24610	1786523548397
C:\Users\natha\Projects\boyd-clips\research\blender\graphics\renders\bakeoff_ffmpeg\f_0090.png	24610	1786523548580
C:\Users\natha\Projects\boyd-clips\research\blender\graphics\renders\bakeoff_ffmpeg\f_0091.png	24610	1786523548757
C:\Users\natha\Projects\boyd-clips\research\blender\graphics\renders\bakeoff_ffmpeg\f_0092.png	24610	1786523548941
C:\Users\natha\Projects\boyd-clips\research\blender\graphics\renders\bakeoff_ffmpeg\f_0093.png	24610	1786523549123
C:\Users\natha\Projects\boyd-clips\research\blender\graphics\renders\bakeoff_ffmpeg\f_0094.png	24610	1786523549303
C:\Users\natha\Projects\boyd-clips\research\blender\graphics\renders\bakeoff_ffmpeg\f_0095.png	24610	1786523549485
C:\Users\natha\Projects\boyd-clips\research\blender\graphics\renders\bakeoff_ffmpeg\f_0096.png	24610	1786523549667
C:\Users\natha\Projects\boyd-clips\research\blender\graphics\renders\bakeoff_ffmpeg\f_0097.png	24610	1786523549849
C:\Users\natha\Projects\boyd-clips\research\blender\graphics\renders\bakeoff_ffmpeg\f_0098.png	24610	1786523550026
C:\Users\natha\Projects\boyd-clips\research\blender\graphics\renders\bakeoff_ffmpeg\f_0099.png	24610	1786523550205
C:\Users\natha\Projects\boyd-clips\research\blender\graphics\renders\bakeoff_ffmpeg\f_0100.png	24610	1786523550386
C:\Users\natha\Projects\boyd-clips\research\blender\graphics\renders\bakeoff_ffmpeg\f_0101.png	24610	1786523550569
C:\Users\natha\Projects\boyd-clips\research\blender\graphics\renders\bakeoff_ffmpeg\f_0102.png	24610	1786523550752
C:\Users\natha\Projects\boyd-clips\research\blender\graphics\renders\bakeoff_ffmpeg\f_0103.png	24610	1786523550930
C:\Users\natha\Projects\boyd-clips\research\blender\graphics\renders\bakeoff_ffmpeg\f_0104.png	24610	1786523551113
C:\Users\natha\Projects\boyd-clips\research\blender\graphics\renders\bakeoff_ffmpeg\f_0105.png	24610	1786523551291
C:\Users\natha\Projects\boyd-clips\research\blender\graphics\renders\bakeoff_ffmpeg\f_0106.png	24610	1786523551471
C:\Users\natha\Projects\boyd-clips\research\blender\graphics\renders\bakeoff_ffmpeg\f_0107.png	24610	1786523551651
C:\Users\natha\Projects\boyd-clips\research\blender\graphics\renders\bakeoff_ffmpeg\f_0108.png	24610	1786523551827
C:\Users\natha\Projects\boyd-clips\research\blender\graphics\renders\bakeoff_ffmpeg\f_0109.png	24610	1786523552003
C:\Users\natha\Projects\boyd-clips\research\blender\graphics\renders\bakeoff_ffmpeg\f_0110.png	24610	1786523552179
C:\Users\natha\Projects\boyd-clips\research\blender\graphics\renders\bakeoff_ffmpeg\f_0111.png	24610	1786523552361
C:\Users\natha\Projects\boyd-clips\research\blender\graphics\renders\bakeoff_ffmpeg\f_0112.png	24610	1786523552536
C:\Users\natha\Projects\boyd-clips\research\blender\graphics\renders\bakeoff_ffmpeg\f_0113.png	24610	1786523552716
C:\Users\natha\Projects\boyd-clips\research\blender\graphics\renders\bakeoff_ffmpeg\f_0114.png	24610	1786523552899
C:\Users\natha\Projects\boyd-clips\research\blender\graphics\renders\bakeoff_ffmpeg\f_0115.png	24610	1786523553078
C:\Users\natha\Projects\boyd-clips\research\blender\graphics\renders\bakeoff_ffmpeg\f_0116.png	24610	1786523553253
C:\Users\natha\Projects\boyd-clips\research\blender\graphics\renders\bakeoff_ffmpeg\f_0117.png	24610	1786523553435
C:\Users\natha\Projects\boyd-clips\research\blender\graphics\renders\bakeoff_ffmpeg\f_0118.png	24610	1786523553605
C:\Users\natha\Projects\boyd-clips\research\blender\graphics\renders\bakeoff_ffmpeg\f_0119.png	24610	1786523553786
C:\Users\natha\Projects\boyd-clips\research\blender\graphics\renders\bakeoff_ffmpeg\f_0120.png	24335	1786523553968
C:\Users\natha\Projects\boyd-clips\research\blender\graphics\renders\bakeoff_ffmpeg\f_0121.png	22367	1786523554142
C:\Users\natha\Projects\boyd-clips\research\blender\graphics\renders\bakeoff_ffmpeg\f_0122.png	21344	1786523554318
C:\Users\natha\Projects\boyd-clips\research\blender\graphics\renders\bakeoff_ffmpeg\f_0123.png	17672	1786523554495
C:\Users\natha\Projects\boyd-clips\research\blender\graphics\renders\bakeoff_ffmpeg\f_0124.png	14703	1786523554669
C:\Users\natha\Projects\boyd-clips\research\blender\graphics\renders\bakeoff_ffmpeg\f_0125.png	12684	1786523554839
C:\Users\natha\Projects\boyd-clips\research\blender\graphics\renders\bakeoff_ffmpeg\f_0126.png	10785	1786523555013
C:\Users\natha\Projects\boyd-clips\research\blender\graphics\renders\bakeoff_ffmpeg\f_0127.png	10747	1786523555189
C:\Users\natha\Projects\boyd-clips\research\blender\graphics\renders\bakeoff_ffmpeg\f_0128.png	10748	1786523555367
C:\Users\natha\Projects\boyd-clips\research\blender\graphics\renders\bakeoff_ffmpeg\f_0129.png	10747	1786523555538
C:\Users\natha\Projects\boyd-clips\research\blender\graphics\renders\bakeoff_ffmpeg\f_0130.png	10734	1786523555714
C:\Users\natha\Projects\boyd-clips\research\blender\graphics\renders\bakeoff_ffmpeg\f_0131.png	10718	1786523555899
C:\Users\natha\Projects\boyd-clips\research\blender\graphics\renders\bakeoff_ffmpeg\f_0132.png	10718	1786523556079
C:\Users\natha\Projects\boyd-clips\research\blender\graphics\renders\bakeoff_ffmpeg\f_0133.png	10718	1786523556258
C:\Users\natha\Projects\boyd-clips\research\blender\graphics\renders\bakeoff_ffmpeg\f_0134.png	10718	1786523556440
C:\Users\natha\Projects\boyd-clips\research\blender\graphics\renders\bakeoff_ffmpeg\f_0135.png	10718	1786523556446
C:\Users\natha\Projects\boyd-clips\research\blender\graphics\renders\bakeoff_pil\f_0001.png	79305	1786523556766
C:\Users\natha\Projects\boyd-clips\research\blender\graphics\renders\bakeoff_pil\f_0002.png	79305	1786523556850
C:\Users\natha\Projects\boyd-clips\research\blender\graphics\renders\bakeoff_pil\f_0003.png	79604	1786523556934
C:\Users\natha\Projects\boyd-clips\research\blender\graphics\renders\bakeoff_pil\f_0004.png	79749	1786523557016
C:\Users\natha\Projects\boyd-clips\research\blender\graphics\renders\bakeoff_pil\f_0005.png	79804	1786523557103
C:\Users\natha\Projects\boyd-clips\research\blender\graphics\renders\bakeoff_pil\f_0006.png	82022	1786523557189
C:\Users\natha\Projects\boyd-clips\research\blender\graphics\renders\bakeoff_pil\f_0007.png	84844	1786523557272
C:\Users\natha\Projects\boyd-clips\research\blender\graphics\renders\bakeoff_pil\f_0008.png	86164	1786523557357
C:\Users\natha\Projects\boyd-clips\research\blender\graphics\renders\bakeoff_pil\f_0009.png	86875	1786523557443
C:\Users\natha\Projects\boyd-clips\research\blender\graphics\renders\bakeoff_pil\f_0010.png	86908	1786523557526
C:\Users\natha\Projects\boyd-clips\research\blender\graphics\renders\bakeoff_pil\f_0011.png	89470	1786523557612
C:\Users\natha\Projects\boyd-clips\research\blender\graphics\renders\bakeoff_pil\f_0012.png	91063	1786523557699
C:\Users\natha\Projects\boyd-clips\research\blender\graphics\renders\bakeoff_pil\f_0013.png	91650	1786523557784
C:\Users\natha\Projects\boyd-clips\research\blender\graphics\renders\bakeoff_pil\f_0014.png	91841	1786523557867
C:\Users\natha\Projects\boyd-clips\research\blender\graphics\renders\bakeoff_pil\f_0015.png	91843	1786523557952
C:\Users\natha\Projects\boyd-clips\research\blender\graphics\renders\bakeoff_pil\f_0016.png	91819	1786523558037
C:\Users\natha\Projects\boyd-clips\research\blender\graphics\renders\bakeoff_pil\f_0017.png	91815	1786523558120
C:\Users\natha\Projects\boyd-clips\research\blender\graphics\renders\bakeoff_pil\f_0018.png	91815	1786523558206
C:\Users\natha\Projects\boyd-clips\research\blender\graphics\renders\bakeoff_pil\f_0019.png	91815	1786523558292
C:\Users\natha\Projects\boyd-clips\research\blender\graphics\renders\bakeoff_pil\f_0020.png	91815	1786523558377
C:\Users\natha\Projects\boyd-clips\research\blender\graphics\renders\bakeoff_pil\f_0021.png	91815	1786523558461
C:\Users\natha\Projects\boyd-clips\research\blender\graphics\renders\bakeoff_pil\f_0022.png	91815	1786523558545
C:\Users\natha\Projects\boyd-clips\research\blender\graphics\renders\bakeoff_pil\f_0023.png	91815	1786523558634
C:\Users\natha\Projects\boyd-clips\research\blender\graphics\renders\bakeoff_pil\f_0024.png	91815	1786523558722
C:\Users\natha\Projects\boyd-clips\research\blender\graphics\renders\bakeoff_pil\f_0025.png	91815	1786523558808
C:\Users\natha\Projects\boyd-clips\research\blender\graphics\renders\bakeoff_pil\f_0026.png	91815	1786523558894
C:\Users\natha\Projects\boyd-clips\research\blender\graphics\renders\bakeoff_pil\f_0027.png	91815	1786523558981
C:\Users\natha\Projects\boyd-clips\research\blender\graphics\renders\bakeoff_pil\f_0028.png	91815	1786523559068
C:\Users\natha\Projects\boyd-clips\research\blender\graphics\renders\bakeoff_pil\f_0029.png	91815	1786523559154
C:\Users\natha\Projects\boyd-clips\research\blender\graphics\renders\bakeoff_pil\f_0030.png	91815	1786523559240
C:\Users\natha\Projects\boyd-clips\research\blender\graphics\renders\bakeoff_pil\f_0031.png	91815	1786523559326
C:\Users\natha\Projects\boyd-clips\research\blender\graphics\renders\bakeoff_pil\f_0032.png	91815	1786523559415
C:\Users\natha\Projects\boyd-clips\research\blender\graphics\renders\bakeoff_pil\f_0033.png	91815	1786523559500
C:\Users\natha\Projects\boyd-clips\research\blender\graphics\renders\bakeoff_pil\f_0034.png	91815	1786523559588
C:\Users\natha\Projects\boyd-clips\research\blender\graphics\renders\bakeoff_pil\f_0035.png	91815	1786523559675
C:\Users\natha\Projects\boyd-clips\research\blender\graphics\renders\bakeoff_pil\f_0036.png	91815	1786523559761
C:\Users\natha\Projects\boyd-clips\research\blender\graphics\renders\bakeoff_pil\f_0037.png	91815	1786523559848
C:\Users\natha\Projects\boyd-clips\research\blender\graphics\renders\bakeoff_pil\f_0038.png	91815	1786523559936
C:\Users\natha\Projects\boyd-clips\research\blender\graphics\renders\bakeoff_pil\f_0039.png	91815	1786523560023
C:\Users\natha\Projects\boyd-clips\research\blender\graphics\renders\bakeoff_pil\f_0040.png	91815	1786523560110
C:\Users\natha\Projects\boyd-clips\research\blender\graphics\renders\bakeoff_pil\f_0041.png	91815	1786523560198
C:\Users\natha\Projects\boyd-clips\research\blender\graphics\renders\bakeoff_pil\f_0042.png	91815	1786523560285
C:\Users\natha\Projects\boyd-clips\research\blender\graphics\renders\bakeoff_pil\f_0043.png	91815	1786523560370
C:\Users\natha\Projects\boyd-clips\research\blender\graphics\renders\bakeoff_pil\f_0044.png	91815	1786523560458
C:\Users\natha\Projects\boyd-clips\research\blender\graphics\renders\bakeoff_pil\f_0045.png	91815	1786523560544
C:\Users\natha\Projects\boyd-clips\research\blender\graphics\renders\bakeoff_pil\f_0046.png	91815	1786523560630
C:\Users\natha\Projects\boyd-clips\research\blender\graphics\renders\bakeoff_pil\f_0047.png	91815	1786523560721
C:\Users\natha\Projects\boyd-clips\research\blender\graphics\renders\bakeoff_pil\f_0048.png	91815	1786523560806
C:\Users\natha\Projects\boyd-clips\research\blender\graphics\renders\bakeoff_pil\f_0049.png	91815	1786523560891
C:\Users\natha\Projects\boyd-clips\research\blender\graphics\renders\bakeoff_pil\f_0050.png	91815	1786523560976
C:\Users\natha\Projects\boyd-clips\research\blender\graphics\renders\bakeoff_pil\f_0051.png	91815	1786523561057
C:\Users\natha\Projects\boyd-clips\research\blender\graphics\renders\bakeoff_pil\f_0052.png	91815	1786523561142
C:\Users\natha\Projects\boyd-clips\research\blender\graphics\renders\bakeoff_pil\f_0053.png	91815	1786523561226
C:\Users\natha\Projects\boyd-clips\research\blender\graphics\renders\bakeoff_pil\f_0054.png	91815	1786523561310
C:\Users\natha\Projects\boyd-clips\research\blender\graphics\renders\bakeoff_pil\f_0055.png	91815	1786523561393
C:\Users\natha\Projects\boyd-clips\research\blender\graphics\renders\bakeoff_pil\f_0056.png	91815	1786523561476
C:\Users\natha\Projects\boyd-clips\research\blender\graphics\renders\bakeoff_pil\f_0057.png	91815	1786523561561
C:\Users\natha\Projects\boyd-clips\research\blender\graphics\renders\bakeoff_pil\f_0058.png	91815	1786523561644
C:\Users\natha\Projects\boyd-clips\research\blender\graphics\renders\bakeoff_pil\f_0059.png	91815	1786523561729
C:\Users\natha\Projects\boyd-clips\research\blender\graphics\renders\bakeoff_pil\f_0060.png	91815	1786523561814
C:\Users\natha\Projects\boyd-clips\research\blender\graphics\renders\bakeoff_pil\f_0061.png	91815	1786523561901
C:\Users\natha\Projects\boyd-clips\research\blender\graphics\renders\bakeoff_pil\f_0062.png	91815	1786523561986
C:\Users\natha\Projects\boyd-clips\research\blender\graphics\renders\bakeoff_pil\f_0063.png	91815	1786523562067
C:\Users\natha\Projects\boyd-clips\research\blender\graphics\renders\bakeoff_pil\f_0064.png	91815	1786523562152
C:\Users\natha\Projects\boyd-clips\research\blender\graphics\renders\bakeoff_pil\f_0065.png	91815	1786523562238
C:\Users\natha\Projects\boyd-clips\research\blender\graphics\renders\bakeoff_pil\f_0066.png	91815	1786523562323
C:\Users\natha\Projects\boyd-clips\research\blender\graphics\renders\bakeoff_pil\f_0067.png	91815	1786523562408
C:\Users\natha\Projects\boyd-clips\research\blender\graphics\renders\bakeoff_pil\f_0068.png	91815	1786523562491
C:\Users\natha\Projects\boyd-clips\research\blender\graphics\renders\bakeoff_pil\f_0069.png	91815	1786523562573
C:\Users\natha\Projects\boyd-clips\research\blender\graphics\renders\bakeoff_pil\f_0070.png	91815	1786523562659
C:\Users\natha\Projects\boyd-clips\research\blender\graphics\renders\bakeoff_pil\f_0071.png	91815	1786523562743
C:\Users\natha\Projects\boyd-clips\research\blender\graphics\renders\bakeoff_pil\f_0072.png	91815	1786523562828
C:\Users\natha\Projects\boyd-clips\research\blender\graphics\renders\bakeoff_pil\f_0073.png	91815	1786523562912
C:\Users\natha\Projects\boyd-clips\research\blender\graphics\renders\bakeoff_pil\f_0074.png	91815	1786523562998
C:\Users\natha\Projects\boyd-clips\research\blender\graphics\renders\bakeoff_pil\f_0075.png	91815	1786523563082
C:\Users\natha\Projects\boyd-clips\research\blender\graphics\renders\bakeoff_pil\f_0076.png	91815	1786523563168
C:\Users\natha\Projects\boyd-clips\research\blender\graphics\renders\bakeoff_pil\f_0077.png	91815	1786523563251
C:\Users\natha\Projects\boyd-clips\research\blender\graphics\renders\bakeoff_pil\f_0078.png	91815	1786523563334
C:\Users\natha\Projects\boyd-clips\research\blender\graphics\renders\bakeoff_pil\f_0079.png	91815	1786523563418
C:\Users\natha\Projects\boyd-clips\research\blender\graphics\renders\bakeoff_pil\f_0080.png	91815	1786523563501
C:\Users\natha\Projects\boyd-clips\research\blender\graphics\renders\bakeoff_pil\f_0081.png	91815	1786523563585
C:\Users\natha\Projects\boyd-clips\research\blender\graphics\renders\bakeoff_pil\f_0082.png	91815	1786523563670
C:\Users\natha\Projects\boyd-clips\research\blender\graphics\renders\bakeoff_pil\f_0083.png	91815	1786523563757
C:\Users\natha\Projects\boyd-clips\research\blender\graphics\renders\bakeoff_pil\f_0084.png	91815	1786523563841
C:\Users\natha\Projects\boyd-clips\research\blender\graphics\renders\bakeoff_pil\f_0085.png	91815	1786523563924
C:\Users\natha\Projects\boyd-clips\research\blender\graphics\renders\bakeoff_pil\f_0086.png	91815	1786523564009
C:\Users\natha\Projects\boyd-clips\research\blender\graphics\renders\bakeoff_pil\f_0087.png	91815	1786523564092
C:\Users\natha\Projects\boyd-clips\research\blender\graphics\renders\bakeoff_pil\f_0088.png	91815	1786523564190
C:\Users\natha\Projects\boyd-clips\research\blender\graphics\renders\bakeoff_pil\f_0089.png	91815	1786523564271
C:\Users\natha\Projects\boyd-clips\research\blender\graphics\renders\bakeoff_pil\f_0090.png	91815	1786523564355
C:\Users\natha\Projects\boyd-clips\research\blender\graphics\renders\bakeoff_pil\f_0091.png	91815	1786523564438
C:\Users\natha\Projects\boyd-clips\research\blender\graphics\renders\bakeoff_pil\f_0092.png	91815	1786523564524
C:\Users\natha\Projects\boyd-clips\research\blender\graphics\renders\bakeoff_pil\f_0093.png	91815	1786523564607
C:\Users\natha\Projects\boyd-clips\research\blender\graphics\renders\bakeoff_pil\f_0094.png	91815	1786523564690
C:\Users\natha\Projects\boyd-clips\research\blender\graphics\renders\bakeoff_pil\f_0095.png	91815	1786523564775
C:\Users\natha\Projects\boyd-clips\research\blender\graphics\renders\bakeoff_pil\f_0096.png	91815	1786523564859
C:\Users\natha\Projects\boyd-clips\research\blender\graphics\renders\bakeoff_pil\f_0097.png	91815	1786523564943
C:\Users\natha\Projects\boyd-clips\research\blender\graphics\renders\bakeoff_pil\f_0098.png	91815	1786523565026
C:\Users\natha\Projects\boyd-clips\research\blender\graphics\renders\bakeoff_pil\f_0099.png	91815	1786523565109
C:\Users\natha\Projects\boyd-clips\research\blender\graphics\renders\bakeoff_pil\f_0100.png	91815	1786523565194
C:\Users\natha\Projects\boyd-clips\research\blender\graphics\renders\bakeoff_pil\f_0101.png	91815	1786523565278
C:\Users\natha\Projects\boyd-clips\research\blender\graphics\renders\bakeoff_pil\f_0102.png	91815	1786523565362
C:\Users\natha\Projects\boyd-clips\research\blender\graphics\renders\bakeoff_pil\f_0103.png	91815	1786523565445
C:\Users\natha\Projects\boyd-clips\research\blender\graphics\renders\bakeoff_pil\f_0104.png	91815	1786523565528
C:\Users\natha\Projects\boyd-clips\research\blender\graphics\renders\bakeoff_pil\f_0105.png	91815	1786523565612
C:\Users\natha\Projects\boyd-clips\research\blender\graphics\renders\bakeoff_pil\f_0106.png	91815	1786523565696
C:\Users\natha\Projects\boyd-clips\research\blender\graphics\renders\bakeoff_pil\f_0107.png	91815	1786523565780
C:\Users\natha\Projects\boyd-clips\research\blender\graphics\renders\bakeoff_pil\f_0108.png	91815	1786523565867
C:\Users\natha\Projects\boyd-clips\research\blender\graphics\renders\bakeoff_pil\f_0109.png	91815	1786523565952
C:\Users\natha\Projects\boyd-clips\research\blender\graphics\renders\bakeoff_pil\f_0110.png	91815	1786523566037
C:\Users\natha\Projects\boyd-clips\research\blender\graphics\renders\bakeoff_pil\f_0111.png	91815	1786523566120
C:\Users\natha\Projects\boyd-clips\research\blender\graphics\renders\bakeoff_pil\f_0112.png	91815	1786523566204
C:\Users\natha\Projects\boyd-clips\research\blender\graphics\renders\bakeoff_pil\f_0113.png	91815	1786523566288
C:\Users\natha\Projects\boyd-clips\research\blender\graphics\renders\bakeoff_pil\f_0114.png	91815	1786523566372
C:\Users\natha\Projects\boyd-clips\research\blender\graphics\renders\bakeoff_pil\f_0115.png	91815	1786523566459
C:\Users\natha\Projects\boyd-clips\research\blender\graphics\renders\bakeoff_pil\f_0116.png	91815	1786523566541
C:\Users\natha\Projects\boyd-clips\research\blender\graphics\renders\bakeoff_pil\f_0117.png	91815	1786523566625
C:\Users\natha\Projects\boyd-clips\research\blender\graphics\renders\bakeoff_pil\f_0118.png	91815	1786523566709
C:\Users\natha\Projects\boyd-clips\research\blender\graphics\renders\bakeoff_pil\f_0119.png	91815	1786523566792
C:\Users\natha\Projects\boyd-clips\research\blender\graphics\renders\bakeoff_pil\f_0120.png	91496	1786523566876
C:\Users\natha\Projects\boyd-clips\research\blender\graphics\renders\bakeoff_pil\f_0121.png	89719	1786523566960
C:\Users\natha\Projects\boyd-clips\research\blender\graphics\renders\bakeoff_pil\f_0122.png	88736	1786523567044
C:\Users\natha\Projects\boyd-clips\research\blender\graphics\renders\bakeoff_pil\f_0123.png	85734	1786523567125
C:\Users\natha\Projects\boyd-clips\research\blender\graphics\renders\bakeoff_pil\f_0124.png	83192	1786523567211
C:\Users\natha\Projects\boyd-clips\research\blender\graphics\renders\bakeoff_pil\f_0125.png	81459	1786523567294
C:\Users\natha\Projects\boyd-clips\research\blender\graphics\renders\bakeoff_pil\f_0126.png	79902	1786523567379
C:\Users\natha\Projects\boyd-clips\research\blender\graphics\renders\bakeoff_pil\f_0127.png	79698	1786523567463
C:\Users\natha\Projects\boyd-clips\research\blender\graphics\renders\bakeoff_pil\f_0128.png	79689	1786523567546
C:\Users\natha\Projects\boyd-clips\research\blender\graphics\renders\bakeoff_pil\f_0129.png	79633	1786523567629
C:\Users\natha\Projects\boyd-clips\research\blender\graphics\renders\bakeoff_pil\f_0130.png	79326	1786523567712
C:\Users\natha\Projects\boyd-clips\research\blender\graphics\renders\bakeoff_pil\f_0131.png	79305	1786523567797
C:\Users\natha\Projects\boyd-clips\research\blender\graphics\renders\bakeoff_pil\f_0132.png	79305	1786523567878
C:\Users\natha\Projects\boyd-clips\research\blender\graphics\renders\bakeoff_pil\f_0133.png	79305	1786523567963
C:\Users\natha\Projects\boyd-clips\research\blender\graphics\renders\bakeoff_pil\f_0134.png	79305	1786523568045
C:\Users\natha\Projects\boyd-clips\research\blender\graphics\renders\bakeoff_pil\f_0135.png	79305	1786523568126
C:\Users\natha\Projects\boyd-clips\research\blender\graphics\renders\bo_blender.png	46296	1786523405304
C:\Users\natha\Projects\boyd-clips\research\blender\graphics\renders\bo_ffmpeg.png	16961	1786523405417
C:\Users\natha\Projects\boyd-clips\research\blender\graphics\renders\bo_pil.png	13092	1786523405515
C:\Users\natha\Projects\boyd-clips\research\blender\graphics\renders\fact_panel\f_0001.png	444689	1786524020536
C:\Users\natha\Projects\boyd-clips\research\blender\graphics\renders\fact_panel\f_0002.png	444689	1786524020716
C:\Users\natha\Projects\boyd-clips\research\blender\graphics\renders\fact_panel\f_0003.png	458396	1786524020873
C:\Users\natha\Projects\boyd-clips\research\blender\graphics\renders\fact_panel\f_0004.png	461172	1786524021035
C:\Users\natha\Projects\boyd-clips\research\blender\graphics\renders\fact_panel\f_0005.png	461970	1786524021189
C:\Users\natha\Projects\boyd-clips\research\blender\graphics\renders\fact_panel\f_0006.png	462168	1786524021342
C:\Users\natha\Projects\boyd-clips\research\blender\graphics\renders\fact_panel\f_0007.png	478261	1786524021494
C:\Users\natha\Projects\boyd-clips\research\blender\graphics\renders\fact_panel\f_0008.png	491596	1786524021646
C:\Users\natha\Projects\boyd-clips\research\blender\graphics\renders\fact_panel\f_0009.png	517359	1786524021806
C:\Users\natha\Projects\boyd-clips\research\blender\graphics\renders\fact_panel\f_0010.png	539694	1786524021962
C:\Users\natha\Projects\boyd-clips\research\blender\graphics\renders\fact_panel\f_0011.png	549266	1786524022135
C:\Users\natha\Projects\boyd-clips\research\blender\graphics\renders\fact_panel\f_0012.png	567304	1786524022289
C:\Users\natha\Projects\boyd-clips\research\blender\graphics\renders\fact_panel\f_0013.png	573889	1786524022447
C:\Users\natha\Projects\boyd-clips\research\blender\graphics\renders\fact_panel\f_0014.png	588996	1786524022607
C:\Users\natha\Projects\boyd-clips\research\blender\graphics\renders\fact_panel\f_0015.png	593460	1786524022762
C:\Users\natha\Projects\boyd-clips\research\blender\graphics\renders\fact_panel\f_0016.png	596397	1786524022919
C:\Users\natha\Projects\boyd-clips\research\blender\graphics\renders\fact_panel\f_0017.png	598795	1786524023080
C:\Users\natha\Projects\boyd-clips\research\blender\graphics\renders\fact_panel\f_0018.png	599869	1786524023236
C:\Users\natha\Projects\boyd-clips\research\blender\graphics\renders\fact_panel\f_0019.png	601418	1786524023395
C:\Users\natha\Projects\boyd-clips\research\blender\graphics\renders\fact_panel\f_0020.png	601992	1786524023552
C:\Users\natha\Projects\boyd-clips\research\blender\graphics\renders\fact_panel\f_0021.png	601858	1786524023709
C:\Users\natha\Projects\boyd-clips\research\blender\graphics\renders\fact_panel\f_0022.png	601600	1786524023868
C:\Users\natha\Projects\boyd-clips\research\blender\graphics\renders\fact_panel\f_0023.png	613715	1786524024027
C:\Users\natha\Projects\boyd-clips\research\blender\graphics\renders\fact_panel\f_0024.png	613715	1786524024185
C:\Users\natha\Projects\boyd-clips\research\blender\graphics\renders\fact_panel\f_0025.png	613715	1786524024342
C:\Users\natha\Projects\boyd-clips\research\blender\graphics\renders\fact_panel\f_0026.png	613715	1786524024501
C:\Users\natha\Projects\boyd-clips\research\blender\graphics\renders\fact_panel\f_0027.png	613715	1786524024659
C:\Users\natha\Projects\boyd-clips\research\blender\graphics\renders\fact_panel\f_0028.png	613715	1786524024818
C:\Users\natha\Projects\boyd-clips\research\blender\graphics\renders\fact_panel\f_0029.png	613715	1786524024976
C:\Users\natha\Projects\boyd-clips\research\blender\graphics\renders\fact_panel\f_0030.png	613715	1786524025133
C:\Users\natha\Projects\boyd-clips\research\blender\graphics\renders\fact_panel\f_0031.png	613715	1786524025286
C:\Users\natha\Projects\boyd-clips\research\blender\graphics\renders\fact_panel\f_0032.png	613715	1786524025443
C:\Users\natha\Projects\boyd-clips\research\blender\graphics\renders\fact_panel\f_0033.png	613715	1786524025600
C:\Users\natha\Projects\boyd-clips\research\blender\graphics\renders\fact_panel\f_0034.png	613715	1786524025756
C:\Users\natha\Projects\boyd-clips\research\blender\graphics\renders\fact_panel\f_0035.png	613715	1786524025913
C:\Users\natha\Projects\boyd-clips\research\blender\graphics\renders\fact_panel\f_0036.png	613715	1786524026071
C:\Users\natha\Projects\boyd-clips\research\blender\graphics\renders\fact_panel\f_0037.png	613715	1786524026227
C:\Users\natha\Projects\boyd-clips\research\blender\graphics\renders\fact_panel\f_0038.png	613715	1786524026388
C:\Users\natha\Projects\boyd-clips\research\blender\graphics\renders\fact_panel\f_0039.png	613715	1786524026547
C:\Users\natha\Projects\boyd-clips\research\blender\graphics\renders\fact_panel\f_0040.png	613715	1786524026708
C:\Users\natha\Projects\boyd-clips\research\blender\graphics\renders\fact_panel\f_0041.png	613715	1786524026868
C:\Users\natha\Projects\boyd-clips\research\blender\graphics\renders\fact_panel\f_0042.png	613715	1786524027024
C:\Users\natha\Projects\boyd-clips\research\blender\graphics\renders\fact_panel\f_0043.png	613715	1786524027183
C:\Users\natha\Projects\boyd-clips\research\blender\graphics\renders\fact_panel\f_0044.png	613715	1786524027340
C:\Users\natha\Projects\boyd-clips\research\blender\graphics\renders\fact_panel\f_0045.png	613715	1786524027499
C:\Users\natha\Projects\boyd-clips\research\blender\graphics\renders\fact_panel\f_0046.png	613715	1786524027659
C:\Users\natha\Projects\boyd-clips\research\blender\graphics\renders\fact_panel\f_0047.png	613715	1786524027817
C:\Users\natha\Projects\boyd-clips\research\blender\graphics\renders\fact_panel\f_0048.png	613715	1786524027976
C:\Users\natha\Projects\boyd-clips\research\blender\graphics\renders\fact_panel\f_0049.png	613715	1786524028134
C:\Users\natha\Projects\boyd-clips\research\blender\graphics\renders\fact_panel\f_0050.png	613715	1786524028291
C:\Users\natha\Projects\boyd-clips\research\blender\graphics\renders\fact_panel\f_0051.png	613715	1786524028450
C:\Users\natha\Projects\boyd-clips\research\blender\graphics\renders\fact_panel\f_0052.png	613715	1786524028608
C:\Users\natha\Projects\boyd-clips\research\blender\graphics\renders\fact_panel\f_0053.png	613715	1786524028763
C:\Users\natha\Projects\boyd-clips\research\blender\graphics\renders\fact_panel\f_0054.png	613715	1786524028919
C:\Users\natha\Projects\boyd-clips\research\blender\graphics\renders\fact_panel\f_0055.png	613715	1786524029074
C:\Users\natha\Projects\boyd-clips\research\blender\graphics\renders\fact_panel\f_0056.png	613715	1786524029231
C:\Users\natha\Projects\boyd-clips\research\blender\graphics\renders\fact_panel\f_0057.png	613715	1786524029392
C:\Users\natha\Projects\boyd-clips\research\blender\graphics\renders\fact_panel\f_0058.png	613715	1786524029550
C:\Users\natha\Projects\boyd-clips\research\blender\graphics\renders\fact_panel\f_0059.png	613715	1786524029706
C:\Users\natha\Projects\boyd-clips\research\blender\graphics\renders\fact_panel\f_0060.png	613715	1786524029865
C:\Users\natha\Projects\boyd-clips\research\blender\graphics\renders\fact_panel\f_0061.png	613715	1786524030021
C:\Users\natha\Projects\boyd-clips\research\blender\graphics\renders\fact_panel\f_0062.png	613715	1786524030179
C:\Users\natha\Projects\boyd-clips\research\blender\graphics\renders\fact_panel\f_0063.png	613715	1786524030338
C:\Users\natha\Projects\boyd-clips\research\blender\graphics\renders\fact_panel\f_0064.png	613715	1786524030494
C:\Users\natha\Projects\boyd-clips\research\blender\graphics\renders\fact_panel\f_0065.png	613715	1786524030651
C:\Users\natha\Projects\boyd-clips\research\blender\graphics\renders\fact_panel\f_0066.png	613715	1786524030811
C:\Users\natha\Projects\boyd-clips\research\blender\graphics\renders\fact_panel\f_0067.png	613715	1786524030965
C:\Users\natha\Projects\boyd-clips\research\blender\graphics\renders\fact_panel\f_0068.png	613715	1786524031127
C:\Users\natha\Projects\boyd-clips\research\blender\graphics\renders\fact_panel\f_0069.png	613715	1786524031286
C:\Users\natha\Projects\boyd-clips\research\blender\graphics\renders\fact_panel\f_0070.png	613715	1786524031442
C:\Users\natha\Projects\boyd-clips\research\blender\graphics\renders\fact_panel\f_0071.png	613715	1786524031599
C:\Users\natha\Projects\boyd-clips\research\blender\graphics\renders\fact_panel\f_0072.png	613715	1786524031756
C:\Users\natha\Projects\boyd-clips\research\blender\graphics\renders\fact_panel\f_0073.png	613715	1786524031915
C:\Users\natha\Projects\boyd-clips\research\blender\graphics\renders\fact_panel\f_0074.png	613715	1786524032073
C:\Users\natha\Projects\boyd-clips\research\blender\graphics\renders\fact_panel\f_0075.png	613715	1786524032235
C:\Users\natha\Projects\boyd-clips\research\blender\graphics\renders\fact_panel\f_0076.png	613715	1786524032405
C:\Users\natha\Projects\boyd-clips\research\blender\graphics\renders\fact_panel\f_0077.png	613715	1786524032562
C:\Users\natha\Projects\boyd-clips\research\blender\graphics\renders\fact_panel\f_0078.png	613715	1786524032719
C:\Users\natha\Projects\boyd-clips\research\blender\graphics\renders\fact_panel\f_0079.png	613715	1786524032877
C:\Users\natha\Projects\boyd-clips\research\blender\graphics\renders\fact_panel\f_0080.png	613715	1786524033036
C:\Users\natha\Projects\boyd-clips\research\blender\graphics\renders\fact_panel\f_0081.png	613715	1786524033195
C:\Users\natha\Projects\boyd-clips\research\blender\graphics\renders\fact_panel\f_0082.png	613715	1786524033353
C:\Users\natha\Projects\boyd-clips\research\blender\graphics\renders\fact_panel\f_0083.png	613715	1786524033512
C:\Users\natha\Projects\boyd-clips\research\blender\graphics\renders\fact_panel\f_0084.png	613715	1786524033675
C:\Users\natha\Projects\boyd-clips\research\blender\graphics\renders\fact_panel\f_0085.png	613715	1786524033835
C:\Users\natha\Projects\boyd-clips\research\blender\graphics\renders\fact_panel\f_0086.png	613715	1786524033994
C:\Users\natha\Projects\boyd-clips\research\blender\graphics\renders\fact_panel\f_0087.png	613715	1786524034152
C:\Users\natha\Projects\boyd-clips\research\blender\graphics\renders\fact_panel\f_0088.png	613715	1786524034310
C:\Users\natha\Projects\boyd-clips\research\blender\graphics\renders\fact_panel\f_0089.png	613715	1786524034471
C:\Users\natha\Projects\boyd-clips\research\blender\graphics\renders\fact_panel\f_0090.png	613715	1786524034628
C:\Users\natha\Projects\boyd-clips\research\blender\graphics\renders\fact_panel\f_0091.png	613715	1786524034790
C:\Users\natha\Projects\boyd-clips\research\blender\graphics\renders\fact_panel\f_0092.png	613715	1786524034950
C:\Users\natha\Projects\boyd-clips\research\blender\graphics\renders\fact_panel\f_0093.png	613715	1786524035107
C:\Users\natha\Projects\boyd-clips\research\blender\graphics\renders\fact_panel\f_0094.png	613715	1786524035267
C:\Users\natha\Projects\boyd-clips\research\blender\graphics\renders\fact_panel\f_0095.png	613715	1786524035426
C:\Users\natha\Projects\boyd-clips\research\blender\graphics\renders\fact_panel\f_0096.png	613715	1786524035583
C:\Users\natha\Projects\boyd-clips\research\blender\graphics\renders\fact_panel\f_0097.png	613715	1786524035744
C:\Users\natha\Projects\boyd-clips\research\blender\graphics\renders\fact_panel\f_0098.png	613715	1786524035903
C:\Users\natha\Projects\boyd-clips\research\blender\graphics\renders\fact_panel\f_0099.png	613715	1786524036062
C:\Users\natha\Projects\boyd-clips\research\blender\graphics\renders\fact_panel\f_0100.png	613715	1786524036217
C:\Users\natha\Projects\boyd-clips\research\blender\graphics\renders\fact_panel\f_0101.png	613715	1786524036374
C:\Users\natha\Projects\boyd-clips\research\blender\graphics\renders\fact_panel\f_0102.png	613715	1786524036532
C:\Users\natha\Projects\boyd-clips\research\blender\graphics\renders\fact_panel\f_0103.png	613715	1786524036692
C:\Users\natha\Projects\boyd-clips\research\blender\graphics\renders\fact_panel\f_0104.png	613715	1786524036849
C:\Users\natha\Projects\boyd-clips\research\blender\graphics\renders\fact_panel\f_0105.png	613715	1786524037005
C:\Users\natha\Projects\boyd-clips\research\blender\graphics\renders\fact_panel\f_0106.png	613715	1786524037163
C:\Users\natha\Projects\boyd-clips\research\blender\graphics\renders\fact_panel\f_0107.png	613715	1786524037319
C:\Users\natha\Projects\boyd-clips\research\blender\graphics\renders\fact_panel\f_0108.png	613715	1786524037479
C:\Users\natha\Projects\boyd-clips\research\blender\graphics\renders\fact_panel\f_0109.png	613715	1786524037637
C:\Users\natha\Projects\boyd-clips\research\blender\graphics\renders\fact_panel\f_0110.png	613715	1786524037792
C:\Users\natha\Projects\boyd-clips\research\blender\graphics\renders\fact_panel\f_0111.png	613715	1786524037951
C:\Users\natha\Projects\boyd-clips\research\blender\graphics\renders\fact_panel\f_0112.png	613715	1786524038110
C:\Users\natha\Projects\boyd-clips\research\blender\graphics\renders\fact_panel\f_0113.png	613715	1786524038268
C:\Users\natha\Projects\boyd-clips\research\blender\graphics\renders\fact_panel\f_0114.png	613715	1786524038427
C:\Users\natha\Projects\boyd-clips\research\blender\graphics\renders\fact_panel\f_0115.png	613715	1786524038584
C:\Users\natha\Projects\boyd-clips\research\blender\graphics\renders\fact_panel\f_0116.png	613715	1786524038740
C:\Users\natha\Projects\boyd-clips\research\blender\graphics\renders\fact_panel\f_0117.png	613715	1786524038896
C:\Users\natha\Projects\boyd-clips\research\blender\graphics\renders\fact_panel\f_0118.png	613715	1786524039051
C:\Users\natha\Projects\boyd-clips\research\blender\graphics\renders\fact_panel\f_0119.png	613715	1786524039212
C:\Users\natha\Projects\boyd-clips\research\blender\graphics\renders\fact_panel\f_0120.png	613715	1786524039371
C:\Users\natha\Projects\boyd-clips\research\blender\graphics\renders\fact_panel\f_0121.png	613715	1786524039529
C:\Users\natha\Projects\boyd-clips\research\blender\graphics\renders\fact_panel\f_0122.png	613715	1786524039686
C:\Users\natha\Projects\boyd-clips\research\blender\graphics\renders\fact_panel\f_0123.png	613715	1786524039842
C:\Users\natha\Projects\boyd-clips\research\blender\graphics\renders\fact_panel\f_0124.png	613715	1786524040000
C:\Users\natha\Projects\boyd-clips\research\blender\graphics\renders\fact_panel\f_0125.png	613715	1786524040159
C:\Users\natha\Projects\boyd-clips\research\blender\graphics\renders\fact_panel\f_0126.png	613715	1786524040318
C:\Users\natha\Projects\boyd-clips\research\blender\graphics\renders\fact_panel\f_0127.png	613715	1786524040476
C:\Users\natha\Projects\boyd-clips\research\blender\graphics\renders\fact_panel\f_0128.png	613715	1786524040638
C:\Users\natha\Projects\boyd-clips\research\blender\graphics\renders\fact_panel\f_0129.png	613715	1786524040796
C:\Users\natha\Projects\boyd-clips\research\blender\graphics\renders\fact_panel\f_0130.png	613715	1786524040953
C:\Users\natha\Projects\boyd-clips\research\blender\graphics\renders\fact_panel\f_0131.png	613715	1786524041113
C:\Users\natha\Projects\boyd-clips\research\blender\graphics\renders\fact_panel\f_0132.png	613715	1786524041273
C:\Users\natha\Projects\boyd-clips\research\blender\graphics\renders\fact_panel\f_0133.png	613715	1786524041430
C:\Users\natha\Projects\boyd-clips\research\blender\graphics\renders\fact_panel\f_0134.png	613715	1786524041587
C:\Users\natha\Projects\boyd-clips\research\blender\graphics\renders\fact_panel\f_0135.png	613715	1786524041744
C:\Users\natha\Projects\boyd-clips\research\blender\graphics\renders\fact_panel\f_0136.png	613715	1786524041902
C:\Users\natha\Projects\boyd-clips\research\blender\graphics\renders\fact_panel\f_0137.png	613715	1786524042060
C:\Users\natha\Projects\boyd-clips\research\blender\graphics\renders\fact_panel\f_0138.png	613715	1786524042220
C:\Users\natha\Projects\boyd-clips\research\blender\graphics\renders\fact_panel\f_0139.png	613715	1786524042376
C:\Users\natha\Projects\boyd-clips\research\blender\graphics\renders\fact_panel\f_0140.png	613715	1786524042546
C:\Users\natha\Projects\boyd-clips\research\blender\graphics\renders\fact_panel\f_0141.png	613715	1786524042703
C:\Users\natha\Projects\boyd-clips\research\blender\graphics\renders\fact_panel\f_0142.png	613715	1786524042860
C:\Users\natha\Projects\boyd-clips\research\blender\graphics\renders\fact_panel\f_0143.png	613715	1786524043021
C:\Users\natha\Projects\boyd-clips\research\blender\graphics\renders\fact_panel\f_0144.png	613715	1786524043177
C:\Users\natha\Projects\boyd-clips\research\blender\graphics\renders\fact_panel\f_0145.png	613715	1786524043336
C:\Users\natha\Projects\boyd-clips\research\blender\graphics\renders\fact_panel\f_0146.png	613715	1786524043491
C:\Users\natha\Projects\boyd-clips\research\blender\graphics\renders\fact_panel\f_0147.png	613715	1786524043648
C:\Users\natha\Projects\boyd-clips\research\blender\graphics\renders\fact_panel\f_0148.png	613715	1786524043805
C:\Users\natha\Projects\boyd-clips\research\blender\graphics\renders\fact_panel\f_0149.png	613715	1786524043962
C:\Users\natha\Projects\boyd-clips\research\blender\graphics\renders\fact_panel\f_0150.png	613715	1786524044116
C:\Users\natha\Projects\boyd-clips\research\blender\graphics\renders\fact_panel\f_0151.png	612352	1786524044274
C:\Users\natha\Projects\boyd-clips\research\blender\graphics\renders\fact_panel\f_0152.png	613701	1786524044428
C:\Users\natha\Projects\boyd-clips\research\blender\graphics\renders\fact_panel\f_0153.png	613520	1786524044586
C:\Users\natha\Projects\boyd-clips\research\blender\graphics\renders\fact_panel\f_0154.png	614404	1786524044750
C:\Users\natha\Projects\boyd-clips\research\blender\graphics\renders\fact_panel\f_0155.png	614461	1786524044911
C:\Users\natha\Projects\boyd-clips\research\blender\graphics\renders\fact_panel\f_0156.png	614232	1786524045067
C:\Users\natha\Projects\boyd-clips\research\blender\graphics\renders\fact_panel\f_0157.png	614406	1786524045223
C:\Users\natha\Projects\boyd-clips\research\blender\graphics\renders\fact_panel\f_0158.png	614397	1786524045380
C:\Users\natha\Projects\boyd-clips\research\blender\graphics\renders\fact_panel\f_0159.png	614392	1786524045537
C:\Users\natha\Projects\boyd-clips\research\blender\graphics\renders\fact_panel\f_0160.png	614392	1786524045696
C:\Users\natha\Projects\boyd-clips\research\blender\graphics\renders\fact_panel\f_0161.png	614392	1786524045854
C:\Users\natha\Projects\boyd-clips\research\blender\graphics\renders\fact_panel\f_0162.png	614392	1786524046012
C:\Users\natha\Projects\boyd-clips\research\blender\graphics\renders\fact_panel\f_0163.png	614392	1786524046167
C:\Users\natha\Projects\boyd-clips\research\blender\graphics\renders\fact_panel\f_0164.png	614392	1786524046323
C:\Users\natha\Projects\boyd-clips\research\blender\graphics\renders\fact_panel\f_0165.png	614392	1786524046480
C:\Users\natha\Projects\boyd-clips\research\blender\graphics\renders\fact_panel\f_0166.png	614392	1786524046638
C:\Users\natha\Projects\boyd-clips\research\blender\graphics\renders\fact_panel\f_0167.png	614392	1786524046796
C:\Users\natha\Projects\boyd-clips\research\blender\graphics\renders\fact_panel\f_0168.png	614392	1786524046953
C:\Users\natha\Projects\boyd-clips\research\blender\graphics\renders\fact_panel\f_0169.png	614392	1786524047110
C:\Users\natha\Projects\boyd-clips\research\blender\graphics\renders\fact_panel\f_0170.png	614392	1786524047266
C:\Users\natha\Projects\boyd-clips\research\blender\graphics\renders\fact_panel\f_0171.png	614392	1786524047425
C:\Users\natha\Projects\boyd-clips\research\blender\graphics\renders\fact_panel\f_0172.png	614484	1786524047583
C:\Users\natha\Projects\boyd-clips\research\blender\graphics\renders\fact_panel\f_0173.png	614473	1786524047741
C:\Users\natha\Projects\boyd-clips\research\blender\graphics\renders\fact_panel\f_0174.png	614599	1786524047898
C:\Users\natha\Projects\boyd-clips\research\blender\graphics\renders\fact_panel\f_0175.png	614600	1786524048055
C:\Users\natha\Projects\boyd-clips\research\blender\graphics\renders\fact_panel\f_0176.png	614692	1786524048210
C:\Users\natha\Projects\boyd-clips\research\blender\graphics\renders\fact_panel\f_0177.png	614618	1786524048368
C:\Users\natha\Projects\boyd-clips\research\blender\graphics\renders\fact_panel\f_0178.png	614642	1786524048528
C:\Users\natha\Projects\boyd-clips\research\blender\graphics\renders\fact_panel\f_0179.png	614413	1786524048686
C:\Users\natha\Projects\boyd-clips\research\blender\graphics\renders\fact_panel\f_0180.png	613893	1786524048844
C:\Users\natha\Projects\boyd-clips\research\blender\graphics\renders\fact_panel\f_0181.png	614049	1786524049001
C:\Users\natha\Projects\boyd-clips\research\blender\graphics\renders\fact_panel\f_0182.png	613220	1786524049159
C:\Users\natha\Projects\boyd-clips\research\blender\graphics\renders\fact_panel\f_0183.png	613099	1786524049318
C:\Users\natha\Projects\boyd-clips\research\blender\graphics\renders\fact_panel\f_0184.png	613099	1786524049478
C:\Users\natha\Projects\boyd-clips\research\blender\graphics\renders\fact_panel\f_0185.png	613099	1786524049638
C:\Users\natha\Projects\boyd-clips\research\blender\graphics\renders\fact_panel\f_0186.png	613099	1786524049798
C:\Users\natha\Projects\boyd-clips\research\blender\graphics\renders\fact_panel\f_0187.png	613099	1786524049954
C:\Users\natha\Projects\boyd-clips\research\blender\graphics\renders\fact_panel\f_0188.png	613099	1786524050114
C:\Users\natha\Projects\boyd-clips\research\blender\graphics\renders\fact_panel\f_0189.png	613099	1786524050273
C:\Users\natha\Projects\boyd-clips\research\blender\graphics\renders\fact_panel\f_0190.png	613099	1786524050431
C:\Users\natha\Projects\boyd-clips\research\blender\graphics\renders\fact_panel\f_0191.png	613099	1786524050590
C:\Users\natha\Projects\boyd-clips\research\blender\graphics\renders\fact_panel\f_0192.png	613099	1786524050748
C:\Users\natha\Projects\boyd-clips\research\blender\graphics\renders\fact_panel\f_0193.png	613099	1786524050905
C:\Users\natha\Projects\boyd-clips\research\blender\graphics\renders\fact_panel\f_0194.png	613099	1786524051066
C:\Users\natha\Projects\boyd-clips\research\blender\graphics\renders\fact_panel\f_0195.png	613099	1786524051225
C:\Users\natha\Projects\boyd-clips\research\blender\graphics\renders\fact_panel\f_0196.png	613099	1786524051382
C:\Users\natha\Projects\boyd-clips\research\blender\graphics\renders\fact_panel\f_0197.png	613099	1786524051538
C:\Users\natha\Projects\boyd-clips\research\blender\graphics\renders\fact_panel\f_0198.png	613099	1786524051696
C:\Users\natha\Projects\boyd-clips\research\blender\graphics\renders\fact_panel\f_0199.png	613099	1786524051853
C:\Users\natha\Projects\boyd-clips\research\blender\graphics\renders\fact_panel\f_0200.png	613099	1786524052013
C:\Users\natha\Projects\boyd-clips\research\blender\graphics\renders\fact_panel\f_0201.png	613099	1786524052170
C:\Users\natha\Projects\boyd-clips\research\blender\graphics\renders\fact_panel\f_0202.png	613099	1786524052330
C:\Users\natha\Projects\boyd-clips\research\blender\graphics\renders\fact_panel\f_0203.png	613099	1786524052487
C:\Users\natha\Projects\boyd-clips\research\blender\graphics\renders\fact_panel\f_0204.png	613099	1786524052661
C:\Users\natha\Projects\boyd-clips\research\blender\graphics\renders\fact_panel\f_0205.png	613099	1786524052816
C:\Users\natha\Projects\boyd-clips\research\blender\graphics\renders\fact_panel\f_0206.png	613099	1786524052975
C:\Users\natha\Projects\boyd-clips\research\blender\graphics\renders\fact_panel\f_0207.png	613099	1786524053133
C:\Users\natha\Projects\boyd-clips\research\blender\graphics\renders\fact_panel\f_0208.png	613099	1786524053290
C:\Users\natha\Projects\boyd-clips\research\blender\graphics\renders\fact_panel\f_0209.png	613099	1786524053449
C:\Users\natha\Projects\boyd-clips\research\blender\graphics\renders\fact_panel\f_0210.png	613099	1786524053610
C:\Users\natha\Projects\boyd-clips\research\blender\graphics\renders\fact_panel\f_0211.png	613099	1786524053769
C:\Users\natha\Projects\boyd-clips\research\blender\graphics\renders\fact_panel\f_0212.png	613099	1786524053931
C:\Users\natha\Projects\boyd-clips\research\blender\graphics\renders\fact_panel\f_0213.png	613099	1786524054088
C:\Users\natha\Projects\boyd-clips\research\blender\graphics\renders\fact_panel\f_0214.png	613099	1786524054246
C:\Users\natha\Projects\boyd-clips\research\blender\graphics\renders\fact_panel\f_0215.png	613099	1786524054405
C:\Users\natha\Projects\boyd-clips\research\blender\graphics\renders\fact_panel\f_0216.png	613099	1786524054565
C:\Users\natha\Projects\boyd-clips\research\blender\graphics\renders\fact_panel\f_0217.png	613099	1786524054726
C:\Users\natha\Projects\boyd-clips\research\blender\graphics\renders\fact_panel\f_0218.png	613099	1786524054888
C:\Users\natha\Projects\boyd-clips\research\blender\graphics\renders\fact_panel\f_0219.png	613099	1786524055046
C:\Users\natha\Projects\boyd-clips\research\blender\graphics\renders\fact_panel\f_0220.png	613099	1786524055203
C:\Users\natha\Projects\boyd-clips\research\blender\graphics\renders\fact_panel\f_0221.png	613099	1786524055360
C:\Users\natha\Projects\boyd-clips\research\blender\graphics\renders\fact_panel\f_0222.png	613099	1786524055520
C:\Users\natha\Projects\boyd-clips\research\blender\graphics\renders\fact_panel\f_0223.png	613099	1786524055680
C:\Users\natha\Projects\boyd-clips\research\blender\graphics\renders\fact_panel\f_0224.png	613099	1786524055841
C:\Users\natha\Projects\boyd-clips\research\blender\graphics\renders\fact_panel\f_0225.png	613099	1786524056001
C:\Users\natha\Projects\boyd-clips\research\blender\graphics\renders\fact_panel\f_0226.png	613099	1786524056162
C:\Users\natha\Projects\boyd-clips\research\blender\graphics\renders\fact_panel\f_0227.png	613099	1786524056319
C:\Users\natha\Projects\boyd-clips\research\blender\graphics\renders\fact_panel\f_0228.png	613099	1786524056481
C:\Users\natha\Projects\boyd-clips\research\blender\graphics\renders\fact_panel\f_0229.png	613099	1786524056642
C:\Users\natha\Projects\boyd-clips\research\blender\graphics\renders\fact_panel\f_0230.png	613099	1786524056801
C:\Users\natha\Projects\boyd-clips\research\blender\graphics\renders\fact_panel\f_0231.png	613099	1786524056961
C:\Users\natha\Projects\boyd-clips\research\blender\graphics\renders\fact_panel\f_0232.png	613099	1786524057121
C:\Users\natha\Projects\boyd-clips\research\blender\graphics\renders\fact_panel\f_0233.png	613099	1786524057279
C:\Users\natha\Projects\boyd-clips\research\blender\graphics\renders\fact_panel\f_0234.png	613099	1786524057438
C:\Users\natha\Projects\boyd-clips\research\blender\graphics\renders\fact_panel\f_0235.png	613099	1786524057596
C:\Users\natha\Projects\boyd-clips\research\blender\graphics\renders\fact_panel\f_0236.png	613099	1786524057756
C:\Users\natha\Projects\boyd-clips\research\blender\graphics\renders\fact_panel\f_0237.png	613099	1786524057915
C:\Users\natha\Projects\boyd-clips\research\blender\graphics\renders\fact_panel\f_0238.png	613099	1786524058073
C:\Users\natha\Projects\boyd-clips\research\blender\graphics\renders\fact_panel\f_0239.png	613099	1786524058232
C:\Users\natha\Projects\boyd-clips\research\blender\graphics\renders\fact_panel\f_0240.png	613099	1786524058394
C:\Users\natha\Projects\boyd-clips\research\blender\graphics\renders\fact_panel\f_0241.png	613099	1786524058552
C:\Users\natha\Projects\boyd-clips\research\blender\graphics\renders\fact_panel\f_0242.png	613099	1786524058711
C:\Users\natha\Projects\boyd-clips\research\blender\graphics\renders\fact_panel\f_0243.png	613099	1786524058872
C:\Users\natha\Projects\boyd-clips\research\blender\graphics\renders\fact_panel\f_0244.png	613099	1786524059029
C:\Users\natha\Projects\boyd-clips\research\blender\graphics\renders\fact_panel\f_0245.png	613099	1786524059188
C:\Users\natha\Projects\boyd-clips\research\blender\graphics\renders\fact_panel\f_0246.png	613099	1786524059346
C:\Users\natha\Projects\boyd-clips\research\blender\graphics\renders\fact_panel\f_0247.png	613099	1786524059505
C:\Users\natha\Projects\boyd-clips\research\blender\graphics\renders\fact_panel\f_0248.png	613099	1786524059665
C:\Users\natha\Projects\boyd-clips\research\blender\graphics\renders\fact_panel\f_0249.png	613099	1786524059824
C:\Users\natha\Projects\boyd-clips\research\blender\graphics\renders\fact_panel\f_0250.png	613099	1786524059982
C:\Users\natha\Projects\boyd-clips\research\blender\graphics\renders\fact_panel\f_0251.png	613099	1786524060143
C:\Users\natha\Projects\boyd-clips\research\blender\graphics\renders\fact_panel\f_0252.png	613099	1786524060303
C:\Users\natha\Projects\boyd-clips\research\blender\graphics\renders\fact_panel\f_0253.png	613099	1786524060461
C:\Users\natha\Projects\boyd-clips\research\blender\graphics\renders\fact_panel\f_0254.png	613099	1786524060618
C:\Users\natha\Projects\boyd-clips\research\blender\graphics\renders\fact_panel\f_0255.png	613099	1786524060774
C:\Users\natha\Projects\boyd-clips\research\blender\graphics\renders\fact_panel\f_0256.png	613099	1786524060931
C:\Users\natha\Projects\boyd-clips\research\blender\graphics\renders\fact_panel\f_0257.png	613099	1786524061089
C:\Users\natha\Projects\boyd-clips\research\blender\graphics\renders\fact_panel\f_0258.png	613099	1786524061248
C:\Users\natha\Projects\boyd-clips\research\blender\graphics\renders\fact_panel\f_0259.png	613099	1786524061408
C:\Users\natha\Projects\boyd-clips\research\blender\graphics\renders\fact_panel\f_0260.png	613099	1786524061564
C:\Users\natha\Projects\boyd-clips\research\blender\graphics\renders\fact_panel\f_0261.png	613551	1786524061722
C:\Users\natha\Projects\boyd-clips\research\blender\graphics\renders\fact_panel\f_0262.png	613009	1786524061883
C:\Users\natha\Projects\boyd-clips\research\blender\graphics\renders\fact_panel\f_0263.png	612340	1786524062042
C:\Users\natha\Projects\boyd-clips\research\blender\graphics\renders\fact_panel\f_0264.png	612642	1786524062202
C:\Users\natha\Projects\boyd-clips\research\blender\graphics\renders\fact_panel\f_0265.png	612879	1786524062358
C:\Users\natha\Projects\boyd-clips\research\blender\graphics\renders\fact_panel\f_0266.png	612800	1786524062516
C:\Users\natha\Projects\boyd-clips\research\blender\graphics\renders\fact_panel\f_0267.png	613023	1786524062675
C:\Users\natha\Projects\boyd-clips\research\blender\graphics\renders\fact_panel\f_0268.png	612993	1786524062850
C:\Users\natha\Projects\boyd-clips\research\blender\graphics\renders\fact_panel\f_0269.png	613003	1786524063008
C:\Users\natha\Projects\boyd-clips\research\blender\graphics\renders\fact_panel\f_0270.png	613003	1786524063164
C:\Users\natha\Projects\boyd-clips\research\blender\graphics\renders\fact_panel\f_0271.png	613003	1786524063323
C:\Users\natha\Projects\boyd-clips\research\blender\graphics\renders\fact_panel\f_0272.png	613003	1786524063483
C:\Users\natha\Projects\boyd-clips\research\blender\graphics\renders\fact_panel\f_0273.png	613003	1786524063642
C:\Users\natha\Projects\boyd-clips\research\blender\graphics\renders\fact_panel\f_0274.png	613003	1786524063803
C:\Users\natha\Projects\boyd-clips\research\blender\graphics\renders\fact_panel\f_0275.png	613003	1786524063965
C:\Users\natha\Projects\boyd-clips\research\blender\graphics\renders\fact_panel\f_0276.png	613003	1786524064124
C:\Users\natha\Projects\boyd-clips\research\blender\graphics\renders\fact_panel\f_0277.png	613003	1786524064280
C:\Users\natha\Projects\boyd-clips\research\blender\graphics\renders\fact_panel\f_0278.png	613003	1786524064440
C:\Users\natha\Projects\boyd-clips\research\blender\graphics\renders\fact_panel\f_0279.png	613003	1786524064599
C:\Users\natha\Projects\boyd-clips\research\blender\graphics\renders\fact_panel\f_0280.png	613003	1786524064759
C:\Users\natha\Projects\boyd-clips\research\blender\graphics\renders\fact_panel\f_0281.png	613003	1786524064918
C:\Users\natha\Projects\boyd-clips\research\blender\graphics\renders\fact_panel\f_0282.png	612938	1786524065075
C:\Users\natha\Projects\boyd-clips\research\blender\graphics\renders\fact_panel\f_0283.png	613053	1786524065234
C:\Users\natha\Projects\boyd-clips\research\blender\graphics\renders\fact_panel\f_0284.png	613027	1786524065392
C:\Users\natha\Projects\boyd-clips\research\blender\graphics\renders\fact_panel\f_0285.png	613022	1786524065550
C:\Users\natha\Projects\boyd-clips\research\blender\graphics\renders\fact_panel\f_0286.png	613083	1786524065711
C:\Users\natha\Projects\boyd-clips\research\blender\graphics\renders\fact_panel\f_0287.png	612985	1786524065870
C:\Users\natha\Projects\boyd-clips\research\blender\graphics\renders\fact_panel\f_0288.png	613088	1786524066029
C:\Users\natha\Projects\boyd-clips\research\blender\graphics\renders\fact_panel\f_0289.png	613026	1786524066186
C:\Users\natha\Projects\boyd-clips\research\blender\graphics\renders\fact_panel\f_0290.png	612869	1786524066344
C:\Users\natha\Projects\boyd-clips\research\blender\graphics\renders\fact_panel\f_0291.png	612734	1786524066501
C:\Users\natha\Projects\boyd-clips\research\blender\graphics\renders\fact_panel\f_0292.png	612505	1786524066659
C:\Users\natha\Projects\boyd-clips\research\blender\graphics\renders\fact_panel\f_0293.png	612087	1786524066818
C:\Users\natha\Projects\boyd-clips\research\blender\graphics\renders\fact_panel\f_0294.png	612087	1786524066973
C:\Users\natha\Projects\boyd-clips\research\blender\graphics\renders\fact_panel\f_0295.png	612087	1786524067129
C:\Users\natha\Projects\boyd-clips\research\blender\graphics\renders\fact_panel\f_0296.png	612087	1786524067285
C:\Users\natha\Projects\boyd-clips\research\blender\graphics\renders\fact_panel\f_0297.png	612087	1786524067444
C:\Users\natha\Projects\boyd-clips\research\blender\graphics\renders\fact_panel\f_0298.png	612087	1786524067601
C:\Users\natha\Projects\boyd-clips\research\blender\graphics\renders\fact_panel\f_0299.png	612087	1786524067756
C:\Users\natha\Projects\boyd-clips\research\blender\graphics\renders\fact_panel\f_0300.png	612087	1786524067913
C:\Users\natha\Projects\boyd-clips\research\blender\graphics\renders\fact_panel\f_0301.png	612087	1786524068071
C:\Users\natha\Projects\boyd-clips\research\blender\graphics\renders\fact_panel\f_0302.png	612087	1786524068226
C:\Users\natha\Projects\boyd-clips\research\blender\graphics\renders\fact_panel\f_0303.png	612087	1786524068388
C:\Users\natha\Projects\boyd-clips\research\blender\graphics\renders\fact_panel\f_0304.png	612087	1786524068544
C:\Users\natha\Projects\boyd-clips\research\blender\graphics\renders\fact_panel\f_0305.png	612087	1786524068701
C:\Users\natha\Projects\boyd-clips\research\blender\graphics\renders\fact_panel\f_0306.png	612087	1786524068858
C:\Users\natha\Projects\boyd-clips\research\blender\graphics\renders\fact_panel\f_0307.png	612087	1786524069016
C:\Users\natha\Projects\boyd-clips\research\blender\graphics\renders\fact_panel\f_0308.png	612087	1786524069174
C:\Users\natha\Projects\boyd-clips\research\blender\graphics\renders\fact_panel\f_0309.png	612087	1786524069330
C:\Users\natha\Projects\boyd-clips\research\blender\graphics\renders\fact_panel\f_0310.png	612087	1786524069487
C:\Users\natha\Projects\boyd-clips\research\blender\graphics\renders\fact_panel\f_0311.png	612087	1786524069642
C:\Users\natha\Projects\boyd-clips\research\blender\graphics\renders\fact_panel\f_0312.png	612087	1786524069801
C:\Users\natha\Projects\boyd-clips\research\blender\graphics\renders\fact_panel\f_0313.png	612087	1786524069958
C:\Users\natha\Projects\boyd-clips\research\blender\graphics\renders\fact_panel\f_0314.png	612087	1786524070117
C:\Users\natha\Projects\boyd-clips\research\blender\graphics\renders\fact_panel\f_0315.png	612087	1786524070276
C:\Users\natha\Projects\boyd-clips\research\blender\graphics\renders\fact_panel\f_0316.png	612087	1786524070433
C:\Users\natha\Projects\boyd-clips\research\blender\graphics\renders\fact_panel\f_0317.png	612087	1786524070591
C:\Users\natha\Projects\boyd-clips\research\blender\graphics\renders\fact_panel\f_0318.png	612087	1786524070747
C:\Users\natha\Projects\boyd-clips\research\blender\graphics\renders\fact_panel\f_0319.png	612087	1786524070905
C:\Users\natha\Projects\boyd-clips\research\blender\graphics\renders\fact_panel\f_0320.png	612087	1786524071066
C:\Users\natha\Projects\boyd-clips\research\blender\graphics\renders\fact_panel\f_0321.png	612087	1786524071225
C:\Users\natha\Projects\boyd-clips\research\blender\graphics\renders\fact_panel\f_0322.png	612087	1786524071385
C:\Users\natha\Projects\boyd-clips\research\blender\graphics\renders\fact_panel\f_0323.png	612087	1786524071540
C:\Users\natha\Projects\boyd-clips\research\blender\graphics\renders\fact_panel\f_0324.png	612087	1786524071696
C:\Users\natha\Projects\boyd-clips\research\blender\graphics\renders\fact_panel\f_0325.png	612087	1786524071854
C:\Users\natha\Projects\boyd-clips\research\blender\graphics\renders\fact_panel\f_0326.png	612087	1786524072016
C:\Users\natha\Projects\boyd-clips\research\blender\graphics\renders\fact_panel\f_0327.png	612087	1786524072176
C:\Users\natha\Projects\boyd-clips\research\blender\graphics\renders\fact_panel\f_0328.png	612087	1786524072335
C:\Users\natha\Projects\boyd-clips\research\blender\graphics\renders\fact_panel\f_0329.png	612087	1786524072489
C:\Users\natha\Projects\boyd-clips\research\blender\graphics\renders\fact_panel\f_0330.png	612087	1786524072645
C:\Users\natha\Projects\boyd-clips\research\blender\graphics\renders\fact_panel\f_0331.png	612087	1786524072804
C:\Users\natha\Projects\boyd-clips\research\blender\graphics\renders\fact_panel\f_0332.png	612087	1786524072963
C:\Users\natha\Projects\boyd-clips\research\blender\graphics\renders\fact_panel\f_0333.png	612087	1786524073130
C:\Users\natha\Projects\boyd-clips\research\blender\graphics\renders\fact_panel\f_0334.png	612087	1786524073283
C:\Users\natha\Projects\boyd-clips\research\blender\graphics\renders\fact_panel\f_0335.png	612087	1786524073440
C:\Users\natha\Projects\boyd-clips\research\blender\graphics\renders\fact_panel\f_0336.png	612087	1786524073597
C:\Users\natha\Projects\boyd-clips\research\blender\graphics\renders\fact_panel\f_0337.png	612087	1786524073753
C:\Users\natha\Projects\boyd-clips\research\blender\graphics\renders\fact_panel\f_0338.png	612087	1786524073912
C:\Users\natha\Projects\boyd-clips\research\blender\graphics\renders\fact_panel\f_0339.png	612087	1786524074072
C:\Users\natha\Projects\boyd-clips\research\blender\graphics\renders\fact_panel\f_0340.png	612087	1786524074227
C:\Users\natha\Projects\boyd-clips\research\blender\graphics\renders\fp_contact.png	252033	1786522705687
C:\Users\natha\Projects\boyd-clips\research\blender\graphics\renders\geqtest.png	832	1786523214161
C:\Users\natha\Projects\boyd-clips\research\blender\graphics\renders\lower_third\f_0001.png	443338	1786523998745
C:\Users\natha\Projects\boyd-clips\research\blender\graphics\renders\lower_third\f_0002.png	443338	1786523998918
C:\Users\natha\Projects\boyd-clips\research\blender\graphics\renders\lower_third\f_0003.png	460366	1786523999069
C:\Users\natha\Projects\boyd-clips\research\blender\graphics\renders\lower_third\f_0004.png	469085	1786523999224
C:\Users\natha\Projects\boyd-clips\research\blender\graphics\renders\lower_third\f_0005.png	472184	1786523999374
C:\Users\natha\Projects\boyd-clips\research\blender\graphics\renders\lower_third\f_0006.png	481096	1786523999519
C:\Users\natha\Projects\boyd-clips\research\blender\graphics\renders\lower_third\f_0007.png	487290	1786523999664
C:\Users\natha\Projects\boyd-clips\research\blender\graphics\renders\lower_third\f_0008.png	490396	1786523999812
C:\Users\natha\Projects\boyd-clips\research\blender\graphics\renders\lower_third\f_0009.png	492846	1786523999959
C:\Users\natha\Projects\boyd-clips\research\blender\graphics\renders\lower_third\f_0010.png	493363	1786524000107
C:\Users\natha\Projects\boyd-clips\research\blender\graphics\renders\lower_third\f_0011.png	500829	1786524000257
C:\Users\natha\Projects\boyd-clips\research\blender\graphics\renders\lower_third\f_0012.png	505038	1786524000408
C:\Users\natha\Projects\boyd-clips\research\blender\graphics\renders\lower_third\f_0013.png	508154	1786524000554
C:\Users\natha\Projects\boyd-clips\research\blender\graphics\renders\lower_third\f_0014.png	510009	1786524000700
C:\Users\natha\Projects\boyd-clips\research\blender\graphics\renders\lower_third\f_0015.png	511195	1786524000850
C:\Users\natha\Projects\boyd-clips\research\blender\graphics\renders\lower_third\f_0016.png	511092	1786524000998
C:\Users\natha\Projects\boyd-clips\research\blender\graphics\renders\lower_third\f_0017.png	511067	1786524001148
C:\Users\natha\Projects\boyd-clips\research\blender\graphics\renders\lower_third\f_0018.png	511067	1786524001295
C:\Users\natha\Projects\boyd-clips\research\blender\graphics\renders\lower_third\f_0019.png	511067	1786524001445
C:\Users\natha\Projects\boyd-clips\research\blender\graphics\renders\lower_third\f_0020.png	511067	1786524001594
C:\Users\natha\Projects\boyd-clips\research\blender\graphics\renders\lower_third\f_0021.png	511067	1786524001745
C:\Users\natha\Projects\boyd-clips\research\blender\graphics\renders\lower_third\f_0022.png	511067	1786524001895
C:\Users\natha\Projects\boyd-clips\research\blender\graphics\renders\lower_third\f_0023.png	511067	1786524002044
C:\Users\natha\Projects\boyd-clips\research\blender\graphics\renders\lower_third\f_0024.png	511067	1786524002192
C:\Users\natha\Projects\boyd-clips\research\blender\graphics\renders\lower_third\f_0025.png	511067	1786524002341
C:\Users\natha\Projects\boyd-clips\research\blender\graphics\renders\lower_third\f_0026.png	511067	1786524002491
C:\Users\natha\Projects\boyd-clips\research\blender\graphics\renders\lower_third\f_0027.png	511067	1786524002636
C:\Users\natha\Projects\boyd-clips\research\blender\graphics\renders\lower_third\f_0028.png	511067	1786524002785
C:\Users\natha\Projects\boyd-clips\research\blender\graphics\renders\lower_third\f_0029.png	511067	1786524002932
C:\Users\natha\Projects\boyd-clips\research\blender\graphics\renders\lower_third\f_0030.png	511067	1786524003077
C:\Users\natha\Projects\boyd-clips\research\blender\graphics\renders\lower_third\f_0031.png	511067	1786524003224
C:\Users\natha\Projects\boyd-clips\research\blender\graphics\renders\lower_third\f_0032.png	511067	1786524003370
C:\Users\natha\Projects\boyd-clips\research\blender\graphics\renders\lower_third\f_0033.png	511067	1786524003514
C:\Users\natha\Projects\boyd-clips\research\blender\graphics\renders\lower_third\f_0034.png	511067	1786524003662
C:\Users\natha\Projects\boyd-clips\research\blender\graphics\renders\lower_third\f_0035.png	511067	1786524003810
C:\Users\natha\Projects\boyd-clips\research\blender\graphics\renders\lower_third\f_0036.png	511067	1786524003957
C:\Users\natha\Projects\boyd-clips\research\blender\graphics\renders\lower_third\f_0037.png	511067	1786524004100
C:\Users\natha\Projects\boyd-clips\research\blender\graphics\renders\lower_third\f_0038.png	511067	1786524004246
C:\Users\natha\Projects\boyd-clips\research\blender\graphics\renders\lower_third\f_0039.png	511067	1786524004390
C:\Users\natha\Projects\boyd-clips\research\blender\graphics\renders\lower_third\f_0040.png	511067	1786524004535
C:\Users\natha\Projects\boyd-clips\research\blender\graphics\renders\lower_third\f_0041.png	511067	1786524004680
C:\Users\natha\Projects\boyd-clips\research\blender\graphics\renders\lower_third\f_0042.png	511067	1786524004828
C:\Users\natha\Projects\boyd-clips\research\blender\graphics\renders\lower_third\f_0043.png	511067	1786524004976
C:\Users\natha\Projects\boyd-clips\research\blender\graphics\renders\lower_third\f_0044.png	511067	1786524005120
C:\Users\natha\Projects\boyd-clips\research\blender\graphics\renders\lower_third\f_0045.png	511067	1786524005264
C:\Users\natha\Projects\boyd-clips\research\blender\graphics\renders\lower_third\f_0046.png	511067	1786524005413
C:\Users\natha\Projects\boyd-clips\research\blender\graphics\renders\lower_third\f_0047.png	511067	1786524005561
C:\Users\natha\Projects\boyd-clips\research\blender\graphics\renders\lower_third\f_0048.png	511067	1786524005708
C:\Users\natha\Projects\boyd-clips\research\blender\graphics\renders\lower_third\f_0049.png	511067	1786524005856
C:\Users\natha\Projects\boyd-clips\research\blender\graphics\renders\lower_third\f_0050.png	511067	1786524006006
C:\Users\natha\Projects\boyd-clips\research\blender\graphics\renders\lower_third\f_0051.png	511067	1786524006153
C:\Users\natha\Projects\boyd-clips\research\blender\graphics\renders\lower_third\f_0052.png	511067	1786524006298
C:\Users\natha\Projects\boyd-clips\research\blender\graphics\renders\lower_third\f_0053.png	511067	1786524006448
C:\Users\natha\Projects\boyd-clips\research\blender\graphics\renders\lower_third\f_0054.png	511067	1786524006594
C:\Users\natha\Projects\boyd-clips\research\blender\graphics\renders\lower_third\f_0055.png	511067	1786524006741
C:\Users\natha\Projects\boyd-clips\research\blender\graphics\renders\lower_third\f_0056.png	511067	1786524006888
C:\Users\natha\Projects\boyd-clips\research\blender\graphics\renders\lower_third\f_0057.png	511067	1786524007033
C:\Users\natha\Projects\boyd-clips\research\blender\graphics\renders\lower_third\f_0058.png	511067	1786524007178
C:\Users\natha\Projects\boyd-clips\research\blender\graphics\renders\lower_third\f_0059.png	511067	1786524007324
C:\Users\natha\Projects\boyd-clips\research\blender\graphics\renders\lower_third\f_0060.png	511067	1786524007475
C:\Users\natha\Projects\boyd-clips\research\blender\graphics\renders\lower_third\f_0061.png	511067	1786524007622
C:\Users\natha\Projects\boyd-clips\research\blender\graphics\renders\lower_third\f_0062.png	511067	1786524007768
C:\Users\natha\Projects\boyd-clips\research\blender\graphics\renders\lower_third\f_0063.png	511067	1786524007914
C:\Users\natha\Projects\boyd-clips\research\blender\graphics\renders\lower_third\f_0064.png	511067	1786524008057
C:\Users\natha\Projects\boyd-clips\research\blender\graphics\renders\lower_third\f_0065.png	511067	1786524008199
C:\Users\natha\Projects\boyd-clips\research\blender\graphics\renders\lower_third\f_0066.png	511067	1786524008348
C:\Users\natha\Projects\boyd-clips\research\blender\graphics\renders\lower_third\f_0067.png	511067	1786524008496
C:\Users\natha\Projects\boyd-clips\research\blender\graphics\renders\lower_third\f_0068.png	511067	1786524008644
C:\Users\natha\Projects\boyd-clips\research\blender\graphics\renders\lower_third\f_0069.png	511067	1786524008787
C:\Users\natha\Projects\boyd-clips\research\blender\graphics\renders\lower_third\f_0070.png	511067	1786524008933
C:\Users\natha\Projects\boyd-clips\research\blender\graphics\renders\lower_third\f_0071.png	511067	1786524009077
C:\Users\natha\Projects\boyd-clips\research\blender\graphics\renders\lower_third\f_0072.png	511067	1786524009224
C:\Users\natha\Projects\boyd-clips\research\blender\graphics\renders\lower_third\f_0073.png	511067	1786524009371
C:\Users\natha\Projects\boyd-clips\research\blender\graphics\renders\lower_third\f_0074.png	511067	1786524009516
C:\Users\natha\Projects\boyd-clips\research\blender\graphics\renders\lower_third\f_0075.png	511067	1786524009662
C:\Users\natha\Projects\boyd-clips\research\blender\graphics\renders\lower_third\f_0076.png	511067	1786524009808
C:\Users\natha\Projects\boyd-clips\research\blender\graphics\renders\lower_third\f_0077.png	511067	1786524009955
C:\Users\natha\Projects\boyd-clips\research\blender\graphics\renders\lower_third\f_0078.png	511067	1786524010104
C:\Users\natha\Projects\boyd-clips\research\blender\graphics\renders\lower_third\f_0079.png	511067	1786524010252
C:\Users\natha\Projects\boyd-clips\research\blender\graphics\renders\lower_third\f_0080.png	511067	1786524010398
C:\Users\natha\Projects\boyd-clips\research\blender\graphics\renders\lower_third\f_0081.png	511067	1786524010544
C:\Users\natha\Projects\boyd-clips\research\blender\graphics\renders\lower_third\f_0082.png	511067	1786524010688
C:\Users\natha\Projects\boyd-clips\research\blender\graphics\renders\lower_third\f_0083.png	511067	1786524010835
C:\Users\natha\Projects\boyd-clips\research\blender\graphics\renders\lower_third\f_0084.png	511067	1786524010980
C:\Users\natha\Projects\boyd-clips\research\blender\graphics\renders\lower_third\f_0085.png	511067	1786524011135
C:\Users\natha\Projects\boyd-clips\research\blender\graphics\renders\lower_third\f_0086.png	511067	1786524011283
C:\Users\natha\Projects\boyd-clips\research\blender\graphics\renders\lower_third\f_0087.png	511067	1786524011430
C:\Users\natha\Projects\boyd-clips\research\blender\graphics\renders\lower_third\f_0088.png	511067	1786524011572
C:\Users\natha\Projects\boyd-clips\research\blender\graphics\renders\lower_third\f_0089.png	511067	1786524011715
C:\Users\natha\Projects\boyd-clips\research\blender\graphics\renders\lower_third\f_0090.png	511067	1786524011859
C:\Users\natha\Projects\boyd-clips\research\blender\graphics\renders\lower_third\f_0091.png	511067	1786524012018
C:\Users\natha\Projects\boyd-clips\research\blender\graphics\renders\lower_third\f_0092.png	511067	1786524012167
C:\Users\natha\Projects\boyd-clips\research\blender\graphics\renders\lower_third\f_0093.png	511067	1786524012314
C:\Users\natha\Projects\boyd-clips\research\blender\graphics\renders\lower_third\f_0094.png	511067	1786524012461
C:\Users\natha\Projects\boyd-clips\research\blender\graphics\renders\lower_third\f_0095.png	511067	1786524012606
C:\Users\natha\Projects\boyd-clips\research\blender\graphics\renders\lower_third\f_0096.png	511067	1786524012758
C:\Users\natha\Projects\boyd-clips\research\blender\graphics\renders\lower_third\f_0097.png	511067	1786524012907
C:\Users\natha\Projects\boyd-clips\research\blender\graphics\renders\lower_third\f_0098.png	511067	1786524013054
C:\Users\natha\Projects\boyd-clips\research\blender\graphics\renders\lower_third\f_0099.png	511067	1786524013200
C:\Users\natha\Projects\boyd-clips\research\blender\graphics\renders\lower_third\f_0100.png	511067	1786524013346
C:\Users\natha\Projects\boyd-clips\research\blender\graphics\renders\lower_third\f_0101.png	511067	1786524013492
C:\Users\natha\Projects\boyd-clips\research\blender\graphics\renders\lower_third\f_0102.png	511067	1786524013638
C:\Users\natha\Projects\boyd-clips\research\blender\graphics\renders\lower_third\f_0103.png	511067	1786524013786
C:\Users\natha\Projects\boyd-clips\research\blender\graphics\renders\lower_third\f_0104.png	511067	1786524013934
C:\Users\natha\Projects\boyd-clips\research\blender\graphics\renders\lower_third\f_0105.png	511067	1786524014078
C:\Users\natha\Projects\boyd-clips\research\blender\graphics\renders\lower_third\f_0106.png	511067	1786524014225
C:\Users\natha\Projects\boyd-clips\research\blender\graphics\renders\lower_third\f_0107.png	511067	1786524014373
C:\Users\natha\Projects\boyd-clips\research\blender\graphics\renders\lower_third\f_0108.png	511067	1786524014519
C:\Users\natha\Projects\boyd-clips\research\blender\graphics\renders\lower_third\f_0109.png	511067	1786524014663
C:\Users\natha\Projects\boyd-clips\research\blender\graphics\renders\lower_third\f_0110.png	511067	1786524014813
C:\Users\natha\Projects\boyd-clips\research\blender\graphics\renders\lower_third\f_0111.png	511067	1786524014963
C:\Users\natha\Projects\boyd-clips\research\blender\graphics\renders\lower_third\f_0112.png	511067	1786524015107
C:\Users\natha\Projects\boyd-clips\research\blender\graphics\renders\lower_third\f_0113.png	511067	1786524015255
C:\Users\natha\Projects\boyd-clips\research\blender\graphics\renders\lower_third\f_0114.png	511067	1786524015403
C:\Users\natha\Projects\boyd-clips\research\blender\graphics\renders\lower_third\f_0115.png	511067	1786524015547
C:\Users\natha\Projects\boyd-clips\research\blender\graphics\renders\lower_third\f_0116.png	511067	1786524015695
C:\Users\natha\Projects\boyd-clips\research\blender\graphics\renders\lower_third\f_0117.png	511067	1786524015847
C:\Users\natha\Projects\boyd-clips\research\blender\graphics\renders\lower_third\f_0118.png	511067	1786524015992
C:\Users\natha\Projects\boyd-clips\research\blender\graphics\renders\lower_third\f_0119.png	511067	1786524016138
C:\Users\natha\Projects\boyd-clips\research\blender\graphics\renders\lower_third\f_0120.png	502156	1786524016293
C:\Users\natha\Projects\boyd-clips\research\blender\graphics\renders\lower_third\f_0121.png	497369	1786524016441
C:\Users\natha\Projects\boyd-clips\research\blender\graphics\renders\lower_third\f_0122.png	493998	1786524016589
C:\Users\natha\Projects\boyd-clips\research\blender\graphics\renders\lower_third\f_0123.png	483868	1786524016737
C:\Users\natha\Projects\boyd-clips\research\blender\graphics\renders\lower_third\f_0124.png	476615	1786524016882
C:\Users\natha\Projects\boyd-clips\research\blender\graphics\renders\lower_third\f_0125.png	473691	1786524017024
C:\Users\natha\Projects\boyd-clips\research\blender\graphics\renders\lower_third\f_0126.png	473226	1786524017174
C:\Users\natha\Projects\boyd-clips\research\blender\graphics\renders\lower_third\f_0127.png	453327	1786524017317
C:\Users\natha\Projects\boyd-clips\research\blender\graphics\renders\lower_third\f_0128.png	447880	1786524017463
C:\Users\natha\Projects\boyd-clips\research\blender\graphics\renders\lower_third\f_0129.png	443512	1786524017609
C:\Users\natha\Projects\boyd-clips\research\blender\graphics\renders\lower_third\f_0130.png	443434	1786524017751
C:\Users\natha\Projects\boyd-clips\research\blender\graphics\renders\lower_third\f_0131.png	443338	1786524017897
C:\Users\natha\Projects\boyd-clips\research\blender\graphics\renders\lower_third\f_0132.png	443338	1786524018043
C:\Users\natha\Projects\boyd-clips\research\blender\graphics\renders\lower_third\f_0133.png	443338	1786524018187
C:\Users\natha\Projects\boyd-clips\research\blender\graphics\renders\lower_third\f_0134.png	443338	1786524018330
C:\Users\natha\Projects\boyd-clips\research\blender\graphics\renders\lower_third\f_0135.png	443338	1786524018474
C:\Users\natha\Projects\boyd-clips\research\blender\graphics\renders\lt_contact.png	73686	1786522456676
C:\Users\natha\Projects\boyd-clips\research\blender\graphics\renders\lt_detail.png	75376	1786521796400
C:\Users\natha\Projects\boyd-clips\research\blender\graphics\renders\probe\probe_0001.png	39235	1786521258944
C:\Users\natha\Projects\boyd-clips\research\blender\graphics\renders\probe_mask\f_0001.png	38392	1786522110104
C:\Users\natha\Projects\boyd-clips\research\blender\graphics\renders\probe_mask\f_0002.png	38332	1786522110235
C:\Users\natha\Projects\boyd-clips\research\blender\graphics\renders\probe_mask\f_0003.png	38424	1786522110356
C:\Users\natha\Projects\boyd-clips\research\blender\graphics\renders\probe_z\f_0001.png	39040	1786522316272
C:\Users\natha\Projects\boyd-clips\research\blender\graphics\renders\qc_contact.png	66061	1786523060144
C:\Users\natha\Projects\boyd-clips\research\blender\graphics\renders\quote_card\f_0001.png	446369	1786524076227
C:\Users\natha\Projects\boyd-clips\research\blender\graphics\renders\quote_card\f_0002.png	570936	1786524076391
C:\Users\natha\Projects\boyd-clips\research\blender\graphics\renders\quote_card\f_0003.png	662414	1786524076551
C:\Users\natha\Projects\boyd-clips\research\blender\graphics\renders\quote_card\f_0004.png	727960	1786524076718
C:\Users\natha\Projects\boyd-clips\research\blender\graphics\renders\quote_card\f_0005.png	773087	1786524076882
C:\Users\natha\Projects\boyd-clips\research\blender\graphics\renders\quote_card\f_0006.png	802469	1786524077047
C:\Users\natha\Projects\boyd-clips\research\blender\graphics\renders\quote_card\f_0007.png	815864	1786524077212
C:\Users\natha\Projects\boyd-clips\research\blender\graphics\renders\quote_card\f_0008.png	878916	1786524077378
C:\Users\natha\Projects\boyd-clips\research\blender\graphics\renders\quote_card\f_0009.png	897108	1786524077547
C:\Users\natha\Projects\boyd-clips\research\blender\graphics\renders\quote_card\f_0010.png	895550	1786524077717
C:\Users\natha\Projects\boyd-clips\research\blender\graphics\renders\quote_card\f_0011.png	894090	1786524077883
C:\Users\natha\Projects\boyd-clips\research\blender\graphics\renders\quote_card\f_0012.png	924658	1786524078052
C:\Users\natha\Projects\boyd-clips\research\blender\graphics\renders\quote_card\f_0013.png	939125	1786524078221
C:\Users\natha\Projects\boyd-clips\research\blender\graphics\renders\quote_card\f_0014.png	932970	1786524078391
C:\Users\natha\Projects\boyd-clips\research\blender\graphics\renders\quote_card\f_0015.png	931241	1786524078562
C:\Users\natha\Projects\boyd-clips\research\blender\graphics\renders\quote_card\f_0016.png	931519	1786524078731
C:\Users\natha\Projects\boyd-clips\research\blender\graphics\renders\quote_card\f_0017.png	931981	1786524078898
C:\Users\natha\Projects\boyd-clips\research\blender\graphics\renders\quote_card\f_0018.png	931605	1786524079065
C:\Users\natha\Projects\boyd-clips\research\blender\graphics\renders\quote_card\f_0019.png	931623	1786524079234
C:\Users\natha\Projects\boyd-clips\research\blender\graphics\renders\quote_card\f_0020.png	931623	1786524079404
C:\Users\natha\Projects\boyd-clips\research\blender\graphics\renders\quote_card\f_0021.png	931623	1786524079569
C:\Users\natha\Projects\boyd-clips\research\blender\graphics\renders\quote_card\f_0022.png	931277	1786524079736
C:\Users\natha\Projects\boyd-clips\research\blender\graphics\renders\quote_card\f_0023.png	931456	1786524079904
C:\Users\natha\Projects\boyd-clips\research\blender\graphics\renders\quote_card\f_0024.png	950025	1786524080073
C:\Users\natha\Projects\boyd-clips\research\blender\graphics\renders\quote_card\f_0025.png	953488	1786524080244
C:\Users\natha\Projects\boyd-clips\research\blender\graphics\renders\quote_card\f_0026.png	954815	1786524080413
C:\Users\natha\Projects\boyd-clips\research\blender\graphics\renders\quote_card\f_0027.png	955582	1786524080587
C:\Users\natha\Projects\boyd-clips\research\blender\graphics\renders\quote_card\f_0028.png	955208	1786524080757
C:\Users\natha\Projects\boyd-clips\research\blender\graphics\renders\quote_card\f_0029.png	954936	1786524080927
C:\Users\natha\Projects\boyd-clips\research\blender\graphics\renders\quote_card\f_0030.png	954973	1786524081101
C:\Users\natha\Projects\boyd-clips\research\blender\graphics\renders\quote_card\f_0031.png	955085	1786524081270
C:\Users\natha\Projects\boyd-clips\research\blender\graphics\renders\quote_card\f_0032.png	955085	1786524081438
C:\Users\natha\Projects\boyd-clips\research\blender\graphics\renders\quote_card\f_0033.png	955085	1786524081607
C:\Users\natha\Projects\boyd-clips\research\blender\graphics\renders\quote_card\f_0034.png	955085	1786524081775
C:\Users\natha\Projects\boyd-clips\research\blender\graphics\renders\quote_card\f_0035.png	955085	1786524081948
C:\Users\natha\Projects\boyd-clips\research\blender\graphics\renders\quote_card\f_0036.png	955085	1786524082116
C:\Users\natha\Projects\boyd-clips\research\blender\graphics\renders\quote_card\f_0037.png	955085	1786524082286
C:\Users\natha\Projects\boyd-clips\research\blender\graphics\renders\quote_card\f_0038.png	955085	1786524082455
C:\Users\natha\Projects\boyd-clips\research\blender\graphics\renders\quote_card\f_0039.png	955085	1786524082622
C:\Users\natha\Projects\boyd-clips\research\blender\graphics\renders\quote_card\f_0040.png	955085	1786524082791
C:\Users\natha\Projects\boyd-clips\research\blender\graphics\renders\quote_card\f_0041.png	955085	1786524082962
C:\Users\natha\Projects\boyd-clips\research\blender\graphics\renders\quote_card\f_0042.png	955085	1786524083133
C:\Users\natha\Projects\boyd-clips\research\blender\graphics\renders\quote_card\f_0043.png	955085	1786524083314
C:\Users\natha\Projects\boyd-clips\research\blender\graphics\renders\quote_card\f_0044.png	955085	1786524083484
C:\Users\natha\Projects\boyd-clips\research\blender\graphics\renders\quote_card\f_0045.png	955085	1786524083664
C:\Users\natha\Projects\boyd-clips\research\blender\graphics\renders\quote_card\f_0046.png	955085	1786524083834
C:\Users\natha\Projects\boyd-clips\research\blender\graphics\renders\quote_card\f_0047.png	955085	1786524084002
C:\Users\natha\Projects\boyd-clips\research\blender\graphics\renders\quote_card\f_0048.png	955085	1786524084170
C:\Users\natha\Projects\boyd-clips\research\blender\graphics\renders\quote_card\f_0049.png	955085	1786524084338
C:\Users\natha\Projects\boyd-clips\research\blender\graphics\renders\quote_card\f_0050.png	955085	1786524084507
C:\Users\natha\Projects\boyd-clips\research\blender\graphics\renders\quote_card\f_0051.png	955085	1786524084677
C:\Users\natha\Projects\boyd-clips\research\blender\graphics\renders\quote_card\f_0052.png	955085	1786524084845
C:\Users\natha\Projects\boyd-clips\research\blender\graphics\renders\quote_card\f_0053.png	955085	1786524085011
C:\Users\natha\Projects\boyd-clips\research\blender\graphics\renders\quote_card\f_0054.png	955085	1786524085178
C:\Users\natha\Projects\boyd-clips\research\blender\graphics\renders\quote_card\f_0055.png	955085	1786524085345
C:\Users\natha\Projects\boyd-clips\research\blender\graphics\renders\quote_card\f_0056.png	955085	1786524085513
C:\Users\natha\Projects\boyd-clips\research\blender\graphics\renders\quote_card\f_0057.png	955085	1786524085682
C:\Users\natha\Projects\boyd-clips\research\blender\graphics\renders\quote_card\f_0058.png	955085	1786524085851
C:\Users\natha\Projects\boyd-clips\research\blender\graphics\renders\quote_card\f_0059.png	955085	1786524086018
C:\Users\natha\Projects\boyd-clips\research\blender\graphics\renders\quote_card\f_0060.png	955085	1786524086188
C:\Users\natha\Projects\boyd-clips\research\blender\graphics\renders\quote_card\f_0061.png	955085	1786524086355
C:\Users\natha\Projects\boyd-clips\research\blender\graphics\renders\quote_card\f_0062.png	955085	1786524086521
C:\Users\natha\Projects\boyd-clips\research\blender\graphics\renders\quote_card\f_0063.png	955085	1786524086690
C:\Users\natha\Projects\boyd-clips\research\blender\graphics\renders\quote_card\f_0064.png	955085	1786524086861
C:\Users\natha\Projects\boyd-clips\research\blender\graphics\renders\quote_card\f_0065.png	955085	1786524087031
C:\Users\natha\Projects\boyd-clips\research\blender\graphics\renders\quote_card\f_0066.png	955085	1786524087197
C:\Users\natha\Projects\boyd-clips\research\blender\graphics\renders\quote_card\f_0067.png	955085	1786524087363
C:\Users\natha\Projects\boyd-clips\research\blender\graphics\renders\quote_card\f_0068.png	955085	1786524087533
C:\Users\natha\Projects\boyd-clips\research\blender\graphics\renders\quote_card\f_0069.png	955085	1786524087702
C:\Users\natha\Projects\boyd-clips\research\blender\graphics\renders\quote_card\f_0070.png	955085	1786524087871
C:\Users\natha\Projects\boyd-clips\research\blender\graphics\renders\quote_card\f_0071.png	955085	1786524088046
C:\Users\natha\Projects\boyd-clips\research\blender\graphics\renders\quote_card\f_0072.png	955085	1786524088217
C:\Users\natha\Projects\boyd-clips\research\blender\graphics\renders\quote_card\f_0073.png	955085	1786524088385
C:\Users\natha\Projects\boyd-clips\research\blender\graphics\renders\quote_card\f_0074.png	955085	1786524088555
C:\Users\natha\Projects\boyd-clips\research\blender\graphics\renders\quote_card\f_0075.png	955085	1786524088723
C:\Users\natha\Projects\boyd-clips\research\blender\graphics\renders\quote_card\f_0076.png	955085	1786524088891
C:\Users\natha\Projects\boyd-clips\research\blender\graphics\renders\quote_card\f_0077.png	955085	1786524089062
C:\Users\natha\Projects\boyd-clips\research\blender\graphics\renders\quote_card\f_0078.png	955085	1786524089232
C:\Users\natha\Projects\boyd-clips\research\blender\graphics\renders\quote_card\f_0079.png	955085	1786524089404
C:\Users\natha\Projects\boyd-clips\research\blender\graphics\renders\quote_card\f_0080.png	955085	1786524089571
C:\Users\natha\Projects\boyd-clips\research\blender\graphics\renders\quote_card\f_0081.png	955085	1786524089739
C:\Users\natha\Projects\boyd-clips\research\blender\graphics\renders\quote_card\f_0082.png	955085	1786524089909
C:\Users\natha\Projects\boyd-clips\research\blender\graphics\renders\quote_card\f_0083.png	955085	1786524090081
C:\Users\natha\Projects\boyd-clips\research\blender\graphics\renders\quote_card\f_0084.png	955085	1786524090254
C:\Users\natha\Projects\boyd-clips\research\blender\graphics\renders\quote_card\f_0085.png	955085	1786524090426
C:\Users\natha\Projects\boyd-clips\research\blender\graphics\renders\quote_card\f_0086.png	955085	1786524090593
C:\Users\natha\Projects\boyd-clips\research\blender\graphics\renders\quote_card\f_0087.png	955085	1786524090760
C:\Users\natha\Projects\boyd-clips\research\blender\graphics\renders\quote_card\f_0088.png	955085	1786524090929
C:\Users\natha\Projects\boyd-clips\research\blender\graphics\renders\quote_card\f_0089.png	955085	1786524091107
C:\Users\natha\Projects\boyd-clips\research\blender\graphics\renders\quote_card\f_0090.png	955085	1786524091276
C:\Users\natha\Projects\boyd-clips\research\blender\graphics\renders\quote_card\f_0091.png	955085	1786524091447
C:\Users\natha\Projects\boyd-clips\research\blender\graphics\renders\quote_card\f_0092.png	955085	1786524091613
C:\Users\natha\Projects\boyd-clips\research\blender\graphics\renders\quote_card\f_0093.png	955085	1786524091781
C:\Users\natha\Projects\boyd-clips\research\blender\graphics\renders\quote_card\f_0094.png	955085	1786524091952
C:\Users\natha\Projects\boyd-clips\research\blender\graphics\renders\quote_card\f_0095.png	955085	1786524092127
C:\Users\natha\Projects\boyd-clips\research\blender\graphics\renders\quote_card\f_0096.png	955085	1786524092294
C:\Users\natha\Projects\boyd-clips\research\blender\graphics\renders\quote_card\f_0097.png	955085	1786524092462
C:\Users\natha\Projects\boyd-clips\research\blender\graphics\renders\quote_card\f_0098.png	955085	1786524092628
C:\Users\natha\Projects\boyd-clips\research\blender\graphics\renders\quote_card\f_0099.png	955085	1786524092795
C:\Users\natha\Projects\boyd-clips\research\blender\graphics\renders\quote_card\f_0100.png	955085	1786524092966
C:\Users\natha\Projects\boyd-clips\research\blender\graphics\renders\quote_card\f_0101.png	955085	1786524093135
C:\Users\natha\Projects\boyd-clips\research\blender\graphics\renders\quote_card\f_0102.png	955085	1786524093303
C:\Users\natha\Projects\boyd-clips\research\blender\graphics\renders\quote_card\f_0103.png	955085	1786524093483
C:\Users\natha\Projects\boyd-clips\research\blender\graphics\renders\quote_card\f_0104.png	955085	1786524093651
C:\Users\natha\Projects\boyd-clips\research\blender\graphics\renders\quote_card\f_0105.png	955085	1786524093823
C:\Users\natha\Projects\boyd-clips\research\blender\graphics\renders\quote_card\f_0106.png	955085	1786524093991
C:\Users\natha\Projects\boyd-clips\research\blender\graphics\renders\quote_card\f_0107.png	955085	1786524094159
C:\Users\natha\Projects\boyd-clips\research\blender\graphics\renders\quote_card\f_0108.png	955085	1786524094327
C:\Users\natha\Projects\boyd-clips\research\blender\graphics\renders\quote_card\f_0109.png	955085	1786524094496
C:\Users\natha\Projects\boyd-clips\research\blender\graphics\renders\quote_card\f_0110.png	955085	1786524094668
C:\Users\natha\Projects\boyd-clips\research\blender\graphics\renders\quote_card\f_0111.png	955085	1786524094841
C:\Users\natha\Projects\boyd-clips\research\blender\graphics\renders\quote_card\f_0112.png	955085	1786524095012
C:\Users\natha\Projects\boyd-clips\research\blender\graphics\renders\quote_card\f_0113.png	955085	1786524095181
C:\Users\natha\Projects\boyd-clips\research\blender\graphics\renders\quote_card\f_0114.png	955085	1786524095352
C:\Users\natha\Projects\boyd-clips\research\blender\graphics\renders\quote_card\f_0115.png	955085	1786524095523
C:\Users\natha\Projects\boyd-clips\research\blender\graphics\renders\quote_card\f_0116.png	955085	1786524095693
C:\Users\natha\Projects\boyd-clips\research\blender\graphics\renders\quote_card\f_0117.png	955085	1786524095860
C:\Users\natha\Projects\boyd-clips\research\blender\graphics\renders\quote_card\f_0118.png	955085	1786524096032
C:\Users\natha\Projects\boyd-clips\research\blender\graphics\renders\quote_card\f_0119.png	955085	1786524096200
C:\Users\natha\Projects\boyd-clips\research\blender\graphics\renders\quote_card\f_0120.png	955085	1786524096369
C:\Users\natha\Projects\boyd-clips\research\blender\graphics\renders\quote_card\f_0121.png	955085	1786524096538
C:\Users\natha\Projects\boyd-clips\research\blender\graphics\renders\quote_card\f_0122.png	948238	1786524096707
C:\Users\natha\Projects\boyd-clips\research\blender\graphics\renders\quote_card\f_0123.png	1017253	1786524096876
C:\Users\natha\Projects\boyd-clips\research\blender\graphics\renders\quote_card\f_0124.png	969933	1786524097045
C:\Users\natha\Projects\boyd-clips\research\blender\graphics\renders\quote_card\f_0125.png	979815	1786524097214
C:\Users\natha\Projects\boyd-clips\research\blender\graphics\renders\quote_card\f_0126.png	987851	1786524097387
C:\Users\natha\Projects\boyd-clips\research\blender\graphics\renders\quote_card\f_0127.png	964446	1786524097556
C:\Users\natha\Projects\boyd-clips\research\blender\graphics\renders\quote_card\f_0128.png	972405	1786524097722
C:\Users\natha\Projects\boyd-clips\research\blender\graphics\renders\quote_card\f_0129.png	980351	1786524097892
C:\Users\natha\Projects\boyd-clips\research\blender\graphics\renders\quote_card\f_0130.png	974421	1786524098064
C:\Users\natha\Projects\boyd-clips\research\blender\graphics\renders\quote_card\f_0131.png	992557	1786524098232
C:\Users\natha\Projects\boyd-clips\research\blender\graphics\renders\quote_card\f_0132.png	959223	1786524098403
C:\Users\natha\Projects\boyd-clips\research\blender\graphics\renders\quote_card\f_0133.png	1035158	1786524098572
C:\Users\natha\Projects\boyd-clips\research\blender\graphics\renders\quote_card\f_0134.png	989102	1786524098740
C:\Users\natha\Projects\boyd-clips\research\blender\graphics\renders\quote_card\f_0135.png	1094024	1786524098916
C:\Users\natha\Projects\boyd-clips\research\blender\graphics\renders\quote_card\f_0136.png	958269	1786524099084
C:\Users\natha\Projects\boyd-clips\research\blender\graphics\renders\quote_card\f_0137.png	443190	1786524099239
C:\Users\natha\Projects\boyd-clips\research\blender\graphics\renders\t1.png	832	1786523234482
C:\Users\natha\Projects\boyd-clips\research\blender\graphics\renders\t2.png	2846	1786523234915
C:\Users\natha\Projects\boyd-clips\research\blender\graphics\renders\t3.png	832	1786523235322
C:\Users\natha\Projects\boyd-clips\research\blender\graphics\renders\t4.png	2846	1786523259173
C:\Users\natha\Projects\boyd-clips\research\blender\graphics\renders\t5.png	840	1786523259613
C:\Users\natha\Projects\boyd-clips\research\blender\graphics\renders\vc_contact.png	117265	1786522878801
C:\Users\natha\Projects\boyd-clips\research\blender\graphics\renders\verdict_card\f_0001.png	444761	1786692795723
C:\Users\natha\Projects\boyd-clips\research\blender\graphics\renders\verdict_card\f_0002.png	472317	1786692795877
C:\Users\natha\Projects\boyd-clips\research\blender\graphics\renders\verdict_card\f_0003.png	564640	1786692796025
C:\Users\natha\Projects\boyd-clips\research\blender\graphics\renders\verdict_card\f_0004.png	740869	1786692796183
C:\Users\natha\Projects\boyd-clips\research\blender\graphics\renders\verdict_card\f_0005.png	1023760	1786692796356
C:\Users\natha\Projects\boyd-clips\research\blender\graphics\renders\verdict_card\f_0006.png	1049390	1786692796526
C:\Users\natha\Projects\boyd-clips\research\blender\graphics\renders\verdict_card\f_0007.png	1048819	1786692796700
C:\Users\natha\Projects\boyd-clips\research\blender\graphics\renders\verdict_card\f_0008.png	1054004	1786692796875
C:\Users\natha\Projects\boyd-clips\research\blender\graphics\renders\verdict_card\f_0009.png	1054385	1786692797049
C:\Users\natha\Projects\boyd-clips\research\blender\graphics\renders\verdict_card\f_0010.png	1054187	1786692797226
C:\Users\natha\Projects\boyd-clips\research\blender\graphics\renders\verdict_card\f_0011.png	1074847	1786692797398
C:\Users\natha\Projects\boyd-clips\research\blender\graphics\renders\verdict_card\f_0012.png	1076758	1786692797572
C:\Users\natha\Projects\boyd-clips\research\blender\graphics\renders\verdict_card\f_0013.png	1072114	1786692797749
C:\Users\natha\Projects\boyd-clips\research\blender\graphics\renders\verdict_card\f_0014.png	1072031	1786692797923
C:\Users\natha\Projects\boyd-clips\research\blender\graphics\renders\verdict_card\f_0015.png	1072416	1786692798101
C:\Users\natha\Projects\boyd-clips\research\blender\graphics\renders\verdict_card\f_0016.png	1072401	1786692798275
C:\Users\natha\Projects\boyd-clips\research\blender\graphics\renders\verdict_card\f_0017.png	1072729	1786692798450
C:\Users\natha\Projects\boyd-clips\research\blender\graphics\renders\verdict_card\f_0018.png	1072857	1786692798622
C:\Users\natha\Projects\boyd-clips\research\blender\graphics\renders\verdict_card\f_0019.png	1080547	1786692798795
C:\Users\natha\Projects\boyd-clips\research\blender\graphics\renders\verdict_card\f_0020.png	1081459	1786692798972
C:\Users\natha\Projects\boyd-clips\research\blender\graphics\renders\verdict_card\f_0021.png	1081173	1786692799147
C:\Users\natha\Projects\boyd-clips\research\blender\graphics\renders\verdict_card\f_0022.png	1081315	1786692799323
C:\Users\natha\Projects\boyd-clips\research\blender\graphics\renders\verdict_card\f_0023.png	1081802	1786692799497
C:\Users\natha\Projects\boyd-clips\research\blender\graphics\renders\verdict_card\f_0024.png	1081885	1786692799667
C:\Users\natha\Projects\boyd-clips\research\blender\graphics\renders\verdict_card\f_0025.png	1082344	1786692799842
C:\Users\natha\Projects\boyd-clips\research\blender\graphics\renders\verdict_card\f_0026.png	1082213	1786692800017
C:\Users\natha\Projects\boyd-clips\research\blender\graphics\renders\verdict_card\f_0027.png	1082213	1786692800190
C:\Users\natha\Projects\boyd-clips\research\blender\graphics\renders\verdict_card\f_0028.png	1082213	1786692800368
C:\Users\natha\Projects\boyd-clips\research\blender\graphics\renders\verdict_card\f_0029.png	1082213	1786692800539
C:\Users\natha\Projects\boyd-clips\research\blender\graphics\renders\verdict_card\f_0030.png	1082213	1786692800717
C:\Users\natha\Projects\boyd-clips\research\blender\graphics\renders\verdict_card\f_0031.png	1082213	1786692800895
C:\Users\natha\Projects\boyd-clips\research\blender\graphics\renders\verdict_card\f_0032.png	1082213	1786692801071
C:\Users\natha\Projects\boyd-clips\research\blender\graphics\renders\verdict_card\f_0033.png	1082213	1786692801247
C:\Users\natha\Projects\boyd-clips\research\blender\graphics\renders\verdict_card\f_0034.png	1082213	1786692801424
C:\Users\natha\Projects\boyd-clips\research\blender\graphics\renders\verdict_card\f_0035.png	1082213	1786692801596
C:\Users\natha\Projects\boyd-clips\research\blender\graphics\renders\verdict_card\f_0036.png	1082213	1786692801767
C:\Users\natha\Projects\boyd-clips\research\blender\graphics\renders\verdict_card\f_0037.png	1082213	1786692801939
C:\Users\natha\Projects\boyd-clips\research\blender\graphics\renders\verdict_card\f_0038.png	1082213	1786692802114
C:\Users\natha\Projects\boyd-clips\research\blender\graphics\renders\verdict_card\f_0039.png	1082213	1786692802290
C:\Users\natha\Projects\boyd-clips\research\blender\graphics\renders\verdict_card\f_0040.png	1082213	1786692802464
C:\Users\natha\Projects\boyd-clips\research\blender\graphics\renders\verdict_card\f_0041.png	1082213	1786692802635
C:\Users\natha\Projects\boyd-clips\research\blender\graphics\renders\verdict_card\f_0042.png	1082213	1786692802807
C:\Users\natha\Projects\boyd-clips\research\blender\graphics\renders\verdict_card\f_0043.png	1082213	1786692802980
C:\Users\natha\Projects\boyd-clips\research\blender\graphics\renders\verdict_card\f_0044.png	1082213	1786692803152
C:\Users\natha\Projects\boyd-clips\research\blender\graphics\renders\verdict_card\f_0045.png	1082213	1786692803331
C:\Users\natha\Projects\boyd-clips\research\blender\graphics\renders\verdict_card\f_0046.png	1082213	1786692803522
C:\Users\natha\Projects\boyd-clips\research\blender\graphics\renders\verdict_card\f_0047.png	1082213	1786692803720
C:\Users\natha\Projects\boyd-clips\research\blender\graphics\renders\verdict_card\f_0048.png	1082213	1786692803918
C:\Users\natha\Projects\boyd-clips\research\blender\graphics\renders\verdict_card\f_0049.png	1082213	1786692804117
C:\Users\natha\Projects\boyd-clips\research\blender\graphics\renders\verdict_card\f_0050.png	1082213	1786692804314
C:\Users\natha\Projects\boyd-clips\research\blender\graphics\renders\verdict_card\f_0051.png	1082213	1786692804513
C:\Users\natha\Projects\boyd-clips\research\blender\graphics\renders\verdict_card\f_0052.png	1082213	1786692804710
C:\Users\natha\Projects\boyd-clips\research\blender\graphics\renders\verdict_card\f_0053.png	1082213	1786692804896
C:\Users\natha\Projects\boyd-clips\research\blender\graphics\renders\verdict_card\f_0054.png	1082213	1786692805075
C:\Users\natha\Projects\boyd-clips\research\blender\graphics\renders\verdict_card\f_0055.png	1082213	1786692805249
C:\Users\natha\Projects\boyd-clips\research\blender\graphics\renders\verdict_card\f_0056.png	1082213	1786692805425
C:\Users\natha\Projects\boyd-clips\research\blender\graphics\renders\verdict_card\f_0057.png	1082213	1786692805597
C:\Users\natha\Projects\boyd-clips\research\blender\graphics\renders\verdict_card\f_0058.png	1082213	1786692805774
C:\Users\natha\Projects\boyd-clips\research\blender\graphics\renders\verdict_card\f_0059.png	1082213	1786692805948
C:\Users\natha\Projects\boyd-clips\research\blender\graphics\renders\verdict_card\f_0060.png	1082213	1786692806126
C:\Users\natha\Projects\boyd-clips\research\blender\graphics\renders\verdict_card\f_0061.png	1082213	1786692806299
C:\Users\natha\Projects\boyd-clips\research\blender\graphics\renders\verdict_card\f_0062.png	1082213	1786692806472
C:\Users\natha\Projects\boyd-clips\research\blender\graphics\renders\verdict_card\f_0063.png	1082213	1786692806647
C:\Users\natha\Projects\boyd-clips\research\blender\graphics\renders\verdict_card\f_0064.png	1082213	1786692806823
C:\Users\natha\Projects\boyd-clips\research\blender\graphics\renders\verdict_card\f_0065.png	1082213	1786692807002
C:\Users\natha\Projects\boyd-clips\research\blender\graphics\renders\verdict_card\f_0066.png	1082213	1786692807179
C:\Users\natha\Projects\boyd-clips\research\blender\graphics\renders\verdict_card\f_0067.png	1082213	1786692807356
C:\Users\natha\Projects\boyd-clips\research\blender\graphics\renders\verdict_card\f_0068.png	1082213	1786692807531
C:\Users\natha\Projects\boyd-clips\research\blender\graphics\renders\verdict_card\f_0069.png	1082213	1786692807708
C:\Users\natha\Projects\boyd-clips\research\blender\graphics\renders\verdict_card\f_0070.png	1082213	1786692807886
C:\Users\natha\Projects\boyd-clips\research\blender\graphics\renders\verdict_card\f_0071.png	1082213	1786692808059
C:\Users\natha\Projects\boyd-clips\research\blender\graphics\renders\verdict_card\f_0072.png	1082213	1786692808230
C:\Users\natha\Projects\boyd-clips\research\blender\graphics\renders\verdict_card\f_0073.png	1082213	1786692808405
C:\Users\natha\Projects\boyd-clips\research\blender\graphics\renders\verdict_card\f_0074.png	1082213	1786692808582
C:\Users\natha\Projects\boyd-clips\research\blender\graphics\renders\verdict_card\f_0075.png	1082213	1786692808760
C:\Users\natha\Projects\boyd-clips\research\blender\graphics\renders\verdict_card\f_0076.png	1082213	1786692808943
C:\Users\natha\Projects\boyd-clips\research\blender\graphics\renders\verdict_card\f_0077.png	1082213	1786692809140
C:\Users\natha\Projects\boyd-clips\research\blender\graphics\renders\verdict_card\f_0078.png	1082213	1786692809338
C:\Users\natha\Projects\boyd-clips\research\blender\graphics\renders\verdict_card\f_0079.png	1082213	1786692809540
C:\Users\natha\Projects\boyd-clips\research\blender\graphics\renders\verdict_card\f_0080.png	1082213	1786692809738
C:\Users\natha\Projects\boyd-clips\research\blender\graphics\renders\verdict_card\f_0081.png	1082213	1786692809934
C:\Users\natha\Projects\boyd-clips\research\blender\graphics\renders\verdict_card\f_0082.png	1082213	1786692810114
C:\Users\natha\Projects\boyd-clips\research\blender\graphics\renders\verdict_card\f_0083.png	1082213	1786692810286
C:\Users\natha\Projects\boyd-clips\research\blender\graphics\renders\verdict_card\f_0084.png	1082213	1786692810458
C:\Users\natha\Projects\boyd-clips\research\blender\graphics\renders\verdict_card\f_0085.png	1082213	1786692810631
C:\Users\natha\Projects\boyd-clips\research\blender\graphics\renders\verdict_card\f_0086.png	1082213	1786692810803
C:\Users\natha\Projects\boyd-clips\research\blender\graphics\renders\verdict_card\f_0087.png	1082213	1786692810974
C:\Users\natha\Projects\boyd-clips\research\blender\graphics\renders\verdict_card\f_0088.png	1082213	1786692811148
C:\Users\natha\Projects\boyd-clips\research\blender\graphics\renders\verdict_card\f_0089.png	1082213	1786692811371
C:\Users\natha\Projects\boyd-clips\research\blender\graphics\renders\verdict_card\f_0090.png	1082213	1786692811613
C:\Users\natha\Projects\boyd-clips\research\blender\graphics\renders\verdict_card\f_0091.png	1082213	1786692811856
C:\Users\natha\Projects\boyd-clips\research\blender\graphics\renders\verdict_card\f_0092.png	1082213	1786692812030
C:\Users\natha\Projects\boyd-clips\research\blender\graphics\renders\verdict_card\f_0093.png	1082213	1786692812204
C:\Users\natha\Projects\boyd-clips\research\blender\graphics\renders\verdict_card\f_0094.png	1082213	1786692812374
C:\Users\natha\Projects\boyd-clips\research\blender\graphics\renders\verdict_card\f_0095.png	1082213	1786692812548
C:\Users\natha\Projects\boyd-clips\research\blender\graphics\renders\verdict_card\f_0096.png	1082213	1786692812719
C:\Users\natha\Projects\boyd-clips\research\blender\graphics\renders\verdict_card\f_0097.png	1082213	1786692812892
C:\Users\natha\Projects\boyd-clips\research\blender\graphics\renders\verdict_card\f_0098.png	1082213	1786692813065
C:\Users\natha\Projects\boyd-clips\research\blender\graphics\renders\verdict_card\f_0099.png	1082213	1786692813239
C:\Users\natha\Projects\boyd-clips\research\blender\graphics\renders\verdict_card\f_0100.png	1082213	1786692813413
C:\Users\natha\Projects\boyd-clips\research\blender\graphics\renders\verdict_card\f_0101.png	1082213	1786692813585
C:\Users\natha\Projects\boyd-clips\research\blender\graphics\renders\verdict_card\f_0102.png	1082213	1786692813754
C:\Users\natha\Projects\boyd-clips\research\blender\graphics\renders\verdict_card\f_0103.png	1082213	1786692813927
C:\Users\natha\Projects\boyd-clips\research\blender\graphics\renders\verdict_card\f_0104.png	1082213	1786692814101
C:\Users\natha\Projects\boyd-clips\research\blender\graphics\renders\verdict_card\f_0105.png	1082213	1786692814275
C:\Users\natha\Projects\boyd-clips\research\blender\graphics\renders\verdict_card\f_0106.png	1082213	1786692814446
C:\Users\natha\Projects\boyd-clips\research\blender\graphics\renders\verdict_card\f_0107.png	1082213	1786692814618
C:\Users\natha\Projects\boyd-clips\research\blender\graphics\renders\verdict_card\f_0108.png	1082213	1786692814787
C:\Users\natha\Projects\boyd-clips\research\blender\graphics\renders\verdict_card\f_0109.png	1082213	1786692814967
C:\Users\natha\Projects\boyd-clips\research\blender\graphics\renders\verdict_card\f_0110.png	1082213	1786692815140
C:\Users\natha\Projects\boyd-clips\research\blender\graphics\renders\verdict_card\f_0111.png	1082213	1786692815312
C:\Users\natha\Projects\boyd-clips\research\blender\graphics\renders\verdict_card\f_0112.png	1082213	1786692815484
C:\Users\natha\Projects\boyd-clips\research\blender\graphics\renders\verdict_card\f_0113.png	1082213	1786692815653
C:\Users\natha\Projects\boyd-clips\research\blender\graphics\renders\verdict_card\f_0114.png	1082213	1786692815828
C:\Users\natha\Projects\boyd-clips\research\blender\graphics\renders\verdict_card\f_0115.png	1082213	1786692816004
C:\Users\natha\Projects\boyd-clips\research\blender\graphics\renders\verdict_card\f_0116.png	1082213	1786692816174
C:\Users\natha\Projects\boyd-clips\research\blender\graphics\renders\verdict_card\f_0117.png	1082213	1786692816345
C:\Users\natha\Projects\boyd-clips\research\blender\graphics\renders\verdict_card\f_0118.png	1082213	1786692816516
C:\Users\natha\Projects\boyd-clips\research\blender\graphics\renders\verdict_card\f_0119.png	1082213	1786692816689
C:\Users\natha\Projects\boyd-clips\research\blender\graphics\renders\verdict_card\f_0120.png	1082213	1786692816864
C:\Users\natha\Projects\boyd-clips\research\blender\graphics\renders\verdict_card\f_0121.png	1082213	1786692817033
C:\Users\natha\Projects\boyd-clips\research\blender\graphics\renders\verdict_card\f_0122.png	1082213	1786692817205
C:\Users\natha\Projects\boyd-clips\research\blender\graphics\renders\verdict_card\f_0123.png	1082213	1786692817377
C:\Users\natha\Projects\boyd-clips\research\blender\graphics\renders\verdict_card\f_0124.png	1082213	1786692817550
C:\Users\natha\Projects\boyd-clips\research\blender\graphics\renders\verdict_card\f_0125.png	1082213	1786692817724
C:\Users\natha\Projects\boyd-clips\research\blender\graphics\renders\verdict_card\f_0126.png	1082213	1786692817895
C:\Users\natha\Projects\boyd-clips\research\blender\graphics\renders\verdict_card\f_0127.png	1082213	1786692818066
C:\Users\natha\Projects\boyd-clips\research\blender\graphics\renders\verdict_card\f_0128.png	1082213	1786692818237
C:\Users\natha\Projects\boyd-clips\research\blender\graphics\renders\verdict_card\f_0129.png	1082213	1786692818408
C:\Users\natha\Projects\boyd-clips\research\blender\graphics\renders\verdict_card\f_0130.png	1082213	1786692818584
C:\Users\natha\Projects\boyd-clips\research\blender\graphics\renders\verdict_card\f_0131.png	1082213	1786692818756
C:\Users\natha\Projects\boyd-clips\research\blender\graphics\renders\verdict_card\f_0132.png	1082213	1786692818925
C:\Users\natha\Projects\boyd-clips\research\blender\graphics\renders\verdict_card\f_0133.png	1082213	1786692819101
C:\Users\natha\Projects\boyd-clips\research\blender\graphics\renders\verdict_card\f_0134.png	1082213	1786692819272
C:\Users\natha\Projects\boyd-clips\research\blender\graphics\renders\verdict_card\f_0135.png	1082213	1786692819449
C:\Users\natha\Projects\boyd-clips\research\blender\graphics\renders\verdict_card\f_0136.png	1082213	1786692819622
C:\Users\natha\Projects\boyd-clips\research\blender\graphics\renders\verdict_card\f_0137.png	1097608	1786692819797
C:\Users\natha\Projects\boyd-clips\research\blender\graphics\renders\verdict_card\f_0138.png	1146566	1786692819973
C:\Users\natha\Projects\boyd-clips\research\blender\graphics\renders\verdict_card\f_0139.png	1134020	1786692820154
C:\Users\natha\Projects\boyd-clips\research\blender\graphics\renders\verdict_card\f_0140.png	1068417	1786692820332
C:\Users\natha\Projects\boyd-clips\research\blender\graphics\renders\verdict_card\f_0141.png	1132654	1786692820510
C:\Users\natha\Projects\boyd-clips\research\blender\graphics\renders\verdict_card\f_0142.png	1067616	1786692820685
C:\Users\natha\Projects\boyd-clips\research\blender\graphics\renders\verdict_card\f_0143.png	1126850	1786692820862
C:\Users\natha\Projects\boyd-clips\research\blender\graphics\renders\verdict_card\f_0144.png	1168402	1786692821042
C:\Users\natha\Projects\boyd-clips\research\blender\graphics\renders\verdict_card\f_0145.png	1140093	1786692821222
C:\Users\natha\Projects\boyd-clips\research\blender\graphics\renders\verdict_card\f_0146.png	1170581	1786692821400
C:\Users\natha\Projects\boyd-clips\research\blender\graphics\renders\verdict_card\f_0147.png	1260662	1786692821580
C:\Users\natha\Projects\boyd-clips\research\blender\graphics\renders\verdict_card\f_0148.png	1189883	1786692821762
C:\Users\natha\Projects\boyd-clips\research\blender\graphics\renders\verdict_card\f_0149.png	1652989	1786692821965
C:\Users\natha\Projects\boyd-clips\research\blender\graphics\renders\verdict_card\f_0150.png	443190	1786692822119
C:\Users\natha\Projects\boyd-clips\research\blender\graphics\sheet.py	940	1786522241563
C:\Users\natha\Projects\boyd-clips\research\blender\probe_mblur.py	4511	1786505330110
C:\Users\natha\Projects\boyd-clips\research\blender\renders\_f.png	9001	1786506645111
C:\Users\natha\Projects\boyd-clips\research\blender\renders\_wm_frames\f0.png	884441	1786504958659
C:\Users\natha\Projects\boyd-clips\research\blender\renders\_wm_frames\f1.png	849532	1786504958813
C:\Users\natha\Projects\boyd-clips\research\blender\renders\_wm_scan\full.png	359302	1786504984536
C:\Users\natha\Projects\boyd-clips\research\blender\renders\_wm_scan\pv_longform_000100.png	938882	1786505025353
C:\Users\natha\Projects\boyd-clips\research\blender\renders\_wm_scan\pv_short_000006.png	1212095	1786505025674
C:\Users\natha\Projects\boyd-clips\research\blender\renders\_wm_scan\t100.png	16408	1786504976883
C:\Users\natha\Projects\boyd-clips\research\blender\renders\_wm_scan\t140.png	16254	1786504977031
C:\Users\natha\Projects\boyd-clips\research\blender\renders\_wm_scan\t180.png	16189	1786504977168
C:\Users\natha\Projects\boyd-clips\research\blender\renders\_wm_scan\t20.png	15825	1786504976671
C:\Users\natha\Projects\boyd-clips\research\blender\renders\_wm_scan\t220.png	16295	1786504977290
C:\Users\natha\Projects\boyd-clips\research\blender\renders\_wm_scan\t260.png	16007	1786504977408
C:\Users\natha\Projects\boyd-clips\research\blender\renders\_wm_scan\t300.png	15988	1786504977503
C:\Users\natha\Projects\boyd-clips\research\blender\renders\_wm_scan\t340.png	16731	1786504977649
C:\Users\natha\Projects\boyd-clips\research\blender\renders\_wm_scan\t380.png	967	1786504977757
C:\Users\natha\Projects\boyd-clips\research\blender\renders\_wm_scan\t420.png	16855	1786504977918
C:\Users\natha\Projects\boyd-clips\research\blender\renders\_wm_scan\t460.png	16253	1786504978060
C:\Users\natha\Projects\boyd-clips\research\blender\renders\_wm_scan\t500.png	16064	1786504978193
C:\Users\natha\Projects\boyd-clips\research\blender\renders\_wm_scan\t540.png	16091	1786504978314
C:\Users\natha\Projects\boyd-clips\research\blender\renders\_wm_scan\t580.png	16056	1786504978424
C:\Users\natha\Projects\boyd-clips\research\blender\renders\_wm_scan\t60.png	15761	1786504976785
C:\Users\natha\Projects\boyd-clips\research\blender\renders\_wm_scan\t620.png	16964	1786504978577
C:\Users\natha\Projects\boyd-clips\research\blender\renders\_wm_test.mp4	608677	1786505583265
C:\Users\natha\Projects\boyd-clips\research\blender\renders\_wm_test.png	776841	1786505583473
C:\Users\natha\Projects\boyd-clips\research\blender\renders\alpha_DNXHD_mov_25fps_br1850001-0006.mov	5505996	1786489863126
C:\Users\natha\Projects\boyd-clips\research\blender\renders\alpha_DNXHD_mov_br1850001-0006.mov	5505996	1786489861604
C:\Users\natha\Projects\boyd-clips\research\blender\renders\alpha_FFV1_mkv_rgba0001-0006.mkv	3117568	1786489858859
C:\Users\natha\Projects\boyd-clips\research\blender\renders\alpha_H264_mp4_rgb0001-0006.mp4	59328	1786489860123
C:\Users\natha\Projects\boyd-clips\research\blender\renders\alpha_PNG_avi_rgba0001-0006.avi	4119966	1786489857531
C:\Users\natha\Projects\boyd-clips\research\blender\renders\alpha_QTRLE_mov_rgba0001-0006.mov	2990336	1786489854608
C:\Users\natha\Projects\boyd-clips\research\blender\renders\alpha_WEBM_vp9_rgba0001-0006.webm	34068	1786489856173
C:\Users\natha\Projects\boyd-clips\research\blender\renders\alpha_half.exr	34160	1786490018737
C:\Users\natha\Projects\boyd-clips\research\blender\renders\alpha_half_png16.png	21448	1786490018669
C:\Users\natha\Projects\boyd-clips\research\blender\renders\alpha_half_png8.png	5625	1786490018603
C:\Users\natha\Projects\boyd-clips\research\blender\renders\animcomp\ac_0001.png	57316	1786490203639
C:\Users\natha\Projects\boyd-clips\research\blender\renders\animcomp\ac_0002.png	61757	1786490203702
C:\Users\natha\Projects\boyd-clips\research\blender\renders\animcomp\ac_0003.png	62293	1786490203761
C:\Users\natha\Projects\boyd-clips\research\blender\renders\animcomp\ac_0004.png	62151	1786490203818
C:\Users\natha\Projects\boyd-clips\research\blender\renders\animcomp\ac_0005.png	64188	1786490203875
C:\Users\natha\Projects\boyd-clips\research\blender\renders\animcomp\ac_0006.png	64219	1786490203935
C:\Users\natha\Projects\boyd-clips\research\blender\renders\arch\agx_bg.png	528	1786492951168
C:\Users\natha\Projects\boyd-clips\research\blender\renders\arch\agx_bg.raw	3	1786492984856
C:\Users\natha\Projects\boyd-clips\research\blender\renders\arch\agx_ink.png	528	1786492951305
C:\Users\natha\Projects\boyd-clips\research\blender\renders\arch\agx_ink.raw	3	1786492984911
C:\Users\natha\Projects\boyd-clips\research\blender\renders\arch\agx_red.png	529	1786492951237
C:\Users\natha\Projects\boyd-clips\research\blender\renders\arch\agx_red.raw	3	1786492984886
C:\Users\natha\Projects\boyd-clips\research\blender\renders\arch\audio_test_0001-0060.mp4	29825	1786493109022
C:\Users\natha\Projects\boyd-clips\research\blender\renders\arch\bg.raw	3	1786492897065
C:\Users\natha\Projects\boyd-clips\research\blender\renders\arch\brand_bg.png	528	1786492888367
C:\Users\natha\Projects\boyd-clips\research\blender\renders\arch\brand_ink.png	528	1786492888500
C:\Users\natha\Projects\boyd-clips\research\blender\renders\arch\brand_red.png	527	1786492888435
C:\Users\natha\Projects\boyd-clips\research\blender\renders\arch\gd_coords_pixel.png	689	1786493381871
C:\Users\natha\Projects\boyd-clips\research\blender\renders\arch\gd_coords_pixel.raw	72000	1786493382398
C:\Users\natha\Projects\boyd-clips\research\blender\renders\arch\gd_coords_uniform.png	689	1786493381803
C:\Users\natha\Projects\boyd-clips\research\blender\renders\arch\gd_coords_uniform.raw	72000	1786493382305
C:\Users\natha\Projects\boyd-clips\research\blender\renders\arch\gd_texnoise_uniform.png	905	1786493382073
C:\Users\natha\Projects\boyd-clips\research\blender\renders\arch\gd_texnoise_uniform.raw	72000	1786493382645
C:\Users\natha\Projects\boyd-clips\research\blender\renders\arch\gd_wnoise_pixel.png	905	1786493382005
C:\Users\natha\Projects\boyd-clips\research\blender\renders\arch\gd_wnoise_pixel.raw	72000	1786493382560
C:\Users\natha\Projects\boyd-clips\research\blender\renders\arch\gd_wnoise_uniform.png	905	1786493381938
C:\Users\natha\Projects\boyd-clips\research\blender\renders\arch\gd_wnoise_uniform.raw	72000	1786493382473
C:\Users\natha\Projects\boyd-clips\research\blender\renders\arch\grain_f1.png	120839	1786493418682
C:\Users\natha\Projects\boyd-clips\research\blender\renders\arch\grain_f1.raw	172800	1786493419211
C:\Users\natha\Projects\boyd-clips\research\blender\renders\arch\grain_f2.png	120851	1786493418732
C:\Users\natha\Projects\boyd-clips\research\blender\renders\arch\grain_f2.raw	172800	1786493419453
C:\Users\natha\Projects\boyd-clips\research\blender\renders\arch\grain_off.png	1474	1786493418777
C:\Users\natha\Projects\boyd-clips\research\blender\renders\arch\grain_off.raw	172800	1786493419032
C:\Users\natha\Projects\boyd-clips\research\blender\renders\arch\ink.raw	3	1786492897119
C:\Users\natha\Projects\boyd-clips\research\blender\renders\arch\mir_minusY.png	160589	1786493062913
C:\Users\natha\Projects\boyd-clips\research\blender\renders\arch\mir_plusY.png	160905	1786493062790
C:\Users\natha\Projects\boyd-clips\research\blender\renders\arch\mixdown.wav	195662	1786493109033
C:\Users\natha\Projects\boyd-clips\research\blender\renders\arch\red.raw	3	1786492897094
C:\Users\natha\Projects\boyd-clips\research\blender\renders\arch\shr_noshear.png	67911	1786493013263
C:\Users\natha\Projects\boyd-clips\research\blender\renders\arch\shr_shear20.png	71329	1786493013364
C:\Users\natha\Projects\boyd-clips\research\blender\renders\boyd_scene.blend	95323	1786489632455
C:\Users\natha\Projects\boyd-clips\research\blender\renders\boyd_scene.blend1	93478	1786489598727
C:\Users\natha\Projects\boyd-clips\research\blender\renders\comp\comp_off_.png	233888	1786489799465
C:\Users\natha\Projects\boyd-clips\research\blender\renders\comp\comp_on_.png	50089	1786489799482
C:\Users\natha\Projects\boyd-clips\research\blender\renders\comp\final_off_.png	233888	1786489884088
C:\Users\natha\Projects\boyd-clips\research\blender\renders\comp\final_on_.png	190823	1786489884186
C:\Users\natha\Projects\boyd-clips\research\blender\renders\comp_OFF.png	2093262	1786489698297
C:\Users\natha\Projects\boyd-clips\research\blender\renders\comp_ON.png	2101320	1786489697338
C:\Users\natha\Projects\boyd-clips\research\blender\renders\compdbg\none_.png	59007	1786489832032
C:\Users\natha\Projects\boyd-clips\research\blender\renders\compdbg\passthrough_.png	12914	1786489833207
C:\Users\natha\Projects\boyd-clips\research\blender\renders\compdbg\rlayers_.png	59007	1786489834867
C:\Users\natha\Projects\boyd-clips\research\blender\renders\compdbg\rlayers_glare_.png	61717	1786489836662
C:\Users\natha\Projects\boyd-clips\research\blender\renders\contact\beat_f0024.png	272307	1786494850475
C:\Users\natha\Projects\boyd-clips\research\blender\renders\contact\beat_f0025.png	291964	1786494850599
C:\Users\natha\Projects\boyd-clips\research\blender\renders\contact\beat_f0030.png	627317	1786494850755
C:\Users\natha\Projects\boyd-clips\research\blender\renders\contact\beat_f0036.png	613448	1786494850912
C:\Users\natha\Projects\boyd-clips\research\blender\renders\contact\beat_f0042.png	647044	1786494851075
C:\Users\natha\Projects\boyd-clips\research\blender\renders\contact\beat_f0049.png	652835	1786494851241
C:\Users\natha\Projects\boyd-clips\research\blender\renders\contact\contact_sheet.png	610990	1786494851957
C:\Users\natha\Projects\boyd-clips\research\blender\renders\contact\contact_sheet_beats.png	633390	1786494852720
C:\Users\natha\Projects\boyd-clips\research\blender\renders\contact\edge_quality_12x.png	27729	1786494918127
C:\Users\natha\Projects\boyd-clips\research\blender\renders\contact\even_f0001.png	30354	1786494849553
C:\Users\natha\Projects\boyd-clips\research\blender\renders\contact\even_f0018.png	246790	1786494849675
C:\Users\natha\Projects\boyd-clips\research\blender\renders\contact\even_f0034.png	643777	1786494849837
C:\Users\natha\Projects\boyd-clips\research\blender\renders\contact\even_f0051.png	657869	1786494850008
C:\Users\natha\Projects\boyd-clips\research\blender\renders\contact\even_f0067.png	693095	1786494850177
C:\Users\natha\Projects\boyd-clips\research\blender\renders\contact\even_f0084.png	716080	1786494850352
C:\Users\natha\Projects\boyd-clips\research\blender\renders\critic\EMIS_MIX_BLENDED.png	201957	1786491825906
C:\Users\natha\Projects\boyd-clips\research\blender\renders\critic\EMIS_MIX_DITHERED.png	201957	1786491826198
C:\Users\natha\Projects\boyd-clips\research\blender\renders\critic\PRINCIPLED_BLENDED.png	201957	1786491826360
C:\Users\natha\Projects\boyd-clips\research\blender\renders\critic\PRINCIPLED_DITHERED.png	201957	1786491826631
C:\Users\natha\Projects\boyd-clips\research\blender\renders\critic\cm_emis_INK.png	530	1786491920148
C:\Users\natha\Projects\boyd-clips\research\blender\renders\critic\cm_emis_RED.png	529	1786491920229
C:\Users\natha\Projects\boyd-clips\research\blender\renders\critic\cm_override.png	530	1786491920072
C:\Users\natha\Projects\boyd-clips\research\blender\renders\critic\det_a.png	201957	1786491826785
C:\Users\natha\Projects\boyd-clips\research\blender\renders\critic\det_b.png	201957	1786491826933
C:\Users\natha\Projects\boyd-clips\research\blender\renders\critic\dith_16_0.0.png	1856	1786492166586
C:\Users\natha\Projects\boyd-clips\research\blender\renders\critic\dith_16_1.0.png	1856	1786492166528
C:\Users\natha\Projects\boyd-clips\research\blender\renders\critic\dith_8_0.0.png	1252	1786492166470
C:\Users\natha\Projects\boyd-clips\research\blender\renders\critic\dith_8_1.0.png	18944	1786492166411
C:\Users\natha\Projects\boyd-clips\research\blender\renders\critic\dof_001.png	18997	1786492166677
C:\Users\natha\Projects\boyd-clips\research\blender\renders\critic\dof_004.png	21332	1786492166743
C:\Users\natha\Projects\boyd-clips\research\blender\renders\critic\dof_016.png	21233	1786492166818
C:\Users\natha\Projects\boyd-clips\research\blender\renders\critic\dof_064.png	21282	1786492166930
C:\Users\natha\Projects\boyd-clips\research\blender\renders\critic\dof_256.png	21362	1786492167193
C:\Users\natha\Projects\boyd-clips\research\blender\renders\critic\dof_off.png	4229	1786492167427
C:\Users\natha\Projects\boyd-clips\research\blender\renders\critic\fp\A_0001.png	836	1786491963767
C:\Users\natha\Projects\boyd-clips\research\blender\renders\critic\fp\A_0002.png	851	1786491963844
C:\Users\natha\Projects\boyd-clips\research\blender\renders\critic\fp\A_0003.png	814	1786491963918
C:\Users\natha\Projects\boyd-clips\research\blender\renders\critic\fp\A_0004.png	836	1786491963993
C:\Users\natha\Projects\boyd-clips\research\blender\renders\critic\fp\A_0005.png	695	1786491964066
C:\Users\natha\Projects\boyd-clips\research\blender\renders\critic\fp\B_0001.png	836	1786491964146
C:\Users\natha\Projects\boyd-clips\research\blender\renders\critic\fp\B_0002.png	851	1786491964224
C:\Users\natha\Projects\boyd-clips\research\blender\renders\critic\fp\B_0003.png	814	1786491964307
C:\Users\natha\Projects\boyd-clips\research\blender\renders\critic\fp\B_0004.png	836	1786491964391
C:\Users\natha\Projects\boyd-clips\research\blender\renders\critic\fp\B_0005.png	695	1786491964474
C:\Users\natha\Projects\boyd-clips\research\blender\renders\critic\fp\C_0001.png	836	1786491964550
C:\Users\natha\Projects\boyd-clips\research\blender\renders\critic\fp\C_0002.png	851	1786491964632
C:\Users\natha\Projects\boyd-clips\research\blender\renders\critic\fp\C_0003.png	810	1786491964712
C:\Users\natha\Projects\boyd-clips\research\blender\renders\critic\fp\C_0004.png	818	1786491964791
C:\Users\natha\Projects\boyd-clips\research\blender\renders\critic\fp\C_0005.png	692	1786491964873
C:\Users\natha\Projects\boyd-clips\research\blender\renders\critic\fp\D_0001.png	692	1786491964952
C:\Users\natha\Projects\boyd-clips\research\blender\renders\critic\fp\D_0005.png	695	1786491965033
C:\Users\natha\Projects\boyd-clips\research\blender\renders\critic\glare_Bloom.png	12483	1786492098761
C:\Users\natha\Projects\boyd-clips\research\blender\renders\critic\glare_Fog_Glow.png	4552	1786492099028
C:\Users\natha\Projects\boyd-clips\research\blender\renders\critic\glare_Ghosts.png	11639	1786492098848
C:\Users\natha\Projects\boyd-clips\research\blender\renders\critic\glare_Simple_Star.png	11502	1786492099114
C:\Users\natha\Projects\boyd-clips\research\blender\renders\critic\glare_Streaks.png	4320	1786492098936
C:\Users\natha\Projects\boyd-clips\research\blender\renders\critic\glare_Sun_Beams.png	19377	1786492099200
C:\Users\natha\Projects\boyd-clips\research\blender\renders\critic\glare_nocomp.png	821	1786492098669
C:\Users\natha\Projects\boyd-clips\research\blender\renders\critic\premul.png	605	1786491827033
C:\Users\natha\Projects\boyd-clips\research\blender\renders\critic\vid\agx.raw	230400	1786492024732
C:\Users\natha\Projects\boyd-clips\research\blender\renders\critic\vid\agx_0001-0003.mov	6948	1786492024710
C:\Users\natha\Projects\boyd-clips\research\blender\renders\critic\vid\png.raw	230400	1786492024408
C:\Users\natha\Projects\boyd-clips\research\blender\renders\critic\vid\png_0001.png	2059	1786492023882
C:\Users\natha\Projects\boyd-clips\research\blender\renders\critic\vid\png_0002.png	2059	1786492023951
C:\Users\natha\Projects\boyd-clips\research\blender\renders\critic\vid\png_0003.png	2059	1786492024012
C:\Users\natha\Projects\boyd-clips\research\blender\renders\critic\vid\prores44.raw	230400	1786492024471
C:\Users\natha\Projects\boyd-clips\research\blender\renders\critic\vid\prores44_0001-0003.mov	30165	1786492024386
C:\Users\natha\Projects\boyd-clips\research\blender\renders\critic\vid\qtrle.raw	230400	1786492024440
C:\Users\natha\Projects\boyd-clips\research\blender\renders\critic\vid\qtrle_0001-0003.mov	6948	1786492024198
C:\Users\natha\Projects\boyd-clips\research\blender\renders\ctrl_red_dither1.png	2770	1786489630580
C:\Users\natha\Projects\boyd-clips\research\blender\renders\cyc_correct.png	312264	1786490265769
C:\Users\natha\Projects\boyd-clips\research\blender\renders\cyc_cpu.png	106486	1786490236505
C:\Users\natha\Projects\boyd-clips\research\blender\renders\cyc_naive.png	312314	1786490262635
C:\Users\natha\Projects\boyd-clips\research\blender\renders\cycles_still.png	2114140	1786489667958
C:\Users\natha\Projects\boyd-clips\research\blender\renders\cycles_transparent.png	1237001	1786489672867
C:\Users\natha\Projects\boyd-clips\research\blender\renders\dof\BLENDER_EEVEE_dof_far_.png	232929	1786489919873
C:\Users\natha\Projects\boyd-clips\research\blender\renders\dof\BLENDER_EEVEE_dof_near_.png	232968	1786489919749
C:\Users\natha\Projects\boyd-clips\research\blender\renders\dof\BLENDER_EEVEE_dof_off_.png	230324	1786489919617
C:\Users\natha\Projects\boyd-clips\research\blender\renders\e2e\frame28_opaque.png	233228	1786490049037
C:\Users\natha\Projects\boyd-clips\research\blender\renders\e2e\png\sting_0001.png	601119	1786490035894
C:\Users\natha\Projects\boyd-clips\research\blender\renders\e2e\png\sting_0002.png	603631	1786490036069
C:\Users\natha\Projects\boyd-clips\research\blender\renders\e2e\png\sting_0003.png	612289	1786490036238
C:\Users\natha\Projects\boyd-clips\research\blender\renders\e2e\png\sting_0004.png	626164	1786490036404
C:\Users\natha\Projects\boyd-clips\research\blender\renders\e2e\png\sting_0005.png	645693	1786490036569
C:\Users\natha\Projects\boyd-clips\research\blender\renders\e2e\png\sting_0006.png	668832	1786490036740
C:\Users\natha\Projects\boyd-clips\research\blender\renders\e2e\png\sting_0007.png	681500	1786490036914
C:\Users\natha\Projects\boyd-clips\research\blender\renders\e2e\png\sting_0008.png	687775	1786490037087
C:\Users\natha\Projects\boyd-clips\research\blender\renders\e2e\png\sting_0009.png	692855	1786490037259
C:\Users\natha\Projects\boyd-clips\research\blender\renders\e2e\png\sting_0010.png	694471	1786490037429
C:\Users\natha\Projects\boyd-clips\research\blender\renders\e2e\png\sting_0011.png	695271	1786490037601
C:\Users\natha\Projects\boyd-clips\research\blender\renders\e2e\png\sting_0012.png	695733	1786490037769
C:\Users\natha\Projects\boyd-clips\research\blender\renders\e2e\png\sting_0013.png	695885	1786490037941
C:\Users\natha\Projects\boyd-clips\research\blender\renders\e2e\png\sting_0014.png	696944	1786490038111
C:\Users\natha\Projects\boyd-clips\research\blender\renders\e2e\png\sting_0015.png	697506	1786490038282
C:\Users\natha\Projects\boyd-clips\research\blender\renders\e2e\png\sting_0016.png	697259	1786490038453
C:\Users\natha\Projects\boyd-clips\research\blender\renders\e2e\png\sting_0017.png	698142	1786490038621
C:\Users\natha\Projects\boyd-clips\research\blender\renders\e2e\png\sting_0018.png	698602	1786490038794
C:\Users\natha\Projects\boyd-clips\research\blender\renders\e2e\png\sting_0019.png	698583	1786490038969
C:\Users\natha\Projects\boyd-clips\research\blender\renders\e2e\png\sting_0020.png	698715	1786490039141
C:\Users\natha\Projects\boyd-clips\research\blender\renders\e2e\png\sting_0021.png	699314	1786490039311
C:\Users\natha\Projects\boyd-clips\research\blender\renders\e2e\png\sting_0022.png	698583	1786490039483
C:\Users\natha\Projects\boyd-clips\research\blender\renders\e2e\png\sting_0023.png	698946	1786490039652
C:\Users\natha\Projects\boyd-clips\research\blender\renders\e2e\png\sting_0024.png	698744	1786490039822
C:\Users\natha\Projects\boyd-clips\research\blender\renders\e2e\png\sting_0025.png	698953	1786490040003
C:\Users\natha\Projects\boyd-clips\research\blender\renders\e2e\png\sting_0026.png	698707	1786490040178
C:\Users\natha\Projects\boyd-clips\research\blender\renders\e2e\png\sting_0027.png	698707	1786490040348
C:\Users\natha\Projects\boyd-clips\research\blender\renders\e2e\png\sting_0028.png	698707	1786490040518
C:\Users\natha\Projects\boyd-clips\research\blender\renders\e2e\png\sting_0029.png	698707	1786490040696
C:\Users\natha\Projects\boyd-clips\research\blender\renders\e2e\png\sting_0030.png	698707	1786490040871
C:\Users\natha\Projects\boyd-clips\research\blender\renders\e2e\sting_alpha0001-0030.mov	6228460	1786490044712
C:\Users\natha\Projects\boyd-clips\research\blender\renders\e2e\sting_h2640001-0030.mp4	340542	1786490048698
C:\Users\natha\Projects\boyd-clips\research\blender\renders\ea_BLENDER_EEVEE_1.exr	8320	1786490076839
C:\Users\natha\Projects\boyd-clips\research\blender\renders\ea_BLENDER_EEVEE_16.exr	36142	1786490076929
C:\Users\natha\Projects\boyd-clips\research\blender\renders\ea_BLENDER_EEVEE_256.exr	29290	1786490077211
C:\Users\natha\Projects\boyd-clips\research\blender\renders\ea_BLENDER_EEVEE_64.exr	34160	1786490077030
C:\Users\natha\Projects\boyd-clips\research\blender\renders\ea_CYCLES_128.exr	1714	1786490077303
C:\Users\natha\Projects\boyd-clips\research\blender\renders\ea_CYCLES_16.exr	1725	1786490077256
C:\Users\natha\Projects\boyd-clips\research\blender\renders\eb_BLENDED_1.exr	1767	1786490108484
C:\Users\natha\Projects\boyd-clips\research\blender\renders\eb_BLENDED_64.exr	1767	1786490108579
C:\Users\natha\Projects\boyd-clips\research\blender\renders\eb_DITHERED_1.exr	8320	1786490108114
C:\Users\natha\Projects\boyd-clips\research\blender\renders\eb_DITHERED_64.exr	34160	1786490108221
C:\Users\natha\Projects\boyd-clips\research\blender\renders\edge_test_2560x1440.png	72091	1786854335293
C:\Users\natha\Projects\boyd-clips\research\blender\renders\edge_test_desktop.png	14907	1786854335317
C:\Users\natha\Projects\boyd-clips\research\blender\renders\edge_test_mobile.png	8067	1786854335299
C:\Users\natha\Projects\boyd-clips\research\blender\renders\edge_test_tablet.png	14364	1786854335306
C:\Users\natha\Projects\boyd-clips\research\blender\renders\edge_test_tv.png	46009	1786854335353
C:\Users\natha\Projects\boyd-clips\research\blender\renders\edge_v2_2560x1440.png	56688	1786491091383
C:\Users\natha\Projects\boyd-clips\research\blender\renders\edge_v2_desktop.png	38729	1786491091402
C:\Users\natha\Projects\boyd-clips\research\blender\renders\edge_v2_mobile.png	21950	1786491091390
C:\Users\natha\Projects\boyd-clips\research\blender\renders\edge_v2_tv.png	48199	1786491091444
C:\Users\natha\Projects\boyd-clips\research\blender\renders\eevee_still.png	2101320	1786489663628
C:\Users\natha\Projects\boyd-clips\research\blender\renders\eevee_transparent.png	1216147	1786489669059
C:\Users\natha\Projects\boyd-clips\research\blender\renders\enginecheck_BLENDER_EEVEE_.png	42518	1786489731383
C:\Users\natha\Projects\boyd-clips\research\blender\renders\enginecheck_CYCLES_.png	55571	1786489731813
C:\Users\natha\Projects\boyd-clips\research\blender\renders\exact_bg_15181D.png	496	1786489630387
C:\Users\natha\Projects\boyd-clips\research\blender\renders\exact_ink_F2EEE3.png	496	1786489630454
C:\Users\natha\Projects\boyd-clips\research\blender\renders\exact_red_D42B2B.png	495	1786489630517
C:\Users\natha\Projects\boyd-clips\research\blender\renders\frames\f_0001.png	58643	1786489648931
C:\Users\natha\Projects\boyd-clips\research\blender\renders\frames\f_0002.png	58543	1786489648984
C:\Users\natha\Projects\boyd-clips\research\blender\renders\frames\f_0003.png	57264	1786489649033
C:\Users\natha\Projects\boyd-clips\research\blender\renders\frames\f_0004.png	57569	1786489649083
C:\Users\natha\Projects\boyd-clips\research\blender\renders\frames\f_0005.png	57360	1786489649134
C:\Users\natha\Projects\boyd-clips\research\blender\renders\frames\f_0006.png	57326	1786489649184
C:\Users\natha\Projects\boyd-clips\research\blender\renders\frames\f_0007.png	57421	1786489649234
C:\Users\natha\Projects\boyd-clips\research\blender\renders\frames\f_0008.png	57465	1786489649285
C:\Users\natha\Projects\boyd-clips\research\blender\renders\frames\f_0009.png	57360	1786489649335
C:\Users\natha\Projects\boyd-clips\research\blender\renders\frames\f_0010.png	57394	1786489649383
C:\Users\natha\Projects\boyd-clips\research\blender\renders\frames\f_0011.png	57296	1786489649434
C:\Users\natha\Projects\boyd-clips\research\blender\renders\frames\f_0012.png	57292	1786489649484
C:\Users\natha\Projects\boyd-clips\research\blender\renders\gavel_audio.wav	220844	1786503413864
C:\Users\natha\Projects\boyd-clips\research\blender\renders\gavel_contact.png	21189	1786503690832
C:\Users\natha\Projects\boyd-clips\research\blender\renders\integration\integration_clip0001-0024.mp4	40513	1786490166829
C:\Users\natha\Projects\boyd-clips\research\blender\renders\integration\seq\i_0001.png	145510	1786490161670
C:\Users\natha\Projects\boyd-clips\research\blender\renders\integration\seq\i_0002.png	145415	1786490161791
C:\Users\natha\Projects\boyd-clips\research\blender\renders\integration\seq\i_0003.png	145432	1786490161903
C:\Users\natha\Projects\boyd-clips\research\blender\renders\integration\seq\i_0004.png	206805	1786490162034
C:\Users\natha\Projects\boyd-clips\research\blender\renders\integration\seq\i_0005.png	222315	1786490162150
C:\Users\natha\Projects\boyd-clips\research\blender\renders\integration\seq\i_0006.png	230313	1786490162269
C:\Users\natha\Projects\boyd-clips\research\blender\renders\integration\seq\i_0007.png	223477	1786490162389
C:\Users\natha\Projects\boyd-clips\research\blender\renders\integration\seq\i_0008.png	223807	1786490162506
C:\Users\natha\Projects\boyd-clips\research\blender\renders\integration\seq\i_0009.png	225965	1786490162623
C:\Users\natha\Projects\boyd-clips\research\blender\renders\integration\seq\i_0010.png	227515	1786490162737
C:\Users\natha\Projects\boyd-clips\research\blender\renders\integration\seq\i_0011.png	227159	1786490162854
C:\Users\natha\Projects\boyd-clips\research\blender\renders\integration\seq\i_0012.png	223848	1786490162972
C:\Users\natha\Projects\boyd-clips\research\blender\renders\integration\seq\i_0013.png	222375	1786490163085
C:\Users\natha\Projects\boyd-clips\research\blender\renders\integration\seq\i_0014.png	220710	1786490163197
C:\Users\natha\Projects\boyd-clips\research\blender\renders\integration\seq\i_0015.png	220222	1786490163313
C:\Users\natha\Projects\boyd-clips\research\blender\renders\integration\seq\i_0016.png	220060	1786490163429
C:\Users\natha\Projects\boyd-clips\research\blender\renders\integration\seq\i_0017.png	220180	1786490163544
C:\Users\natha\Projects\boyd-clips\research\blender\renders\integration\seq\i_0018.png	220334	1786490163668
C:\Users\natha\Projects\boyd-clips\research\blender\renders\integration\seq\i_0019.png	220500	1786490163781
C:\Users\natha\Projects\boyd-clips\research\blender\renders\integration\seq\i_0020.png	220704	1786490163896
C:\Users\natha\Projects\boyd-clips\research\blender\renders\integration\seq\i_0021.png	220932	1786490164008
C:\Users\natha\Projects\boyd-clips\research\blender\renders\integration\seq\i_0022.png	220859	1786490164122
C:\Users\natha\Projects\boyd-clips\research\blender\renders\integration\seq\i_0023.png	220580	1786490164234
C:\Users\natha\Projects\boyd-clips\research\blender\renders\integration\seq\i_0024.png	221098	1786490164353
C:\Users\natha\Projects\boyd-clips\research\blender\renders\leak.png	616	1786490310429
C:\Users\natha\Projects\boyd-clips\research\blender\renders\logo_over_red_PREMUL.png	98644	1786489959391
C:\Users\natha\Projects\boyd-clips\research\blender\renders\logo_over_red_STRAIGHT.png	98644	1786489959319
C:\Users\natha\Projects\boyd-clips\research\blender\renders\lower_third_correct.png	75028	1786490363931
C:\Users\natha\Projects\boyd-clips\research\blender\renders\lower_third_default.png	2015293	1786490362100
C:\Users\natha\Projects\boyd-clips\research\blender\renders\mblur\BLENDER_EEVEE_off_.png	124962	1786489693409
C:\Users\natha\Projects\boyd-clips\research\blender\renders\mblur\BLENDER_EEVEE_on_.png	128977	1786489693648
C:\Users\natha\Projects\boyd-clips\research\blender\renders\mblur\CYCLES_off_.png	124197	1786489704019
C:\Users\natha\Projects\boyd-clips\research\blender\renders\mblur\CYCLES_on_.png	128871	1786489704237
C:\Users\natha\Projects\boyd-clips\research\blender\renders\mp4_frame.png	460105	1786503946578
C:\Users\natha\Projects\boyd-clips\research\blender\renders\nowrite_test.png	616	1786490310243
C:\Users\natha\Projects\boyd-clips\research\blender\renders\paths\A\a_0001.png	32050	1786490014619
C:\Users\natha\Projects\boyd-clips\research\blender\renders\paths\A\a_0002.png	32827	1786490014678
C:\Users\natha\Projects\boyd-clips\research\blender\renders\paths\A\a_0003.png	33503	1786490014732
C:\Users\natha\Projects\boyd-clips\research\blender\renders\paths\A\a_0004.png	33601	1786490014792
C:\Users\natha\Projects\boyd-clips\research\blender\renders\paths\A\a_0005.png	33676	1786490014853
C:\Users\natha\Projects\boyd-clips\research\blender\renders\paths\A\a_0006.png	33504	1786490014908
C:\Users\natha\Projects\boyd-clips\research\blender\renders\paths\A\a_0007.png	32738	1786490014958
C:\Users\natha\Projects\boyd-clips\research\blender\renders\paths\A\a_0008.png	32020	1786490015013
C:\Users\natha\Projects\boyd-clips\research\blender\renders\paths\B\b_0001.png	32050	1786490016919
C:\Users\natha\Projects\boyd-clips\research\blender\renders\paths\B\b_0002.png	32827	1786490016972
C:\Users\natha\Projects\boyd-clips\research\blender\renders\paths\B\b_0003.png	33503	1786490017027
C:\Users\natha\Projects\boyd-clips\research\blender\renders\paths\B\b_0004.png	33601	1786490017082
C:\Users\natha\Projects\boyd-clips\research\blender\renders\paths\B\b_0005.png	33676	1786490017133
C:\Users\natha\Projects\boyd-clips\research\blender\renders\paths\B\b_0006.png	33504	1786490017186
C:\Users\natha\Projects\boyd-clips\research\blender\renders\paths\B\b_0007.png	32738	1786490017239
C:\Users\natha\Projects\boyd-clips\research\blender\renders\paths\B\b_0008.png	32020	1786490017292
C:\Users\natha\Projects\boyd-clips\research\blender\renders\paths\C\c_0001.png	32117	1786490027718
C:\Users\natha\Projects\boyd-clips\research\blender\renders\paths\C\c_0002.png	32894	1786490027769
C:\Users\natha\Projects\boyd-clips\research\blender\renders\paths\C\c_0003.png	33570	1786490027816
C:\Users\natha\Projects\boyd-clips\research\blender\renders\paths\C\c_0004.png	33668	1786490027865
C:\Users\natha\Projects\boyd-clips\research\blender\renders\paths\C\c_0005.png	33743	1786490027913
C:\Users\natha\Projects\boyd-clips\research\blender\renders\paths\C\c_0006.png	33571	1786490027962
C:\Users\natha\Projects\boyd-clips\research\blender\renders\paths\C\c_0007.png	32805	1786490028010
C:\Users\natha\Projects\boyd-clips\research\blender\renders\paths\C\c_0008.png	32087	1786490028057
C:\Users\natha\Projects\boyd-clips\research\blender\renders\paths\scene.blend	104002	1786490026214
C:\Users\natha\Projects\boyd-clips\research\blender\renders\probe_mblur\c_mxA_8_s1.raw	1080	1786507036187
C:\Users\natha\Projects\boyd-clips\research\blender\renders\probe_mblur\c_mxB_256_s1.raw	1080	1786507036233
C:\Users\natha\Projects\boyd-clips\research\blender\renders\probe_mblur\c_mxC_8_s8.raw	1080	1786507036279
C:\Users\natha\Projects\boyd-clips\research\blender\renders\probe_mblur\c_mxD_256_s8.raw	1080	1786507036325
C:\Users\natha\Projects\boyd-clips\research\blender\renders\probe_mblur\c_sting_MB180.raw	1080	1786507008180
C:\Users\natha\Projects\boyd-clips\research\blender\renders\probe_mblur\c_sting_MB180_s8.raw	1080	1786507008230
C:\Users\natha\Projects\boyd-clips\research\blender\renders\probe_mblur\c_sting_noMB.raw	1080	1786507008128
C:\Users\natha\Projects\boyd-clips\research\blender\renders\probe_mblur\max128.png	1584073	1786506845900
C:\Users\natha\Projects\boyd-clips\research\blender\renders\probe_mblur\max32.png	1584073	1786506845701
C:\Users\natha\Projects\boyd-clips\research\blender\renders\probe_mblur\max512.png	1584073	1786506846093
C:\Users\natha\Projects\boyd-clips\research\blender\renders\probe_mblur\max8.png	1584073	1786506845494
C:\Users\natha\Projects\boyd-clips\research\blender\renders\probe_mblur\mb_180deg.png	1577250	1786506766798
C:\Users\natha\Projects\boyd-clips\research\blender\renders\probe_mblur\mb_360deg.png	1580579	1786506766990
C:\Users\natha\Projects\boyd-clips\research\blender\renders\probe_mblur\mb_off.png	1561519	1786506766594
C:\Users\natha\Projects\boyd-clips\research\blender\renders\probe_mblur\mxA_8_s1.png	1020235	1786507035095
C:\Users\natha\Projects\boyd-clips\research\blender\renders\probe_mblur\mxB_256_s1.png	1020235	1786507035352
C:\Users\natha\Projects\boyd-clips\research\blender\renders\probe_mblur\mxC_8_s8.png	1005203	1786507035596
C:\Users\natha\Projects\boyd-clips\research\blender\renders\probe_mblur\mxD_256_s8.png	1005203	1786507035838
C:\Users\natha\Projects\boyd-clips\research\blender\renders\probe_mblur\r_max128.raw	1920	1786506846940
C:\Users\natha\Projects\boyd-clips\research\blender\renders\probe_mblur\r_max32.raw	1920	1786506846886
C:\Users\natha\Projects\boyd-clips\research\blender\renders\probe_mblur\r_max512.raw	1920	1786506846993
C:\Users\natha\Projects\boyd-clips\research\blender\renders\probe_mblur\r_max8.raw	1920	1786506846832
C:\Users\natha\Projects\boyd-clips\research\blender\renders\probe_mblur\r_steps1.raw	1920	1786506847047
C:\Users\natha\Projects\boyd-clips\research\blender\renders\probe_mblur\r_steps8.raw	1920	1786506847101
C:\Users\natha\Projects\boyd-clips\research\blender\renders\probe_mblur\row_180deg.raw	1920	1786506810743
C:\Users\natha\Projects\boyd-clips\research\blender\renders\probe_mblur\row_360deg.raw	1920	1786506810798
C:\Users\natha\Projects\boyd-clips\research\blender\renders\probe_mblur\row_off.raw	1920	1786506810688
C:\Users\natha\Projects\boyd-clips\research\blender\renders\probe_mblur\steps1.png	1570037	1786506846283
C:\Users\natha\Projects\boyd-clips\research\blender\renders\probe_mblur\steps8.png	1562786	1786506846476
C:\Users\natha\Projects\boyd-clips\research\blender\renders\probe_mblur\sting_MB180.png	1020235	1786506999180
C:\Users\natha\Projects\boyd-clips\research\blender\renders\probe_mblur\sting_MB180_s8.png	1005203	1786506999426
C:\Users\natha\Projects\boyd-clips\research\blender\renders\probe_mblur\sting_noMB.png	901895	1786506998907
C:\Users\natha\Projects\boyd-clips\research\blender\renders\proof_alpha_frame.png	861314	1786489886023
C:\Users\natha\Projects\boyd-clips\research\blender\renders\proof_alpha_matte.png	59566	1786489886119
C:\Users\natha\Projects\boyd-clips\research\blender\renders\prores4444_alpha0001-0004.mov	3313476	1786490083182
C:\Users\natha\Projects\boyd-clips\research\blender\renders\render_alpha.log	10624	1786494618513
C:\Users\natha\Projects\boyd-clips\research\blender\renders\render_flat.log	10539	1786494596780
C:\Users\natha\Projects\boyd-clips\research\blender\renders\seq\boyd_0001.png	2009125	1786489802332
C:\Users\natha\Projects\boyd-clips\research\blender\renders\seq\boyd_0002.png	2009973	1786489802635
C:\Users\natha\Projects\boyd-clips\research\blender\renders\seq\boyd_0003.png	2011674	1786489802918
C:\Users\natha\Projects\boyd-clips\research\blender\renders\seq\boyd_0004.png	2014346	1786489803193
C:\Users\natha\Projects\boyd-clips\research\blender\renders\seq\boyd_0005.png	2016725	1786489803466
C:\Users\natha\Projects\boyd-clips\research\blender\renders\seq\boyd_0006.png	2017480	1786489803738
C:\Users\natha\Projects\boyd-clips\research\blender\renders\seq_alpha\a_0001.png	72851	1786494603088
C:\Users\natha\Projects\boyd-clips\research\blender\renders\seq_alpha\a_0002.png	72851	1786494603295
C:\Users\natha\Projects\boyd-clips\research\blender\renders\seq_alpha\a_0003.png	72851	1786494603479
C:\Users\natha\Projects\boyd-clips\research\blender\renders\seq_alpha\a_0004.png	72851	1786494603674
C:\Users\natha\Projects\boyd-clips\research\blender\renders\seq_alpha\a_0005.png	72851	1786494603864
C:\Users\natha\Projects\boyd-clips\research\blender\renders\seq_alpha\a_0006.png	72851	1786494604048
C:\Users\natha\Projects\boyd-clips\research\blender\renders\seq_alpha\a_0007.png	72851	1786494604233
C:\Users\natha\Projects\boyd-clips\research\blender\renders\seq_alpha\a_0008.png	72851	1786494604417
C:\Users\natha\Projects\boyd-clips\research\blender\renders\seq_alpha\a_0009.png	72851	1786494604596
C:\Users\natha\Projects\boyd-clips\research\blender\renders\seq_alpha\a_0010.png	72851	1786494604781
C:\Users\natha\Projects\boyd-clips\research\blender\renders\seq_alpha\a_0011.png	72851	1786494604961
C:\Users\natha\Projects\boyd-clips\research\blender\renders\seq_alpha\a_0012.png	72851	1786494605148
C:\Users\natha\Projects\boyd-clips\research\blender\renders\seq_alpha\a_0013.png	72851	1786494605331
C:\Users\natha\Projects\boyd-clips\research\blender\renders\seq_alpha\a_0014.png	72851	1786494605509
C:\Users\natha\Projects\boyd-clips\research\blender\renders\seq_alpha\a_0015.png	72851	1786494605691
C:\Users\natha\Projects\boyd-clips\research\blender\renders\seq_alpha\a_0016.png	72851	1786494605876
C:\Users\natha\Projects\boyd-clips\research\blender\renders\seq_alpha\a_0017.png	72851	1786494606060
C:\Users\natha\Projects\boyd-clips\research\blender\renders\seq_alpha\a_0018.png	72851	1786494606244
C:\Users\natha\Projects\boyd-clips\research\blender\renders\seq_alpha\a_0019.png	72851	1786494606427
C:\Users\natha\Projects\boyd-clips\research\blender\renders\seq_alpha\a_0020.png	72851	1786494606608
C:\Users\natha\Projects\boyd-clips\research\blender\renders\seq_alpha\a_0021.png	72851	1786494606790
C:\Users\natha\Projects\boyd-clips\research\blender\renders\seq_alpha\a_0022.png	72851	1786494606975
C:\Users\natha\Projects\boyd-clips\research\blender\renders\seq_alpha\a_0023.png	72851	1786494607162
C:\Users\natha\Projects\boyd-clips\research\blender\renders\seq_alpha\a_0024.png	72851	1786494607352
C:\Users\natha\Projects\boyd-clips\research\blender\renders\seq_alpha\a_0025.png	86634	1786494607531
C:\Users\natha\Projects\boyd-clips\research\blender\renders\seq_alpha\a_0026.png	120785	1786494607715
C:\Users\natha\Projects\boyd-clips\research\blender\renders\seq_alpha\a_0027.png	121894	1786494607902
C:\Users\natha\Projects\boyd-clips\research\blender\renders\seq_alpha\a_0028.png	121769	1786494608092
C:\Users\natha\Projects\boyd-clips\research\blender\renders\seq_alpha\a_0029.png	121663	1786494608282
C:\Users\natha\Projects\boyd-clips\research\blender\renders\seq_alpha\a_0030.png	120998	1786494608471
C:\Users\natha\Projects\boyd-clips\research\blender\renders\seq_alpha\a_0031.png	114984	1786494608658
C:\Users\natha\Projects\boyd-clips\research\blender\renders\seq_alpha\a_0032.png	118754	1786494608850
C:\Users\natha\Projects\boyd-clips\research\blender\renders\seq_alpha\a_0033.png	120981	1786494609042
C:\Users\natha\Projects\boyd-clips\research\blender\renders\seq_alpha\a_0034.png	121071	1786494609230
C:\Users\natha\Projects\boyd-clips\research\blender\renders\seq_alpha\a_0035.png	120826	1786494609422
C:\Users\natha\Projects\boyd-clips\research\blender\renders\seq_alpha\a_0036.png	119873	1786494609610
C:\Users\natha\Projects\boyd-clips\research\blender\renders\seq_alpha\a_0037.png	119303	1786494609800
C:\Users\natha\Projects\boyd-clips\research\blender\renders\seq_alpha\a_0038.png	110234	1786494609986
C:\Users\natha\Projects\boyd-clips\research\blender\renders\seq_alpha\a_0039.png	118488	1786494610165
C:\Users\natha\Projects\boyd-clips\research\blender\renders\seq_alpha\a_0040.png	118065	1786494610346
C:\Users\natha\Projects\boyd-clips\research\blender\renders\seq_alpha\a_0041.png	115809	1786494610532
C:\Users\natha\Projects\boyd-clips\research\blender\renders\seq_alpha\a_0042.png	116402	1786494610717
C:\Users\natha\Projects\boyd-clips\research\blender\renders\seq_alpha\a_0043.png	116560	1786494610895
C:\Users\natha\Projects\boyd-clips\research\blender\renders\seq_alpha\a_0044.png	116496	1786494611090
C:\Users\natha\Projects\boyd-clips\research\blender\renders\seq_alpha\a_0045.png	116091	1786494611268
C:\Users\natha\Projects\boyd-clips\research\blender\renders\seq_alpha\a_0046.png	115831	1786494611450
C:\Users\natha\Projects\boyd-clips\research\blender\renders\seq_alpha\a_0047.png	115694	1786494611633
C:\Users\natha\Projects\boyd-clips\research\blender\renders\seq_alpha\a_0048.png	115488	1786494611815
C:\Users\natha\Projects\boyd-clips\research\blender\renders\seq_alpha\a_0049.png	115488	1786494611994
C:\Users\natha\Projects\boyd-clips\research\blender\renders\seq_alpha\a_0050.png	115488	1786494612173
C:\Users\natha\Projects\boyd-clips\research\blender\renders\seq_alpha\a_0051.png	115488	1786494612357
C:\Users\natha\Projects\boyd-clips\research\blender\renders\seq_alpha\a_0052.png	115488	1786494612542
C:\Users\natha\Projects\boyd-clips\research\blender\renders\seq_alpha\a_0053.png	115488	1786494612724
C:\Users\natha\Projects\boyd-clips\research\blender\renders\seq_alpha\a_0054.png	115488	1786494612906
C:\Users\natha\Projects\boyd-clips\research\blender\renders\seq_alpha\a_0055.png	115488	1786494613083
C:\Users\natha\Projects\boyd-clips\research\blender\renders\seq_alpha\a_0056.png	115488	1786494613262
C:\Users\natha\Projects\boyd-clips\research\blender\renders\seq_alpha\a_0057.png	115488	1786494613446
C:\Users\natha\Projects\boyd-clips\research\blender\renders\seq_alpha\a_0058.png	115488	1786494613623
C:\Users\natha\Projects\boyd-clips\research\blender\renders\seq_alpha\a_0059.png	115488	1786494613808
C:\Users\natha\Projects\boyd-clips\research\blender\renders\seq_alpha\a_0060.png	115488	1786494613987
C:\Users\natha\Projects\boyd-clips\research\blender\renders\seq_alpha\a_0061.png	115488	1786494614171
C:\Users\natha\Projects\boyd-clips\research\blender\renders\seq_alpha\a_0062.png	115488	1786494614356
C:\Users\natha\Projects\boyd-clips\research\blender\renders\seq_alpha\a_0063.png	115488	1786494614536
C:\Users\natha\Projects\boyd-clips\research\blender\renders\seq_alpha\a_0064.png	115488	1786494614712
C:\Users\natha\Projects\boyd-clips\research\blender\renders\seq_alpha\a_0065.png	115488	1786494614894
C:\Users\natha\Projects\boyd-clips\research\blender\renders\seq_alpha\a_0066.png	115488	1786494615079
C:\Users\natha\Projects\boyd-clips\research\blender\renders\seq_alpha\a_0067.png	115488	1786494615264
C:\Users\natha\Projects\boyd-clips\research\blender\renders\seq_alpha\a_0068.png	115488	1786494615446
C:\Users\natha\Projects\boyd-clips\research\blender\renders\seq_alpha\a_0069.png	115488	1786494615629
C:\Users\natha\Projects\boyd-clips\research\blender\renders\seq_alpha\a_0070.png	115488	1786494615811
C:\Users\natha\Projects\boyd-clips\research\blender\renders\seq_alpha\a_0071.png	115488	1786494615996
C:\Users\natha\Projects\boyd-clips\research\blender\renders\seq_alpha\a_0072.png	115488	1786494616180
C:\Users\natha\Projects\boyd-clips\research\blender\renders\seq_alpha\a_0073.png	115488	1786494616358
C:\Users\natha\Projects\boyd-clips\research\blender\renders\seq_alpha\a_0074.png	115488	1786494616537
C:\Users\natha\Projects\boyd-clips\research\blender\renders\seq_alpha\a_0075.png	115488	1786494616717
C:\Users\natha\Projects\boyd-clips\research\blender\renders\seq_alpha\a_0076.png	115488	1786494616901
C:\Users\natha\Projects\boyd-clips\research\blender\renders\seq_alpha\a_0077.png	115488	1786494617084
C:\Users\natha\Projects\boyd-clips\research\blender\renders\seq_alpha\a_0078.png	115488	1786494617261
C:\Users\natha\Projects\boyd-clips\research\blender\renders\seq_alpha\a_0079.png	115488	1786494617443
C:\Users\natha\Projects\boyd-clips\research\blender\renders\seq_alpha\a_0080.png	115488	1786494617622
C:\Users\natha\Projects\boyd-clips\research\blender\renders\seq_alpha\a_0081.png	115488	1786494617807
C:\Users\natha\Projects\boyd-clips\research\blender\renders\seq_alpha\a_0082.png	115488	1786494617989
C:\Users\natha\Projects\boyd-clips\research\blender\renders\seq_alpha\a_0083.png	115488	1786494618169
C:\Users\natha\Projects\boyd-clips\research\blender\renders\seq_alpha\a_0084.png	115488	1786494618353
C:\Users\natha\Projects\boyd-clips\research\blender\renders\seq_flat\f_0001.png	2286781	1786494574095
C:\Users\natha\Projects\boyd-clips\research\blender\renders\seq_flat\f_0002.png	2287194	1786494574543
C:\Users\natha\Projects\boyd-clips\research\blender\renders\seq_flat\f_0003.png	2286772	1786494574904
C:\Users\natha\Projects\boyd-clips\research\blender\renders\seq_flat\f_0004.png	2286621	1786494575227
C:\Users\natha\Projects\boyd-clips\research\blender\renders\seq_flat\f_0005.png	2286692	1786494575534
C:\Users\natha\Projects\boyd-clips\research\blender\renders\seq_flat\f_0006.png	2286678	1786494575800
C:\Users\natha\Projects\boyd-clips\research\blender\renders\seq_flat\f_0007.png	2287046	1786494576067
C:\Users\natha\Projects\boyd-clips\research\blender\renders\seq_flat\f_0008.png	2287058	1786494576347
C:\Users\natha\Projects\boyd-clips\research\blender\renders\seq_flat\f_0009.png	2286691	1786494576612
C:\Users\natha\Projects\boyd-clips\research\blender\renders\seq_flat\f_0010.png	2287028	1786494576875
C:\Users\natha\Projects\boyd-clips\research\blender\renders\seq_flat\f_0011.png	2286925	1786494577146
C:\Users\natha\Projects\boyd-clips\research\blender\renders\seq_flat\f_0012.png	2286702	1786494577411
C:\Users\natha\Projects\boyd-clips\research\blender\renders\seq_flat\f_0013.png	2286660	1786494577671
C:\Users\natha\Projects\boyd-clips\research\blender\renders\seq_flat\f_0014.png	2286597	1786494577942
C:\Users\natha\Projects\boyd-clips\research\blender\renders\seq_flat\f_0015.png	2287195	1786494578203
C:\Users\natha\Projects\boyd-clips\research\blender\renders\seq_flat\f_0016.png	2287486	1786494578460
C:\Users\natha\Projects\boyd-clips\research\blender\renders\seq_flat\f_0017.png	2286674	1786494578729
C:\Users\natha\Projects\boyd-clips\research\blender\renders\seq_flat\f_0018.png	2287200	1786494578994
C:\Users\natha\Projects\boyd-clips\research\blender\renders\seq_flat\f_0019.png	2286782	1786494579255
C:\Users\natha\Projects\boyd-clips\research\blender\renders\seq_flat\f_0020.png	2286871	1786494579514
C:\Users\natha\Projects\boyd-clips\research\blender\renders\seq_flat\f_0021.png	2286794	1786494579788
C:\Users\natha\Projects\boyd-clips\research\blender\renders\seq_flat\f_0022.png	2287006	1786494580049
C:\Users\natha\Projects\boyd-clips\research\blender\renders\seq_flat\f_0023.png	2286727	1786494580309
C:\Users\natha\Projects\boyd-clips\research\blender\renders\seq_flat\f_0024.png	2286989	1786494580589
C:\Users\natha\Projects\boyd-clips\research\blender\renders\seq_flat\f_0025.png	2290991	1786494580944
C:\Users\natha\Projects\boyd-clips\research\blender\renders\seq_flat\f_0026.png	2290391	1786494581331
C:\Users\natha\Projects\boyd-clips\research\blender\renders\seq_flat\f_0027.png	2291515	1786494581603
C:\Users\natha\Projects\boyd-clips\research\blender\renders\seq_flat\f_0028.png	2292406	1786494581866
C:\Users\natha\Projects\boyd-clips\research\blender\renders\seq_flat\f_0029.png	2293223	1786494582126
C:\Users\natha\Projects\boyd-clips\research\blender\renders\seq_flat\f_0030.png	2295107	1786494582397
C:\Users\natha\Projects\boyd-clips\research\blender\renders\seq_flat\f_0031.png	2293673	1786494582663
C:\Users\natha\Projects\boyd-clips\research\blender\renders\seq_flat\f_0032.png	2294325	1786494582923
C:\Users\natha\Projects\boyd-clips\research\blender\renders\seq_flat\f_0033.png	2292820	1786494583186
C:\Users\natha\Projects\boyd-clips\research\blender\renders\seq_flat\f_0034.png	2294733	1786494583469
C:\Users\natha\Projects\boyd-clips\research\blender\renders\seq_flat\f_0035.png	2291544	1786494583732
C:\Users\natha\Projects\boyd-clips\research\blender\renders\seq_flat\f_0036.png	2288671	1786494583997
C:\Users\natha\Projects\boyd-clips\research\blender\renders\seq_flat\f_0037.png	2289561	1786494584264
C:\Users\natha\Projects\boyd-clips\research\blender\renders\seq_flat\f_0038.png	2291591	1786494584530
C:\Users\natha\Projects\boyd-clips\research\blender\renders\seq_flat\f_0039.png	2300541	1786494584792
C:\Users\natha\Projects\boyd-clips\research\blender\renders\seq_flat\f_0040.png	2304522	1786494585057
C:\Users\natha\Projects\boyd-clips\research\blender\renders\seq_flat\f_0041.png	2306397	1786494585324
C:\Users\natha\Projects\boyd-clips\research\blender\renders\seq_flat\f_0042.png	2305895	1786494585583
C:\Users\natha\Projects\boyd-clips\research\blender\renders\seq_flat\f_0043.png	2305915	1786494585842
C:\Users\natha\Projects\boyd-clips\research\blender\renders\seq_flat\f_0044.png	2306079	1786494586122
C:\Users\natha\Projects\boyd-clips\research\blender\renders\seq_flat\f_0045.png	2306152	1786494586381
C:\Users\natha\Projects\boyd-clips\research\blender\renders\seq_flat\f_0046.png	2306741	1786494586642
C:\Users\natha\Projects\boyd-clips\research\blender\renders\seq_flat\f_0047.png	2305810	1786494586904
C:\Users\natha\Projects\boyd-clips\research\blender\renders\seq_flat\f_0048.png	2305439	1786494587169
C:\Users\natha\Projects\boyd-clips\research\blender\renders\seq_flat\f_0049.png	2305555	1786494587431
C:\Users\natha\Projects\boyd-clips\research\blender\renders\seq_flat\f_0050.png	2305981	1786494587696
C:\Users\natha\Projects\boyd-clips\research\blender\renders\seq_flat\f_0051.png	2306504	1786494587965
C:\Users\natha\Projects\boyd-clips\research\blender\renders\seq_flat\f_0052.png	2305564	1786494588224
C:\Users\natha\Projects\boyd-clips\research\blender\renders\seq_flat\f_0053.png	2306236	1786494588484
C:\Users\natha\Projects\boyd-clips\research\blender\renders\seq_flat\f_0054.png	2305807	1786494588748
C:\Users\natha\Projects\boyd-clips\research\blender\renders\seq_flat\f_0055.png	2305426	1786494589009
C:\Users\natha\Projects\boyd-clips\research\blender\renders\seq_flat\f_0056.png	2306252	1786494589264
C:\Users\natha\Projects\boyd-clips\research\blender\renders\seq_flat\f_0057.png	2306234	1786494589526
C:\Users\natha\Projects\boyd-clips\research\blender\renders\seq_flat\f_0058.png	2305769	1786494589793
C:\Users\natha\Projects\boyd-clips\research\blender\renders\seq_flat\f_0059.png	2305909	1786494590054
C:\Users\natha\Projects\boyd-clips\research\blender\renders\seq_flat\f_0060.png	2305748	1786494590316
C:\Users\natha\Projects\boyd-clips\research\blender\renders\seq_flat\f_0061.png	2306336	1786494590581
C:\Users\natha\Projects\boyd-clips\research\blender\renders\seq_flat\f_0062.png	2306377	1786494590843
C:\Users\natha\Projects\boyd-clips\research\blender\renders\seq_flat\f_0063.png	2305317	1786494591101
C:\Users\natha\Projects\boyd-clips\research\blender\renders\seq_flat\f_0064.png	2306263	1786494591360
C:\Users\natha\Projects\boyd-clips\research\blender\renders\seq_flat\f_0065.png	2306693	1786494591627
C:\Users\natha\Projects\boyd-clips\research\blender\renders\seq_flat\f_0066.png	2306080	1786494591887
C:\Users\natha\Projects\boyd-clips\research\blender\renders\seq_flat\f_0067.png	2305923	1786494592145
C:\Users\natha\Projects\boyd-clips\research\blender\renders\seq_flat\f_0068.png	2305040	1786494592415
C:\Users\natha\Projects\boyd-clips\research\blender\renders\seq_flat\f_0069.png	2306356	1786494592675
C:\Users\natha\Projects\boyd-clips\research\blender\renders\seq_flat\f_0070.png	2306121	1786494592934
C:\Users\natha\Projects\boyd-clips\research\blender\renders\seq_flat\f_0071.png	2306133	1786494593201
C:\Users\natha\Projects\boyd-clips\research\blender\renders\seq_flat\f_0072.png	2306188	1786494593468
C:\Users\natha\Projects\boyd-clips\research\blender\renders\seq_flat\f_0073.png	2306087	1786494593726
C:\Users\natha\Projects\boyd-clips\research\blender\renders\seq_flat\f_0074.png	2305558	1786494593983
C:\Users\natha\Projects\boyd-clips\research\blender\renders\seq_flat\f_0075.png	2305714	1786494594249
C:\Users\natha\Projects\boyd-clips\research\blender\renders\seq_flat\f_0076.png	2305923	1786494594509
C:\Users\natha\Projects\boyd-clips\research\blender\renders\seq_flat\f_0077.png	2305947	1786494594770
C:\Users\natha\Projects\boyd-clips\research\blender\renders\seq_flat\f_0078.png	2305851	1786494595027
C:\Users\natha\Projects\boyd-clips\research\blender\renders\seq_flat\f_0079.png	2306291	1786494595296
C:\Users\natha\Projects\boyd-clips\research\blender\renders\seq_flat\f_0080.png	2306846	1786494595552
C:\Users\natha\Projects\boyd-clips\research\blender\renders\seq_flat\f_0081.png	2306073	1786494595814
C:\Users\natha\Projects\boyd-clips\research\blender\renders\seq_flat\f_0082.png	2306298	1786494596084
C:\Users\natha\Projects\boyd-clips\research\blender\renders\seq_flat\f_0083.png	2306226	1786494596343
C:\Users\natha\Projects\boyd-clips\research\blender\renders\seq_flat\f_0084.png	2306053	1786494596603
C:\Users\natha\Projects\boyd-clips\research\blender\renders\seq_gavel\g_0001.png	866993	1786503620219
C:\Users\natha\Projects\boyd-clips\research\blender\renders\seq_gavel\g_0002.png	866993	1786503620426
C:\Users\natha\Projects\boyd-clips\research\blender\renders\seq_gavel\g_0003.png	866993	1786503620627
C:\Users\natha\Projects\boyd-clips\research\blender\renders\seq_gavel\g_0004.png	866993	1786503620826
C:\Users\natha\Projects\boyd-clips\research\blender\renders\seq_gavel\g_0005.png	866993	1786503621015
C:\Users\natha\Projects\boyd-clips\research\blender\renders\seq_gavel\g_0006.png	866993	1786503621216
C:\Users\natha\Projects\boyd-clips\research\blender\renders\seq_gavel\g_0007.png	866993	1786503621408
C:\Users\natha\Projects\boyd-clips\research\blender\renders\seq_gavel\g_0008.png	866993	1786503621602
C:\Users\natha\Projects\boyd-clips\research\blender\renders\seq_gavel\g_0009.png	866993	1786503621798
C:\Users\natha\Projects\boyd-clips\research\blender\renders\seq_gavel\g_0010.png	870259	1786503621985
C:\Users\natha\Projects\boyd-clips\research\blender\renders\seq_gavel\g_0011.png	882028	1786503622172
C:\Users\natha\Projects\boyd-clips\research\blender\renders\seq_gavel\g_0012.png	882373	1786503622362
C:\Users\natha\Projects\boyd-clips\research\blender\renders\seq_gavel\g_0013.png	882269	1786503622551
C:\Users\natha\Projects\boyd-clips\research\blender\renders\seq_gavel\g_0014.png	883073	1786503622738
C:\Users\natha\Projects\boyd-clips\research\blender\renders\seq_gavel\g_0015.png	883024	1786503622921
C:\Users\natha\Projects\boyd-clips\research\blender\renders\seq_gavel\g_0016.png	883679	1786503623109
C:\Users\natha\Projects\boyd-clips\research\blender\renders\seq_gavel\g_0017.png	883389	1786503623297
C:\Users\natha\Projects\boyd-clips\research\blender\renders\seq_gavel\g_0018.png	883468	1786503623485
C:\Users\natha\Projects\boyd-clips\research\blender\renders\seq_gavel\g_0019.png	883468	1786503623672
C:\Users\natha\Projects\boyd-clips\research\blender\renders\seq_gavel\g_0020.png	883468	1786503623864
C:\Users\natha\Projects\boyd-clips\research\blender\renders\seq_gavel\g_0021.png	883468	1786503624049
C:\Users\natha\Projects\boyd-clips\research\blender\renders\seq_gavel\g_0022.png	883468	1786503624243
C:\Users\natha\Projects\boyd-clips\research\blender\renders\seq_gavel\g_0023.png	883674	1786503624440
C:\Users\natha\Projects\boyd-clips\research\blender\renders\seq_gavel\g_0024.png	883245	1786503624631
C:\Users\natha\Projects\boyd-clips\research\blender\renders\seq_gavel\g_0025.png	882793	1786503624813
C:\Users\natha\Projects\boyd-clips\research\blender\renders\seq_gavel\g_0026.png	883306	1786503624996
C:\Users\natha\Projects\boyd-clips\research\blender\renders\seq_gavel\g_0027.png	883123	1786503625185
C:\Users\natha\Projects\boyd-clips\research\blender\renders\seq_gavel\g_0028.png	883362	1786503625374
C:\Users\natha\Projects\boyd-clips\research\blender\renders\seq_gavel\g_0029.png	883096	1786503625575
C:\Users\natha\Projects\boyd-clips\research\blender\renders\seq_gavel\g_0030.png	883162	1786503625757
C:\Users\natha\Projects\boyd-clips\research\blender\renders\seq_gavel\g_0031.png	883082	1786503625940
C:\Users\natha\Projects\boyd-clips\research\blender\renders\seq_gavel\g_0032.png	883343	1786503626130
C:\Users\natha\Projects\boyd-clips\research\blender\renders\seq_gavel\g_0033.png	883229	1786503626314
C:\Users\natha\Projects\boyd-clips\research\blender\renders\seq_gavel\g_0034.png	883371	1786503626503
C:\Users\natha\Projects\boyd-clips\research\blender\renders\seq_gavel\g_0035.png	883085	1786503626693
C:\Users\natha\Projects\boyd-clips\research\blender\renders\seq_gavel\g_0036.png	883271	1786503626875
C:\Users\natha\Projects\boyd-clips\research\blender\renders\seq_gavel\g_0037.png	883468	1786503627058
C:\Users\natha\Projects\boyd-clips\research\blender\renders\seq_gavel\g_0038.png	883468	1786503627242
C:\Users\natha\Projects\boyd-clips\research\blender\renders\seq_gavel\g_0039.png	883703	1786503627427
C:\Users\natha\Projects\boyd-clips\research\blender\renders\seq_gavel\g_0040.png	883701	1786503627611
C:\Users\natha\Projects\boyd-clips\research\blender\renders\seq_gavel\g_0041.png	883391	1786503627811
C:\Users\natha\Projects\boyd-clips\research\blender\renders\seq_gavel\g_0042.png	882509	1786503627999
C:\Users\natha\Projects\boyd-clips\research\blender\renders\seq_gavel\g_0043.png	883019	1786503628189
C:\Users\natha\Projects\boyd-clips\research\blender\renders\seq_gavel\g_0044.png	883185	1786503628382
C:\Users\natha\Projects\boyd-clips\research\blender\renders\seq_gavel\g_0045.png	883225	1786503628576
C:\Users\natha\Projects\boyd-clips\research\blender\renders\seq_gavel\g_0046.png	882716	1786503628768
C:\Users\natha\Projects\boyd-clips\research\blender\renders\seq_gavel\g_0047.png	883161	1786503628958
C:\Users\natha\Projects\boyd-clips\research\blender\renders\seq_gavel\g_0048.png	882757	1786503629152
C:\Users\natha\Projects\boyd-clips\research\blender\renders\seq_gavel\g_0049.png	883298	1786503629342
C:\Users\natha\Projects\boyd-clips\research\blender\renders\seq_gavel\g_0050.png	891630	1786503629535
C:\Users\natha\Projects\boyd-clips\research\blender\renders\seq_gavel\g_0051.png	891795	1786503629731
C:\Users\natha\Projects\boyd-clips\research\blender\renders\seq_gavel\g_0052.png	892334	1786503629930
C:\Users\natha\Projects\boyd-clips\research\blender\renders\seq_gavel\g_0053.png	892215	1786503630124
C:\Users\natha\Projects\boyd-clips\research\blender\renders\seq_gavel\g_0054.png	891936	1786503630321
C:\Users\natha\Projects\boyd-clips\research\blender\renders\seq_gavel\g_0055.png	892088	1786503630510
C:\Users\natha\Projects\boyd-clips\research\blender\renders\seq_gavel\g_0056.png	896571	1786503630713
C:\Users\natha\Projects\boyd-clips\research\blender\renders\seq_gavel\g_0057.png	907696	1786503630899
C:\Users\natha\Projects\boyd-clips\research\blender\renders\seq_gavel\g_0058.png	901895	1786503631081
C:\Users\natha\Projects\boyd-clips\research\blender\renders\seq_gavel\g_0059.png	912880	1786503631269
C:\Users\natha\Projects\boyd-clips\research\blender\renders\seq_gavel\g_0060.png	901602	1786503631452
C:\Users\natha\Projects\boyd-clips\research\blender\renders\seq_gavel\g_0061.png	901602	1786503631640
C:\Users\natha\Projects\boyd-clips\research\blender\renders\seq_gavel\g_0062.png	901602	1786503631826
C:\Users\natha\Projects\boyd-clips\research\blender\renders\seq_gavel\g_0063.png	901602	1786503632013
C:\Users\natha\Projects\boyd-clips\research\blender\renders\seq_gavel\g_0064.png	901602	1786503632212
C:\Users\natha\Projects\boyd-clips\research\blender\renders\seq_gavel\g_0065.png	901602	1786503632400
C:\Users\natha\Projects\boyd-clips\research\blender\renders\seq_gavel\g_0066.png	901602	1786503632589
C:\Users\natha\Projects\boyd-clips\research\blender\renders\seq_gavel\g_0067.png	901602	1786503632777
C:\Users\natha\Projects\boyd-clips\research\blender\renders\seq_gavel\g_0068.png	901602	1786503632967
C:\Users\natha\Projects\boyd-clips\research\blender\renders\seq_gavel\g_0069.png	901602	1786503633167
C:\Users\natha\Projects\boyd-clips\research\blender\renders\seq_gavel\g_0070.png	901602	1786503633376
C:\Users\natha\Projects\boyd-clips\research\blender\renders\seq_gavel\g_0071.png	901602	1786503633577
C:\Users\natha\Projects\boyd-clips\research\blender\renders\seq_gavel\g_0072.png	901602	1786503633772
C:\Users\natha\Projects\boyd-clips\research\blender\renders\seq_gavel\g_0073.png	901602	1786503633969
C:\Users\natha\Projects\boyd-clips\research\blender\renders\seq_gavel\g_0074.png	901602	1786503634161
C:\Users\natha\Projects\boyd-clips\research\blender\renders\seq_gavel\g_0075.png	901602	1786503634357
C:\Users\natha\Projects\boyd-clips\research\blender\renders\seq_gavel\g_0076.png	901602	1786503634551
C:\Users\natha\Projects\boyd-clips\research\blender\renders\seq_gavel\g_0077.png	901602	1786503634743
C:\Users\natha\Projects\boyd-clips\research\blender\renders\seq_gavel\g_0078.png	901602	1786503634935
C:\Users\natha\Projects\boyd-clips\research\blender\renders\seq_gavel\g_0079.png	901602	1786503635134
C:\Users\natha\Projects\boyd-clips\research\blender\renders\seq_gavel\g_0080.png	901602	1786503635339
C:\Users\natha\Projects\boyd-clips\research\blender\renders\seq_gavel\g_0081.png	901602	1786503635531
C:\Users\natha\Projects\boyd-clips\research\blender\renders\seq_gavel\g_0082.png	901602	1786503635726
C:\Users\natha\Projects\boyd-clips\research\blender\renders\seq_gavel\g_0083.png	901602	1786503635924
C:\Users\natha\Projects\boyd-clips\research\blender\renders\seq_gavel\g_0084.png	901602	1786503636119
C:\Users\natha\Projects\boyd-clips\research\blender\renders\seq_gavel\g_0085.png	901602	1786503636320
C:\Users\natha\Projects\boyd-clips\research\blender\renders\seq_gavel\g_0086.png	901602	1786503636515
C:\Users\natha\Projects\boyd-clips\research\blender\renders\seq_gavel\g_0087.png	901602	1786503636704
C:\Users\natha\Projects\boyd-clips\research\blender\renders\seq_gavel\g_0088.png	901602	1786503636902
C:\Users\natha\Projects\boyd-clips\research\blender\renders\seq_gavel\g_0089.png	901602	1786503637098
C:\Users\natha\Projects\boyd-clips\research\blender\renders\seq_gavel\g_0090.png	901602	1786503637292
C:\Users\natha\Projects\boyd-clips\research\blender\renders\seq_gavel\g_0091.png	901602	1786503637486
C:\Users\natha\Projects\boyd-clips\research\blender\renders\seq_gavel\g_0092.png	901602	1786503637681
C:\Users\natha\Projects\boyd-clips\research\blender\renders\seq_gavel\g_0093.png	901602	1786503637878
C:\Users\natha\Projects\boyd-clips\research\blender\renders\seq_gavel\g_0094.png	901602	1786503638073
C:\Users\natha\Projects\boyd-clips\research\blender\renders\seq_gavel\g_0095.png	901602	1786503638266
C:\Users\natha\Projects\boyd-clips\research\blender\renders\seq_gavel\g_0096.png	901602	1786503638458
C:\Users\natha\Projects\boyd-clips\research\blender\renders\seq_gavel\g_0097.png	901602	1786503638653
C:\Users\natha\Projects\boyd-clips\research\blender\renders\seq_gavel\g_0098.png	901602	1786503638849
C:\Users\natha\Projects\boyd-clips\research\blender\renders\seq_gavel\g_0099.png	901602	1786503639048
C:\Users\natha\Projects\boyd-clips\research\blender\renders\seq_gavel\g_0100.png	901602	1786503639241
C:\Users\natha\Projects\boyd-clips\research\blender\renders\seq_gavel\g_0101.png	901602	1786503639429
C:\Users\natha\Projects\boyd-clips\research\blender\renders\seq_gavel\g_0102.png	901602	1786503639616
C:\Users\natha\Projects\boyd-clips\research\blender\renders\seq_v2\v_0001.png	866158	1786524278603
C:\Users\natha\Projects\boyd-clips\research\blender\renders\seq_v2\v_0002.png	886289	1786524278824
C:\Users\natha\Projects\boyd-clips\research\blender\renders\seq_v2\v_0003.png	887740	1786524279078
C:\Users\natha\Projects\boyd-clips\research\blender\renders\seq_v2\v_0004.png	890055	1786524279330
C:\Users\natha\Projects\boyd-clips\research\blender\renders\seq_v2\v_0005.png	890633	1786524279581
C:\Users\natha\Projects\boyd-clips\research\blender\renders\seq_v2\v_0006.png	891793	1786524279816
C:\Users\natha\Projects\boyd-clips\research\blender\renders\seq_v2\v_0007.png	895391	1786524280009
C:\Users\natha\Projects\boyd-clips\research\blender\renders\seq_v2\v_0008.png	896813	1786524280243
C:\Users\natha\Projects\boyd-clips\research\blender\renders\seq_v2\v_0009.png	898030	1786524280476
C:\Users\natha\Projects\boyd-clips\research\blender\renders\seq_v2\v_0010.png	899267	1786524280700
C:\Users\natha\Projects\boyd-clips\research\blender\renders\seq_v2\v_0011.png	900567	1786524280927
C:\Users\natha\Projects\boyd-clips\research\blender\renders\seq_v2\v_0012.png	902097	1786524281159
C:\Users\natha\Projects\boyd-clips\research\blender\renders\seq_v2\v_0013.png	902881	1786524281389
C:\Users\natha\Projects\boyd-clips\research\blender\renders\seq_v2\v_0014.png	903575	1786524281615
C:\Users\natha\Projects\boyd-clips\research\blender\renders\seq_v2\v_0015.png	904241	1786524281841
C:\Users\natha\Projects\boyd-clips\research\blender\renders\seq_v2\v_0016.png	905593	1786524282068
C:\Users\natha\Projects\boyd-clips\research\blender\renders\seq_v2\v_0017.png	896622	1786524282293
C:\Users\natha\Projects\boyd-clips\research\blender\renders\seq_v2\v_0018.png	896622	1786524282514
C:\Users\natha\Projects\boyd-clips\research\blender\renders\seq_v2\v_0019.png	898452	1786524282736
C:\Users\natha\Projects\boyd-clips\research\blender\renders\seq_v2\v_0020.png	900355	1786524282963
C:\Users\natha\Projects\boyd-clips\research\blender\renders\seq_v2\v_0021.png	901792	1786524283192
C:\Users\natha\Projects\boyd-clips\research\blender\renders\seq_v2\v_0022.png	903350	1786524283413
C:\Users\natha\Projects\boyd-clips\research\blender\renders\seq_v2\v_0023.png	904111	1786524283636
C:\Users\natha\Projects\boyd-clips\research\blender\renders\seq_v2\v_0024.png	903851	1786524283858
C:\Users\natha\Projects\boyd-clips\research\blender\renders\seq_v2\v_0025.png	901924	1786524284087
C:\Users\natha\Projects\boyd-clips\research\blender\renders\seq_v2\v_0026.png	896622	1786524284306
C:\Users\natha\Projects\boyd-clips\research\blender\renders\seq_v2\v_0027.png	896364	1786524284523
C:\Users\natha\Projects\boyd-clips\research\blender\renders\seq_v2\v_0028.png	896493	1786524284741
C:\Users\natha\Projects\boyd-clips\research\blender\renders\seq_v2\v_0029.png	898726	1786524284965
C:\Users\natha\Projects\boyd-clips\research\blender\renders\seq_v2\v_0030.png	900828	1786524285189
C:\Users\natha\Projects\boyd-clips\research\blender\renders\seq_v2\v_0031.png	903076	1786524285406
C:\Users\natha\Projects\boyd-clips\research\blender\renders\seq_v2\v_0032.png	905183	1786524285627
C:\Users\natha\Projects\boyd-clips\research\blender\renders\seq_v2\v_0033.png	906820	1786524285854
C:\Users\natha\Projects\boyd-clips\research\blender\renders\seq_v2\v_0034.png	908176	1786524286079
C:\Users\natha\Projects\boyd-clips\research\blender\renders\seq_v2\v_0035.png	905956	1786524286306
C:\Users\natha\Projects\boyd-clips\research\blender\renders\seq_v2\v_0036.png	896622	1786524286527
C:\Users\natha\Projects\boyd-clips\research\blender\renders\seq_v2\v_0037.png	900558	1786524286750
C:\Users\natha\Projects\boyd-clips\research\blender\renders\seq_v2\v_0038.png	901317	1786524286972
C:\Users\natha\Projects\boyd-clips\research\blender\renders\seq_v2\v_0039.png	898543	1786524287192
C:\Users\natha\Projects\boyd-clips\research\blender\renders\seq_v2\v_0040.png	899088	1786524287411
C:\Users\natha\Projects\boyd-clips\research\blender\renders\seq_v2\v_0041.png	898315	1786524287638
C:\Users\natha\Projects\boyd-clips\research\blender\renders\seq_v2\v_0042.png	899185	1786524287863
C:\Users\natha\Projects\boyd-clips\research\blender\renders\seq_v2\v_0043.png	899365	1786524288086
C:\Users\natha\Projects\boyd-clips\research\blender\renders\seq_v2\v_0044.png	899456	1786524288305
C:\Users\natha\Projects\boyd-clips\research\blender\renders\seq_v2\v_0045.png	899277	1786524288529
C:\Users\natha\Projects\boyd-clips\research\blender\renders\seq_v2\v_0046.png	899468	1786524288755
C:\Users\natha\Projects\boyd-clips\research\blender\renders\seq_v2\v_0047.png	899118	1786524288977
C:\Users\natha\Projects\boyd-clips\research\blender\renders\seq_v2\v_0048.png	898589	1786524289200
C:\Users\natha\Projects\boyd-clips\research\blender\renders\seq_v2\v_0049.png	898972	1786524289421
C:\Users\natha\Projects\boyd-clips\research\blender\renders\seq_v2\v_0050.png	899578	1786524289646
C:\Users\natha\Projects\boyd-clips\research\blender\renders\seq_v2\v_0051.png	900765	1786524289866
C:\Users\natha\Projects\boyd-clips\research\blender\renders\seq_v2\v_0052.png	900971	1786524290091
C:\Users\natha\Projects\boyd-clips\research\blender\renders\seq_v2\v_0053.png	901538	1786524290317
C:\Users\natha\Projects\boyd-clips\research\blender\renders\seq_v2\v_0054.png	901601	1786524290544
C:\Users\natha\Projects\boyd-clips\research\blender\renders\seq_v2\v_0055.png	901601	1786524290763
C:\Users\natha\Projects\boyd-clips\research\blender\renders\seq_v2\v_0056.png	901601	1786524290983
C:\Users\natha\Projects\boyd-clips\research\blender\renders\seq_v2\v_0057.png	901601	1786524291204
C:\Users\natha\Projects\boyd-clips\research\blender\renders\seq_v2\v_0058.png	901601	1786524291427
C:\Users\natha\Projects\boyd-clips\research\blender\renders\seq_v2\v_0059.png	901601	1786524291648
C:\Users\natha\Projects\boyd-clips\research\blender\renders\seq_v2\v_0060.png	901601	1786524291869
C:\Users\natha\Projects\boyd-clips\research\blender\renders\seq_v2\v_0061.png	901601	1786524292093
C:\Users\natha\Projects\boyd-clips\research\blender\renders\seq_v2\v_0062.png	901601	1786524292323
C:\Users\natha\Projects\boyd-clips\research\blender\renders\seq_v2\v_0063.png	901601	1786524292541
C:\Users\natha\Projects\boyd-clips\research\blender\renders\seq_v2\v_0064.png	901601	1786524292763
C:\Users\natha\Projects\boyd-clips\research\blender\renders\seq_v2\v_0065.png	1232665	1786524292990
C:\Users\natha\Projects\boyd-clips\research\blender\renders\seq_v2\v_0066.png	1349760	1786524293229
C:\Users\natha\Projects\boyd-clips\research\blender\renders\seq_v2\v_0067.png	1576861	1786524293474
C:\Users\natha\Projects\boyd-clips\research\blender\renders\seq_v2\v_0068.png	1684270	1786524293723
C:\Users\natha\Projects\boyd-clips\research\blender\renders\seq_v2\v_0069.png	1533993	1786524293967
C:\Users\natha\Projects\boyd-clips\research\blender\renders\seq_v2\v_0070.png	1622560	1786524294216
C:\Users\natha\Projects\boyd-clips\research\blender\renders\seq_v2\v_0071.png	1453128	1786524294457
C:\Users\natha\Projects\boyd-clips\research\blender\renders\seq_v2\v_0072.png	1554298	1786524294703
C:\Users\natha\Projects\boyd-clips\research\blender\renders\seq_v2\v_0073.png	1580685	1786524294952
C:\Users\natha\Projects\boyd-clips\research\blender\renders\seq_v2\v_0074.png	1314696	1786524295184
C:\Users\natha\Projects\boyd-clips\research\blender\renders\seq_v2\v_0075.png	1616812	1786524295430
C:\Users\natha\Projects\boyd-clips\research\blender\renders\seq_v2\v_0076.png	1609748	1786524295681
C:\Users\natha\Projects\boyd-clips\research\blender\renders\seq_v2\v_0077.png	1468020	1786524295937
C:\Users\natha\Projects\boyd-clips\research\blender\renders\seq_v2\v_0078.png	408185	1786524296135
C:\Users\natha\Projects\boyd-clips\research\blender\renders\stale_parent_CORRECT.png	6086	1786489740200
C:\Users\natha\Projects\boyd-clips\research\blender\renders\stale_parent_NAIVE.png	6076	1786489740089
C:\Users\natha\Projects\boyd-clips\research\blender\renders\stale_text_CORRECT.png	9212	1786489712483
C:\Users\natha\Projects\boyd-clips\research\blender\renders\stale_text_NAIVE.png	9212	1786489712377
C:\Users\natha\Projects\boyd-clips\research\blender\renders\sting.mp4	515084	1786494634987
C:\Users\natha\Projects\boyd-clips\research\blender\renders\sting_30fps.mp4	614073	1786494636438
C:\Users\natha\Projects\boyd-clips\research\blender\renders\sting_alpha_prores4444.mov	7208968	1786494635825
C:\Users\natha\Projects\boyd-clips\research\blender\renders\sting_audio.wav	134444	1786494505449
C:\Users\natha\Projects\boyd-clips\research\blender\renders\sting_audio_tail.wav	208044	1786494505450
C:\Users\natha\Projects\boyd-clips\research\blender\renders\sting_gavel.mp4	175348	1786503928740
C:\Users\natha\Projects\boyd-clips\research\blender\renders\sting_v2.mp4	401174	1786506643493
C:\Users\natha\Projects\boyd-clips\research\blender\renders\sting_v2.wav	280044	1786506601785
C:\Users\natha\Projects\boyd-clips\research\blender\renders\sting_v2_lvl.wav	280078	1786506642575
C:\Users\natha\Projects\boyd-clips\research\blender\renders\sw_ACES_20_LINfeed.png	4388	1786489584456
C:\Users\natha\Projects\boyd-clips\research\blender\renders\sw_AgX_LINfeed.png	4207	1786489584065
C:\Users\natha\Projects\boyd-clips\research\blender\renders\sw_AgX_Punchy_LINfeed.png	3848	1786489584683
C:\Users\natha\Projects\boyd-clips\research\blender\renders\sw_Filmic_LINfeed.png	4040	1786489584237
C:\Users\natha\Projects\boyd-clips\research\blender\renders\sw_Khronos_PBR_Neutral_LINfeed.png	4010	1786489584382
C:\Users\natha\Projects\boyd-clips\research\blender\renders\sw_Raw_LINfeed.png	3821	1786489584521
C:\Users\natha\Projects\boyd-clips\research\blender\renders\sw_Standard_LINfeed.png	2770	1786489584139
C:\Users\natha\Projects\boyd-clips\research\blender\renders\sw_Standard_NAIVEfeed.png	3092	1786489584588
C:\Users\natha\Projects\boyd-clips\research\blender\renders\verify\ctrl_0024.png	29985	1786494519365
C:\Users\natha\Projects\boyd-clips\research\blender\renders\verify\ctrl_0025.png	36344	1786494519712
C:\Users\natha\Projects\boyd-clips\research\blender\renders\verify\ctrl_0030.png	51954	1786494519895
C:\Users\natha\Projects\boyd-clips\research\blender\renders\verify\ctrl_0036.png	47538	1786494520090
C:\Users\natha\Projects\boyd-clips\research\blender\renders\verify\ctrl_0049.png	48336	1786494520281
C:\Users\natha\Projects\boyd-clips\research\blender\renders\verify\ctrl_0060.png	48336	1786494520481
C:\Users\natha\Projects\boyd-clips\research\blender\renders\verify\ctrl_0084.png	48336	1786494520681
C:\Users\natha\Projects\boyd-clips\research\blender\renders\vid_AVI_PNG0001-0006.avi	5734238	1786489820237
C:\Users\natha\Projects\boyd-clips\research\blender\renders\vid_MKV_FFV10001-0006.mkv	7141261	1786489812101
C:\Users\natha\Projects\boyd-clips\research\blender\renders\vid_MKV_H2640001-0006.mkv	46204	1786489810861
C:\Users\natha\Projects\boyd-clips\research\blender\renders\vid_MKV_HUFFYUV0001-0006.mkv	13710297	1786489814255
C:\Users\natha\Projects\boyd-clips\research\blender\renders\vid_MKV_PRORES0001-0006.mkv	272803	1786489813188
C:\Users\natha\Projects\boyd-clips\research\blender\renders\vid_MPEG4_AV10001-0006.mp4	14894	1786489808664
C:\Users\natha\Projects\boyd-clips\research\blender\renders\vid_MPEG4_H2640001-0006.mp4	46867	1786489804919
C:\Users\natha\Projects\boyd-clips\research\blender\renders\vid_MPEG4_H2650001-0006.mp4	12696	1786489806087
C:\Users\natha\Projects\boyd-clips\research\blender\renders\vid_MPEG4_MPEG40001-0006.mp4	48953	1786489809774
C:\Users\natha\Projects\boyd-clips\research\blender\renders\vid_OGG_THEORA0001-0006.ogv	28387	1786489821616
C:\Users\natha\Projects\boyd-clips\research\blender\renders\vid_QUICKTIME_H2640001-0006.mov	46905	1786489818828
C:\Users\natha\Projects\boyd-clips\research\blender\renders\vid_QUICKTIME_PRORES0001-0006.mov	273127	1786489816688
C:\Users\natha\Projects\boyd-clips\research\blender\renders\vid_QUICKTIME_QTRLE0001-0006.mov	5207955	1786489817768
C:\Users\natha\Projects\boyd-clips\research\blender\renders\vid_WEBM_WEBM0001-0006.webm	32706	1786489815611
C:\Users\natha\Projects\boyd-clips\research\blender\renders\vid_test0001-0006.mp4	1675	1786490205648
C:\Users\natha\Projects\boyd-clips\research\blender\renders\vid_test_0001-0006.mp4	1678	1786490285117
C:\Users\natha\Projects\boyd-clips\research\blender\renders\workbench_still.png	1717849	1786489668509
C:\Users\natha\Projects\boyd-clips\research\blender\scratch\01_enums.py	1742	1786489456721
C:\Users\natha\Projects\boyd-clips\research\blender\scratch\01_introspect.py	1679	1786489455352
C:\Users\natha\Projects\boyd-clips\research\blender\scratch\02_action_api.py	1599	1786489472063
C:\Users\natha\Projects\boyd-clips\research\blender\scratch\02_cycles.py	1035	1786489473250
C:\Users\natha\Projects\boyd-clips\research\blender\scratch\03_engines_props.py	1773	1786489502188
C:\Users\natha\Projects\boyd-clips\research\blender\scratch\03_nodes.py	3121	1786489498285
C:\Users\natha\Projects\boyd-clips\research\blender\scratch\04_comp.py	1699	1786489514479
C:\Users\natha\Projects\boyd-clips\research\blender\scratch\04_comp_cycles.py	1263	1786489520905
C:\Users\natha\Projects\boyd-clips\research\blender\scratch\05_compositor_build.py	1975	1786489541760
C:\Users\natha\Projects\boyd-clips\research\blender\scratch\05_sigs.py	1968	1786489538551
C:\Users\natha\Projects\boyd-clips\research\blender\scratch\06_build.py	10053	1786937661354
C:\Users\natha\Projects\boyd-clips\research\blender\scratch\06_comp_sockets.py	2098	1786489560101
C:\Users\natha\Projects\boyd-clips\research\blender\scratch\07_menu_sockets.py	1742	1786489582634
C:\Users\natha\Projects\boyd-clips\research\blender\scratch\07_planes.py	2643	1786937661355
C:\Users\natha\Projects\boyd-clips\research\blender\scratch\08_frame_eval.py	4573	1786489644310
C:\Users\natha\Projects\boyd-clips\research\blender\scratch\08_render.py	3459	1786489656404
C:\Users\natha\Projects\boyd-clips\research\blender\scratch\09_motionblur.py	3746	1786489688126
C:\Users\natha\Projects\boyd-clips\research\blender\scratch\09_verify.py	2102	1786489691760
C:\Users\natha\Projects\boyd-clips\research\blender\scratch\10_engine_check.py	1663	1786489727199
C:\Users\natha\Projects\boyd-clips\research\blender\scratch\10_output.py	4459	1786489795626
C:\Users\natha\Projects\boyd-clips\research\blender\scratch\11_action.py	1441	1786489752428
C:\Users\natha\Projects\boyd-clips\research\blender\scratch\11_compositor.py	5842	1786489794952
C:\Users\natha\Projects\boyd-clips\research\blender\scratch\12_comp_debug.py	2914	1786489826273
C:\Users\natha\Projects\boyd-clips\research\blender\scratch\12_imgset.py	1424	1786489782787
C:\Users\natha\Projects\boyd-clips\research\blender\scratch\13_alpha_video.py	2811	1786489848008
C:\Users\natha\Projects\boyd-clips\research\blender\scratch\13_compositor_final.py	5008	1786489878319
C:\Users\natha\Projects\boyd-clips\research\blender\scratch\14_dof.py	3139	1786489913868
C:\Users\natha\Projects\boyd-clips\research\blender\scratch\14_rnadoc.py	1400	1786489911008
C:\Users\natha\Projects\boyd-clips\research\blender\scratch\15_dof_measure.py	1218	1786489935737
C:\Users\natha\Projects\boyd-clips\research\blender\scratch\15_end_to_end.py	5971	1786937661356
C:\Users\natha\Projects\boyd-clips\research\blender\scratch\16_easing.py	2729	1786489967710
C:\Users\natha\Projects\boyd-clips\research\blender\scratch\16_prores.py	1059	1786490061344
C:\Users\natha\Projects\boyd-clips\research\blender\scratch\17_frame_paths.py	3518	1786489999701
C:\Users\natha\Projects\boyd-clips\research\blender\scratch\17_prores4444.py	861	1786490074384
C:\Users\natha\Projects\boyd-clips\research\blender\scratch\18_path_compare.py	1028	1786490042380
C:\Users\natha\Projects\boyd-clips\research\blender\scratch\19_fmod_prefs.py	2807	1786490075837
C:\Users\natha\Projects\boyd-clips\research\blender\scratch\20_integration.py	6383	1786490155167
C:\Users\natha\Projects\boyd-clips\research\blender\scratch\21_ffmpeg.py	1083	1786490144777
C:\Users\natha\Projects\boyd-clips\research\blender\scratch\22_anim_comp.py	2966	1786490197978
C:\Users\natha\Projects\boyd-clips\research\blender\scratch\alpha_comp.py	3456	1786937661357
C:\Users\natha\Projects\boyd-clips\research\blender\scratch\alpha_film.py	2648	1786490011960
C:\Users\natha\Projects\boyd-clips\research\blender\scratch\arch_00_verify.py	9058	1786937661357
C:\Users\natha\Projects\boyd-clips\research\blender\scratch\arch_01_shear.py	6511	1786937661357
C:\Users\natha\Projects\boyd-clips\research\blender\scratch\arch_02_shapekey.py	2163	1786937661358
C:\Users\natha\Projects\boyd-clips\research\blender\scratch\arch_03_shearrender.py	2650	1786937661358
C:\Users\natha\Projects\boyd-clips\research\blender\scratch\arch_04_mirror.py	2006	1786937661358
C:\Users\natha\Projects\boyd-clips\research\blender\scratch\arch_05_audio.py	2388	1786493097632
C:\Users\natha\Projects\boyd-clips\research\blender\scratch\arch_06_grain.py	2727	1786493274700
C:\Users\natha\Projects\boyd-clips\research\blender\scratch\arch_07_graintest.py	3199	1786493409443
C:\Users\natha\Projects\boyd-clips\research\blender\scratch\arch_08_graindiag.py	2938	1786493373516
C:\Users\natha\Projects\boyd-clips\research\blender\scratch\arch_tone.wav	192078	1786493083733
C:\Users\natha\Projects\boyd-clips\research\blender\scratch\boyd_anim.py	2355	1786489603567
C:\Users\natha\Projects\boyd-clips\research\blender\scratch\colour_exact.py	1988	1786489628813
C:\Users\natha\Projects\boyd-clips\research\blender\scratch\colour_roundtrip.py	2820	1786489573111
C:\Users\natha\Projects\boyd-clips\research\blender\scratch\comp_nodes.py	1625	1786489914700
C:\Users\natha\Projects\boyd-clips\research\blender\scratch\comp_probe.py	2495	1786937661359
C:\Users\natha\Projects\boyd-clips\research\blender\scratch\contrast.py	2523	1786490795470
C:\Users\natha\Projects\boyd-clips\research\blender\scratch\crit_01_alpha.py	6936	1786937661359
C:\Users\natha\Projects\boyd-clips\research\blender\scratch\crit_02_colour.py	4698	1786491881923
C:\Users\natha\Projects\boyd-clips\research\blender\scratch\crit_03_framepaths.py	5799	1786491945452
C:\Users\natha\Projects\boyd-clips\research\blender\scratch\crit_04_video.py	5949	1786492018155
C:\Users\natha\Projects\boyd-clips\research\blender\scratch\crit_05_enums.py	7269	1786492091930
C:\Users\natha\Projects\boyd-clips\research\blender\scratch\crit_06_dither_dof.py	5204	1786492160313
C:\Users\natha\Projects\boyd-clips\research\blender\scratch\crit_07_readback.py	2202	1786492226537
C:\Users\natha\Projects\boyd-clips\research\blender\scratch\cycles_gpu.py	1740	1786490251998
C:\Users\natha\Projects\boyd-clips\research\blender\scratch\depsgraph_test.py	2843	1786489663904
C:\Users\natha\Projects\boyd-clips\research\blender\scratch\dither_probe.py	256	1786489608883
C:\Users\natha\Projects\boyd-clips\research\blender\scratch\dump_enum.py	568	1786489511405
C:\Users\natha\Projects\boyd-clips\research\blender\scratch\edge_ladder.py	3018	1786490957711
C:\Users\natha\Projects\boyd-clips\research\blender\scratch\edge_test.py	5006	1786937661360
C:\Users\natha\Projects\boyd-clips\research\blender\scratch\edge_test_v2.py	4616	1786937661360
C:\Users\natha\Projects\boyd-clips\research\blender\scratch\eevee_alpha.py	2796	1786490070948
C:\Users\natha\Projects\boyd-clips\research\blender\scratch\eevee_blend.py	3080	1786490102476
C:\Users\natha\Projects\boyd-clips\research\blender\scratch\exr_read.py	1453	1786490041919
C:\Users\natha\Projects\boyd-clips\research\blender\scratch\ffmpeg_probe.py	1436	1786490178988
C:\Users\natha\Projects\boyd-clips\research\blender\scratch\font_test.py	3407	1786489836280
C:\Users\natha\Projects\boyd-clips\research\blender\scratch\gui_only.py	1935	1786489794616
C:\Users\natha\Projects\boyd-clips\research\blender\scratch\logo_edge_zoom.png	3984	1786492293452
C:\Users\natha\Projects\boyd-clips\research\blender\scratch\lower_third.py	4925	1786937661361
C:\Users\natha\Projects\boyd-clips\research\blender\scratch\measure_banners.py	1659	1786937661361
C:\Users\natha\Projects\boyd-clips\research\blender\scratch\measure_mark.py	4359	1786937661361
C:\Users\natha\Projects\boyd-clips\research\blender\scratch\media_type.py	1866	1786490200041
C:\Users\natha\Projects\boyd-clips\research\blender\scratch\misc2.py	2596	1786490303960
C:\Users\natha\Projects\boyd-clips\research\blender\scratch\misc_gotchas.py	3506	1786490283184
C:\Users\natha\Projects\boyd-clips\research\blender\scratch\opcheck.py	579	1786490394719
C:\Users\natha\Projects\boyd-clips\research\blender\scratch\ops_matrix.py	3450	1786489768769
C:\Users\natha\Projects\boyd-clips\research\blender\scratch\pngprobe.py	2451	1786489545205
C:\Users\natha\Projects\boyd-clips\research\blender\scratch\probe_cm.py	1846	1786489479041
C:\Users\natha\Projects\boyd-clips\research\blender\scratch\probe_cm2.py	1342	1786489497084
C:\Users\natha\Projects\boyd-clips\research\blender\scratch\stale_matrix.py	3153	1786489738582
C:\Users\natha\Projects\boyd-clips\research\blender\scratch\stale_text.py	2564	1786489710862
C:\Users\natha\Projects\boyd-clips\research\blender\scratch\sting_00_measure.py	6096	1786937661362
C:\Users\natha\Projects\boyd-clips\research\blender\scratch\sting_01_measure2.py	6336	1786494126432
C:\Users\natha\Projects\boyd-clips\research\blender\scratch\sting_02_verify.py	9010	1786494706828
C:\Users\natha\Projects\boyd-clips\research\blender\scratch\sting_03_starcheck.py	2574	1786494796258
C:\Users\natha\Projects\boyd-clips\research\blender\scratch\sting_04_contact.ps1	3117	1786494846854
C:\Users\natha\Projects\boyd-clips\research\blender\scratch\stings\0X_9qxogVcs.mp4	397501	1786490764026
C:\Users\natha\Projects\boyd-clips\research\blender\scratch\stings\Hob2BgTOIhA.mp4	1070503	1786490752994
C:\Users\natha\Projects\boyd-clips\research\blender\scratch\stings\WReusTs0Vbo.mp4	602821	1786490788785
C:\Users\natha\Projects\boyd-clips\research\blender\scratch\stings\allf\l_001.png	2406	1786491881206
C:\Users\natha\Projects\boyd-clips\research\blender\scratch\stings\allf\l_002.png	2406	1786491881207
C:\Users\natha\Projects\boyd-clips\research\blender\scratch\stings\allf\l_003.png	2406	1786491881207
C:\Users\natha\Projects\boyd-clips\research\blender\scratch\stings\allf\l_004.png	2406	1786491881207
C:\Users\natha\Projects\boyd-clips\research\blender\scratch\stings\allf\l_005.png	2406	1786491881207
C:\Users\natha\Projects\boyd-clips\research\blender\scratch\stings\allf\l_006.png	4320	1786491881208
C:\Users\natha\Projects\boyd-clips\research\blender\scratch\stings\allf\l_007.png	4705	1786491881208
C:\Users\natha\Projects\boyd-clips\research\blender\scratch\stings\allf\l_008.png	5923	1786491881209
C:\Users\natha\Projects\boyd-clips\research\blender\scratch\stings\allf\l_009.png	5909	1786491881209
C:\Users\natha\Projects\boyd-clips\research\blender\scratch\stings\allf\l_010.png	7575	1786491881209
C:\Users\natha\Projects\boyd-clips\research\blender\scratch\stings\allf\l_011.png	6893	1786491881210
C:\Users\natha\Projects\boyd-clips\research\blender\scratch\stings\allf\l_012.png	9039	1786491881210
C:\Users\natha\Projects\boyd-clips\research\blender\scratch\stings\allf\l_013.png	10825	1786491881211
C:\Users\natha\Projects\boyd-clips\research\blender\scratch\stings\allf\l_014.png	13790	1786491881211
C:\Users\natha\Projects\boyd-clips\research\blender\scratch\stings\allf\l_015.png	15509	1786491881211
C:\Users\natha\Projects\boyd-clips\research\blender\scratch\stings\allf\l_016.png	17298	1786491881212
C:\Users\natha\Projects\boyd-clips\research\blender\scratch\stings\allf\l_017.png	17528	1786491881212
C:\Users\natha\Projects\boyd-clips\research\blender\scratch\stings\allf\l_018.png	18606	1786491881212
C:\Users\natha\Projects\boyd-clips\research\blender\scratch\stings\allf\l_019.png	20129	1786491881213
C:\Users\natha\Projects\boyd-clips\research\blender\scratch\stings\allf\l_020.png	22794	1786491881213
C:\Users\natha\Projects\boyd-clips\research\blender\scratch\stings\allf\l_021.png	23400	1786491881214
C:\Users\natha\Projects\boyd-clips\research\blender\scratch\stings\allf\l_022.png	23388	1786491881230
C:\Users\natha\Projects\boyd-clips\research\blender\scratch\stings\allf\l_023.png	23495	1786491881230
C:\Users\natha\Projects\boyd-clips\research\blender\scratch\stings\allf\l_024.png	23738	1786491881231
C:\Users\natha\Projects\boyd-clips\research\blender\scratch\stings\allf\l_025.png	24061	1786491881231
C:\Users\natha\Projects\boyd-clips\research\blender\scratch\stings\allf\l_026.png	24218	1786491881231
C:\Users\natha\Projects\boyd-clips\research\blender\scratch\stings\allf\l_027.png	24346	1786491881231
C:\Users\natha\Projects\boyd-clips\research\blender\scratch\stings\allf\l_028.png	24316	1786491881232
C:\Users\natha\Projects\boyd-clips\research\blender\scratch\stings\allf\l_029.png	24306	1786491881232
C:\Users\natha\Projects\boyd-clips\research\blender\scratch\stings\allf\l_030.png	24453	1786491881232
C:\Users\natha\Projects\boyd-clips\research\blender\scratch\stings\allf\l_031.png	24688	1786491881232
C:\Users\natha\Projects\boyd-clips\research\blender\scratch\stings\allf\l_032.png	24591	1786491881232
C:\Users\natha\Projects\boyd-clips\research\blender\scratch\stings\allf\l_033.png	24813	1786491881233
C:\Users\natha\Projects\boyd-clips\research\blender\scratch\stings\allf\l_034.png	24807	1786491881233
C:\Users\natha\Projects\boyd-clips\research\blender\scratch\stings\allf\l_035.png	24787	1786491881233
C:\Users\natha\Projects\boyd-clips\research\blender\scratch\stings\allf\l_036.png	24643	1786491881233
C:\Users\natha\Projects\boyd-clips\research\blender\scratch\stings\allf\l_037.png	24514	1786491881233
C:\Users\natha\Projects\boyd-clips\research\blender\scratch\stings\aud_0X_9qxogVcs.wav	1151454	1786490895419
C:\Users\natha\Projects\boyd-clips\research\blender\scratch\stings\aud_jVpsLMCIB0Y.wav	1151454	1786490892555
C:\Users\natha\Projects\boyd-clips\research\blender\scratch\stings\aud_uskP0F2Mhz8.wav	1151454	1786490903786
C:\Users\natha\Projects\boyd-clips\research\blender\scratch\stings\bgcheck\Hob2BgTOIhA_norange.png	65352	1786491752732
C:\Users\natha\Projects\boyd-clips\research\blender\scratch\stings\bgcheck\Hob2BgTOIhA_raw.png	65352	1786491752564
C:\Users\natha\Projects\boyd-clips\research\blender\scratch\stings\bgcheck\id_6Jg_rkKtJgo_norange.png	14524	1786491751996
C:\Users\natha\Projects\boyd-clips\research\blender\scratch\stings\bgcheck\id_6Jg_rkKtJgo_raw.png	14524	1786491751930
C:\Users\natha\Projects\boyd-clips\research\blender\scratch\stings\bgcheck\id_P_Oh7HizY5I_norange.png	2627	1786491752395
C:\Users\natha\Projects\boyd-clips\research\blender\scratch\stings\bgcheck\id_P_Oh7HizY5I_raw.png	2627	1786491752330
C:\Users\natha\Projects\boyd-clips\research\blender\scratch\stings\bgcheck\id_lP6Rs_QWJtI_norange.png	2457	1786491752127
C:\Users\natha\Projects\boyd-clips\research\blender\scratch\stings\bgcheck\id_lP6Rs_QWJtI_raw.png	2457	1786491752061
C:\Users\natha\Projects\boyd-clips\research\blender\scratch\stings\bgcheck\id_miLb5rwOBWA_norange.png	2403	1786491752259
C:\Users\natha\Projects\boyd-clips\research\blender\scratch\stings\bgcheck\id_miLb5rwOBWA_raw.png	2403	1786491752192
C:\Users\natha\Projects\boyd-clips\research\blender\scratch\stings\bgcheck\id_silbBKuaXI4_norange.png	19869	1786491752872
C:\Users\natha\Projects\boyd-clips\research\blender\scratch\stings\bgcheck\id_silbBKuaXI4_raw.png	19869	1786491752801
C:\Users\natha\Projects\boyd-clips\research\blender\scratch\stings\bgcheck\mux_lemmino_norange.png	2406	1786491751864
C:\Users\natha\Projects\boyd-clips\research\blender\scratch\stings\bgcheck\mux_lemmino_raw.png	2406	1786491751804
C:\Users\natha\Projects\boyd-clips\research\blender\scratch\stings\cw145.png	65466	1786492667617
C:\Users\natha\Projects\boyd-clips\research\blender\scratch\stings\fCO8aDT1CS0.mp4	1990463	1786490732952
C:\Users\natha\Projects\boyd-clips\research\blender\scratch\stings\f_19.png	4320	1786490995489
C:\Users\natha\Projects\boyd-clips\research\blender\scratch\stings\f_23.png	7575	1786490995560
C:\Users\natha\Projects\boyd-clips\research\blender\scratch\stings\f_28.png	15509	1786490995628
C:\Users\natha\Projects\boyd-clips\research\blender\scratch\stings\f_31.png	18606	1786490995695
C:\Users\natha\Projects\boyd-clips\research\blender\scratch\stings\f_35.png	23388	1786490995765
C:\Users\natha\Projects\boyd-clips\research\blender\scratch\stings\f_45.png	24591	1786490995833
C:\Users\natha\Projects\boyd-clips\research\blender\scratch\stings\f_55.png	24879	1786490995902
C:\Users\natha\Projects\boyd-clips\research\blender\scratch\stings\f_60.png	24238	1786490995970
C:\Users\natha\Projects\boyd-clips\research\blender\scratch\stings\grain\A24_2013_0.png	30071	1786492009295
C:\Users\natha\Projects\boyd-clips\research\blender\scratch\stings\grain\A24_2013_1.png	30096	1786492009361
C:\Users\natha\Projects\boyd-clips\research\blender\scratch\stings\grain\A24_2013_2.png	31498	1786492009425
C:\Users\natha\Projects\boyd-clips\research\blender\scratch\stings\grain\AppleTV_2025_0.png	2403	1786492009110
C:\Users\natha\Projects\boyd-clips\research\blender\scratch\stings\grain\AppleTV_2025_1.png	2403	1786492009167
C:\Users\natha\Projects\boyd-clips\research\blender\scratch\stings\grain\AppleTV_2025_2.png	2403	1786492009226
C:\Users\natha\Projects\boyd-clips\research\blender\scratch\stings\grain\HBO_Max_Orig_0.png	2450	1786492010171
C:\Users\natha\Projects\boyd-clips\research\blender\scratch\stings\grain\HBO_Max_Orig_1.png	16592	1786492010243
C:\Users\natha\Projects\boyd-clips\research\blender\scratch\stings\grain\HBO_Max_Orig_2.png	56823	1786492010319
C:\Users\natha\Projects\boyd-clips\research\blender\scratch\stings\grain\LEMMiNO_0.png	2406	1786492008943
C:\Users\natha\Projects\boyd-clips\research\blender\scratch\stings\grain\LEMMiNO_1.png	2406	1786492008997
C:\Users\natha\Projects\boyd-clips\research\blender\scratch\stings\grain\LEMMiNO_2.png	2406	1786492009050
C:\Users\natha\Projects\boyd-clips\research\blender\scratch\stings\grain\Netflix_0.png	14956	1786492009485
C:\Users\natha\Projects\boyd-clips\research\blender\scratch\stings\grain\Netflix_1.png	15173	1786492009546
C:\Users\natha\Projects\boyd-clips\research\blender\scratch\stings\grain\Netflix_2.png	15218	1786492009606
C:\Users\natha\Projects\boyd-clips\research\blender\scratch\stings\grain\Nick_Crowley_0.png	64417	1786492009772
C:\Users\natha\Projects\boyd-clips\research\blender\scratch\stings\grain\Nick_Crowley_1.png	64742	1786492009934
C:\Users\natha\Projects\boyd-clips\research\blender\scratch\stings\grain\Nick_Crowley_2.png	64762	1786492010100
C:\Users\natha\Projects\boyd-clips\research\blender\scratch\stings\hd60\h_001.png	8733	1786492319775
C:\Users\natha\Projects\boyd-clips\research\blender\scratch\stings\hd60\h_002.png	8733	1786492319776
C:\Users\natha\Projects\boyd-clips\research\blender\scratch\stings\hd60\h_003.png	8733	1786492319779
C:\Users\natha\Projects\boyd-clips\research\blender\scratch\stings\hd60\h_004.png	8733	1786492319785
C:\Users\natha\Projects\boyd-clips\research\blender\scratch\stings\hd60\h_005.png	8733	1786492319786
C:\Users\natha\Projects\boyd-clips\research\blender\scratch\stings\hd60\h_006.png	8733	1786492319789
C:\Users\natha\Projects\boyd-clips\research\blender\scratch\stings\hd60\h_007.png	8733	1786492319791
C:\Users\natha\Projects\boyd-clips\research\blender\scratch\stings\hd60\h_008.png	8733	1786492319798
C:\Users\natha\Projects\boyd-clips\research\blender\scratch\stings\hd60\h_009.png	12166	1786492319798
C:\Users\natha\Projects\boyd-clips\research\blender\scratch\stings\hd60\h_010.png	12823	1786492319801
C:\Users\natha\Projects\boyd-clips\research\blender\scratch\stings\hd60\h_011.png	12503	1786492319803
C:\Users\natha\Projects\boyd-clips\research\blender\scratch\stings\hd60\h_012.png	14213	1786492319808
C:\Users\natha\Projects\boyd-clips\research\blender\scratch\stings\hd60\h_013.png	15541	1786492319809
C:\Users\natha\Projects\boyd-clips\research\blender\scratch\stings\hd60\h_014.png	15985	1786492319812
C:\Users\natha\Projects\boyd-clips\research\blender\scratch\stings\hd60\h_015.png	15291	1786492319813
C:\Users\natha\Projects\boyd-clips\research\blender\scratch\stings\hd60\h_016.png	17569	1786492319823
C:\Users\natha\Projects\boyd-clips\research\blender\scratch\stings\hd60\h_017.png	16729	1786492319824
C:\Users\natha\Projects\boyd-clips\research\blender\scratch\stings\hd60\h_018.png	18124	1786492319828
C:\Users\natha\Projects\boyd-clips\research\blender\scratch\stings\hd60\h_019.png	16895	1786492319829
C:\Users\natha\Projects\boyd-clips\research\blender\scratch\stings\hd60\h_020.png	18685	1786492319834
C:\Users\natha\Projects\boyd-clips\research\blender\scratch\stings\hd60\h_021.png	19748	1786492319835
C:\Users\natha\Projects\boyd-clips\research\blender\scratch\stings\hd60\h_022.png	21421	1786492319837
C:\Users\natha\Projects\boyd-clips\research\blender\scratch\stings\hd60\h_023.png	20900	1786492319838
C:\Users\natha\Projects\boyd-clips\research\blender\scratch\stings\hd60\h_024.png	25860	1786492319846
C:\Users\natha\Projects\boyd-clips\research\blender\scratch\stings\hd60\h_025.png	27820	1786492319847
C:\Users\natha\Projects\boyd-clips\research\blender\scratch\stings\hd60\h_026.png	29794	1786492319850
C:\Users\natha\Projects\boyd-clips\research\blender\scratch\stings\hd60\h_027.png	28371	1786492319851
C:\Users\natha\Projects\boyd-clips\research\blender\scratch\stings\hd60\h_028.png	31300	1786492319856
C:\Users\natha\Projects\boyd-clips\research\blender\scratch\stings\hd60\h_029.png	31509	1786492319857
C:\Users\natha\Projects\boyd-clips\research\blender\scratch\stings\hd60\h_030.png	30872	1786492319860
C:\Users\natha\Projects\boyd-clips\research\blender\scratch\stings\hd60\h_031.png	31123	1786492319862
C:\Users\natha\Projects\boyd-clips\research\blender\scratch\stings\hd60\h_032.png	33159	1786492319875
C:\Users\natha\Projects\boyd-clips\research\blender\scratch\stings\hd60\h_033.png	31896	1786492319875
C:\Users\natha\Projects\boyd-clips\research\blender\scratch\stings\hd60\h_034.png	34033	1786492319878
C:\Users\natha\Projects\boyd-clips\research\blender\scratch\stings\hd60\h_035.png	29476	1786492319879
C:\Users\natha\Projects\boyd-clips\research\blender\scratch\stings\hd60\h_036.png	37821	1786492319885
C:\Users\natha\Projects\boyd-clips\research\blender\scratch\stings\hd60\h_037.png	38911	1786492319886
C:\Users\natha\Projects\boyd-clips\research\blender\scratch\stings\hd60\h_038.png	40559	1786492319889
C:\Users\natha\Projects\boyd-clips\research\blender\scratch\stings\hd60\h_039.png	39946	1786492319890
C:\Users\natha\Projects\boyd-clips\research\blender\scratch\stings\hd60\h_040.png	40882	1786492319897
C:\Users\natha\Projects\boyd-clips\research\blender\scratch\stings\hd60\h_041.png	40137	1786492319898
C:\Users\natha\Projects\boyd-clips\research\blender\scratch\stings\hd60\h_042.png	40649	1786492319901
C:\Users\natha\Projects\boyd-clips\research\blender\scratch\stings\hd60\h_043.png	38902	1786492319902
C:\Users\natha\Projects\boyd-clips\research\blender\scratch\stings\hd60\h_044.png	41023	1786492319907
C:\Users\natha\Projects\boyd-clips\research\blender\scratch\stings\hd60\h_045.png	41064	1786492319909
C:\Users\natha\Projects\boyd-clips\research\blender\scratch\stings\hd60\h_046.png	41653	1786492319911
C:\Users\natha\Projects\boyd-clips\research\blender\scratch\stings\hd60\h_047.png	40440	1786492319912
C:\Users\natha\Projects\boyd-clips\research\blender\scratch\stings\hd60\h_048.png	41729	1786492319922
C:\Users\natha\Projects\boyd-clips\research\blender\scratch\stings\hd60\h_049.png	41619	1786492319922
C:\Users\natha\Projects\boyd-clips\research\blender\scratch\stings\hd60\h_050.png	41546	1786492319925
C:\Users\natha\Projects\boyd-clips\research\blender\scratch\stings\hd60\h_051.png	40817	1786492319925
C:\Users\natha\Projects\boyd-clips\research\blender\scratch\stings\hd60\h_052.png	41472	1786492319931
C:\Users\natha\Projects\boyd-clips\research\blender\scratch\stings\hd60\h_053.png	41521	1786492319931
C:\Users\natha\Projects\boyd-clips\research\blender\scratch\stings\hd60\h_054.png	41582	1786492319934
C:\Users\natha\Projects\boyd-clips\research\blender\scratch\stings\hd60\h_055.png	41089	1786492319935
C:\Users\natha\Projects\boyd-clips\research\blender\scratch\stings\hd60\h_056.png	41438	1786492319941
C:\Users\natha\Projects\boyd-clips\research\blender\scratch\stings\hd60\h_057.png	41319	1786492319942
C:\Users\natha\Projects\boyd-clips\research\blender\scratch\stings\hd60\h_058.png	41019	1786492319944
C:\Users\natha\Projects\boyd-clips\research\blender\scratch\stings\hd60\h_059.png	39817	1786492319945
C:\Users\natha\Projects\boyd-clips\research\blender\scratch\stings\hd60\h_060.png	40479	1786492319950
C:\Users\natha\Projects\boyd-clips\research\blender\scratch\stings\hd60\h_061.png	40361	1786492319950
C:\Users\natha\Projects\boyd-clips\research\blender\scratch\stings\hd60\h_062.png	40715	1786492319953
C:\Users\natha\Projects\boyd-clips\research\blender\scratch\stings\hd60\h_063.png	39362	1786492319955
C:\Users\natha\Projects\boyd-clips\research\blender\scratch\stings\hd60\h_064.png	39221	1786492319965
C:\Users\natha\Projects\boyd-clips\research\blender\scratch\stings\hd60\h_065.png	38194	1786492319967
C:\Users\natha\Projects\boyd-clips\research\blender\scratch\stings\hd60\h_066.png	37228	1786492319967
C:\Users\natha\Projects\boyd-clips\research\blender\scratch\stings\hd60\h_067.png	35313	1786492319970
C:\Users\natha\Projects\boyd-clips\research\blender\scratch\stings\hd60\h_068.png	37653	1786492319972
C:\Users\natha\Projects\boyd-clips\research\blender\scratch\stings\hd60\h_069.png	38566	1786492319976
C:\Users\natha\Projects\boyd-clips\research\blender\scratch\stings\hd60\h_070.png	39376	1786492319979
C:\Users\natha\Projects\boyd-clips\research\blender\scratch\stings\hd60\h_071.png	39672	1786492319981
C:\Users\natha\Projects\boyd-clips\research\blender\scratch\stings\hd60\h_072.png	39859	1786492319981
C:\Users\natha\Projects\boyd-clips\research\blender\scratch\stings\hd60\h_073.png	39646	1786492319988
C:\Users\natha\Projects\boyd-clips\research\blender\scratch\stings\hd60\h_074.png	40328	1786492319988
C:\Users\natha\Projects\boyd-clips\research\blender\scratch\stings\hd60\h_075.png	40120	1786492319993
C:\Users\natha\Projects\boyd-clips\research\blender\scratch\stings\hd60\h_076.png	39634	1786492319996
C:\Users\natha\Projects\boyd-clips\research\blender\scratch\stings\hd60\h_077.png	41349	1786492320005
C:\Users\natha\Projects\boyd-clips\research\blender\scratch\stings\hd60\h_078.png	39891	1786492320007
C:\Users\natha\Projects\boyd-clips\research\blender\scratch\stings\hd60\h_079.png	42733	1786492320008
C:\Users\natha\Projects\boyd-clips\research\blender\scratch\stings\hd60\h_080.png	37588	1786492320013
C:\Users\natha\Projects\boyd-clips\research\blender\scratch\stings\hd60\h_081.png	43171	1786492320016
C:\Users\natha\Projects\boyd-clips\research\blender\scratch\stings\hd60\h_082.png	42527	1786492320018
C:\Users\natha\Projects\boyd-clips\research\blender\scratch\stings\hd60\h_083.png	42374	1786492320024
C:\Users\natha\Projects\boyd-clips\research\blender\scratch\stings\hd60\h_084.png	42852	1786492320027
C:\Users\natha\Projects\boyd-clips\research\blender\scratch\stings\hd60\h_085.png	43252	1786492320028
C:\Users\natha\Projects\boyd-clips\research\blender\scratch\stings\hd60\h_086.png	39732	1786492320034
C:\Users\natha\Projects\boyd-clips\research\blender\scratch\stings\hd60\h_087.png	45245	1786492320035
C:\Users\natha\Projects\boyd-clips\research\blender\scratch\stings\hd60\h_088.png	42120	1786492320038
C:\Users\natha\Projects\boyd-clips\research\blender\scratch\stings\hd60\h_089.png	44609	1786492320040
C:\Users\natha\Projects\boyd-clips\research\blender\scratch\stings\hd60\h_090.png	46323	1786492320049
C:\Users\natha\Projects\boyd-clips\research\blender\scratch\stings\hd60\h_091.png	43042	1786492320049
C:\Users\natha\Projects\boyd-clips\research\blender\scratch\stings\hd60\h_092.png	46619	1786492320052
C:\Users\natha\Projects\boyd-clips\research\blender\scratch\stings\hd60\h_093.png	39396	1786492320053
C:\Users\natha\Projects\boyd-clips\research\blender\scratch\stings\hd60\h_094.png	39016	1786492320059
C:\Users\natha\Projects\boyd-clips\research\blender\scratch\stings\hd60\h_095.png	36355	1786492320059
C:\Users\natha\Projects\boyd-clips\research\blender\scratch\stings\hd60\h_096.png	36940	1786492320061
C:\Users\natha\Projects\boyd-clips\research\blender\scratch\stings\hd60\h_097.png	30395	1786492320063
C:\Users\natha\Projects\boyd-clips\research\blender\scratch\stings\hd60\h_098.png	15610	1786492320067
C:\Users\natha\Projects\boyd-clips\research\blender\scratch\stings\hd60\h_099.png	8733	1786492320068
C:\Users\natha\Projects\boyd-clips\research\blender\scratch\stings\hd60\h_100.png	8733	1786492320069
C:\Users\natha\Projects\boyd-clips\research\blender\scratch\stings\hd60\h_101.png	8733	1786492320070
C:\Users\natha\Projects\boyd-clips\research\blender\scratch\stings\hd60\h_102.png	8733	1786492320074
C:\Users\natha\Projects\boyd-clips\research\blender\scratch\stings\hd60\h_103.png	8733	1786492657215
C:\Users\natha\Projects\boyd-clips\research\blender\scratch\stings\hd60\h_104.png	8733	1786492657215
C:\Users\natha\Projects\boyd-clips\research\blender\scratch\stings\hd60\h_105.png	8733	1786492657215
C:\Users\natha\Projects\boyd-clips\research\blender\scratch\stings\hd60\h_106.png	8733	1786492657216
C:\Users\natha\Projects\boyd-clips\research\blender\scratch\stings\hd_lemmino.mp4	325021347	1786492081949
C:\Users\natha\Projects\boyd-clips\research\blender\scratch\stings\hdf\hd_01.png	12503	1786492090748
C:\Users\natha\Projects\boyd-clips\research\blender\scratch\stings\hdf\hd_02.png	14213	1786492090750
C:\Users\natha\Projects\boyd-clips\research\blender\scratch\stings\hdf\hd_03.png	15541	1786492090753
C:\Users\natha\Projects\boyd-clips\research\blender\scratch\stings\hdf\hd_04.png	15985	1786492090758
C:\Users\natha\Projects\boyd-clips\research\blender\scratch\stings\hdf\hd_05.png	15291	1786492090759
C:\Users\natha\Projects\boyd-clips\research\blender\scratch\stings\hdf\hd_06.png	17569	1786492431624
C:\Users\natha\Projects\boyd-clips\research\blender\scratch\stings\hdf\hd_07.png	16729	1786492431625
C:\Users\natha\Projects\boyd-clips\research\blender\scratch\stings\hdf\hd_08.png	18124	1786492431625
C:\Users\natha\Projects\boyd-clips\research\blender\scratch\stings\hdf\hd_09.png	16895	1786492431626
C:\Users\natha\Projects\boyd-clips\research\blender\scratch\stings\hdf\hd_10.png	18685	1786492431626
C:\Users\natha\Projects\boyd-clips\research\blender\scratch\stings\hdf\hd_11.png	19748	1786492431626
C:\Users\natha\Projects\boyd-clips\research\blender\scratch\stings\id_6Jg_rkKtJgo.mkv	125850	1786491259945
C:\Users\natha\Projects\boyd-clips\research\blender\scratch\stings\id_P_Oh7HizY5I.mkv	697917	1786491263930
C:\Users\natha\Projects\boyd-clips\research\blender\scratch\stings\id_lP6Rs_QWJtI.mkv	577870	1786491411765
C:\Users\natha\Projects\boyd-clips\research\blender\scratch\stings\id_miLb5rwOBWA.mkv	552530	1786491409632
C:\Users\natha\Projects\boyd-clips\research\blender\scratch\stings\id_silbBKuaXI4.mkv	61442	1786491261974
C:\Users\natha\Projects\boyd-clips\research\blender\scratch\stings\jVpsLMCIB0Y.mp4	948634	1786490677381
C:\Users\natha\Projects\boyd-clips\research\blender\scratch\stings\keyframes.png	47510	1786491006381
C:\Users\natha\Projects\boyd-clips\research\blender\scratch\stings\lead_edge.png	33402	1786491823180
C:\Users\natha\Projects\boyd-clips\research\blender\scratch\stings\mux_BhBLpIPeXqo.mkv	976885	1786491085299
C:\Users\natha\Projects\boyd-clips\research\blender\scratch\stings\mux_VKfQkRbd15k.mkv	2208275	1786491117802
C:\Users\natha\Projects\boyd-clips\research\blender\scratch\stings\mux_YEEpwhTlPj8.mkv	680617	1786491128289
C:\Users\natha\Projects\boyd-clips\research\blender\scratch\stings\mux_lem2.mkv	732729	1786491174509
C:\Users\natha\Projects\boyd-clips\research\blender\scratch\stings\mux_lemmino.mkv	673151	1786490954789
C:\Users\natha\Projects\boyd-clips\research\blender\scratch\stings\mux_mrballen.mkv	1498036	1786491337268
C:\Users\natha\Projects\boyd-clips\research\blender\scratch\stings\mux_ujeu9VJEuKI.mkv	1895103	1786491099459
C:\Users\natha\Projects\boyd-clips\research\blender\scratch\stings\sheet_crowley.png	190267	1786490845695
C:\Users\natha\Projects\boyd-clips\research\blender\scratch\stings\sheet_fh.png	910685	1786490845920
C:\Users\natha\Projects\boyd-clips\research\blender\scratch\stings\sheet_lemmino.png	114251	1786490845467
C:\Users\natha\Projects\boyd-clips\research\blender\scratch\stings\sting_hd.wav	240078	1786492577268
C:\Users\natha\Projects\boyd-clips\research\blender\scratch\stings\uskP0F2Mhz8.mp4	358045	1786490773470
C:\Users\natha\Projects\boyd-clips\research\blender\sting.py	28180	1786494474868
C:\Users\natha\Projects\boyd-clips\research\blender\sting_gavel.py	13392	1786503618258
C:\Users\natha\Projects\boyd-clips\research\blender\sting_v2.py	22366	1786524267405
C:\Users\natha\Projects\boyd-clips\research\captions-2026-reddit.md	21440	1787465699752
C:\Users\natha\Projects\boyd-clips\research\captions-2026-standards-and-practitioners.md	32102	1787466581262
C:\Users\natha\Projects\boyd-clips\research\captions-2026-what-the-field-mocks.md	19682	1787466407913
C:\Users\natha\Projects\boyd-clips\research\fit\a_cat2.py	1168	1787040352324
C:\Users\natha\Projects\boyd-clips\research\fit\a_catalog.py	1132	1787040306637
C:\Users\natha\Projects\boyd-clips\research\fit\b_sample.py	1604	1787040373734
C:\Users\natha\Projects\boyd-clips\research\fit\c_fetch.py	1246	1787040393202
C:\Users\natha\Projects\boyd-clips\research\fit\catalog.json	25579	1787040311141
C:\Users\natha\Projects\boyd-clips\research\fit\corpus.py	2563	1787040571084
C:\Users\natha\Projects\boyd-clips\research\fit\count.py	175	1787040469519
C:\Users\natha\Projects\boyd-clips\research\fit\d2_elig.py	489	1787040528389
C:\Users\natha\Projects\boyd-clips\research\fit\d_db.py	1180	1787040514001
C:\Users\natha\Projects\boyd-clips\research\fit\doc_stats.json	5085	1787041033146
C:\Users\natha\Projects\boyd-clips\research\fit\e_check.py	508	1787040578373
C:\Users\natha\Projects\boyd-clips\research\fit\f_style.py	1160	1787040601645
C:\Users\natha\Projects\boyd-clips\research\fit\features.py	3228	1787040652475
C:\Users\natha\Projects\boyd-clips\research\fit\features2.py	3278	1787041964695
C:\Users\natha\Projects\boyd-clips\research\fit\fetch2.log	2020	1787041873800
C:\Users\natha\Projects\boyd-clips\research\fit\fitted.json	998	1787042149584
C:\Users\natha\Projects\boyd-clips\research\fit\flat.json	85830	1787040378756
C:\Users\natha\Projects\boyd-clips\research\fit\g_validate.py	913	1787040663471
C:\Users\natha\Projects\boyd-clips\research\fit\h_doc.py	2213	1787040730109
C:\Users\natha\Projects\boyd-clips\research\fit\i2_ngram.py	2828	1787041082497
C:\Users\natha\Projects\boyd-clips\research\fit\i_ngram.py	2275	1787040754994
C:\Users\natha\Projects\boyd-clips\research\fit\j_title.py	2639	1787041111707
C:\Users\natha\Projects\boyd-clips\research\fit\k_time.py	1905	1787041138845
C:\Users\natha\Projects\boyd-clips\research\fit\keep.json	12239	1787042101093
C:\Users\natha\Projects\boyd-clips\research\fit\l_chapters.py	2707	1787041178462
C:\Users\natha\Projects\boyd-clips\research\fit\m_fetch2.py	1177	1787041197662
C:\Users\natha\Projects\boyd-clips\research\fit\meta.json	53014	1787040357746
C:\Users\natha\Projects\boyd-clips\research\fit\n_seg.py	2248	1787041236159
C:\Users\natha\Projects\boyd-clips\research\fit\ngrams.json	1865	1787041050689
C:\Users\natha\Projects\boyd-clips\research\fit\ngrams2.json	52388	1787041089476
C:\Users\natha\Projects\boyd-clips\research\fit\o_segngram.py	2180	1787041257172
C:\Users\natha\Projects\boyd-clips\research\fit\p_seg2.py	1905	1787041979112
C:\Users\natha\Projects\boyd-clips\research\fit\plan.json	9273	1787040378753
C:\Users\natha\Projects\boyd-clips\research\fit\q_model.py	3247	1787042034913
C:\Users\natha\Projects\boyd-clips\research\fit\r_null.py	3074	1787042081693
C:\Users\natha\Projects\boyd-clips\research\fit\s_family.py	4037	1787042141470
C:\Users\natha\Projects\boyd-clips\research\fit\seg_ngrams.json	35329	1787042004678
C:\Users\natha\Projects\boyd-clips\research\fit\seg_stats.json	2737	1787041927779
C:\Users\natha\Projects\boyd-clips\research\fit\seg_stats2.json	3863	1787041986272
C:\Users\natha\Projects\boyd-clips\research\fit\segfeat.py	1140	1787041219806
C:\Users\natha\Projects\boyd-clips\research\fit\segments.json	42344	1787041183213
C:\Users\natha\Projects\boyd-clips\research\fit\stats_util.py	2279	1787040708768
C:\Users\natha\Projects\boyd-clips\research\fit\t_gen.py	2898	1787042181667
C:\Users\natha\Projects\boyd-clips\research\fit\u_stab.py	2804	1787042248749
C:\Users\natha\Projects\boyd-clips\research\fit\wait.py	336	1787040776934
C:\Users\natha\Projects\boyd-clips\research\gaze\SHEET_competitor.png	4526594	1787988195089
C:\Users\natha\Projects\boyd-clips\research\gaze\SHEET_ct_bot.png	4210479	1787988196049
C:\Users\natha\Projects\boyd-clips\research\gaze\SHEET_ct_top.png	6459970	1787988195628
C:\Users\natha\Projects\boyd-clips\research\gaze\SHEET_defendant_gaze.png	1748959	1787990094910
C:\Users\natha\Projects\boyd-clips\research\gaze\SHEET_defendant_gaze2.png	1886882	1787990307604
C:\Users\natha\Projects\boyd-clips\research\gaze\SHEET_ours.png	1825461	1787988196310
C:\Users\natha\Projects\boyd-clips\research\gaze\SHEET_pitch.png	1165656	1787989629686
C:\Users\natha\Projects\boyd-clips\research\gaze\gz_analyse.py	9080	1787988814417
C:\Users\natha\Projects\boyd-clips\research\gaze\gz_arrow.py	4558	1787989293322
C:\Users\natha\Projects\boyd-clips\research\gaze\gz_collide.json	8054	1787989181935
C:\Users\natha\Projects\boyd-clips\research\gaze\gz_collide.py	2838	1787989174765
C:\Users\natha\Projects\boyd-clips\research\gaze\gz_draw.py	3478	1787988183121
C:\Users\natha\Projects\boyd-clips\research\gaze\gz_measure.py	8694	1787988053415
C:\Users\natha\Projects\boyd-clips\research\gaze\gz_pick.json	326096	1787990090981
C:\Users\natha\Projects\boyd-clips\research\gaze\gz_pick.py	4434	1787989258859
C:\Users\natha\Projects\boyd-clips\research\gaze\gz_pick2.json	3760	1787990304333
C:\Users\natha\Projects\boyd-clips\research\gaze\gz_pick2.py	5428	1787990158963
C:\Users\natha\Projects\boyd-clips\research\gaze\gz_pitch.py	1941	1787989584340
C:\Users\natha\Projects\boyd-clips\research\gaze\gz_raw.json	207829	1787988154524
C:\Users\natha\Projects\boyd-clips\research\gaze\gz_raw2.json	208808	1787988725617
C:\Users\natha\Projects\boyd-clips\research\gaze\gz_rows.json	44554	1787988834434
C:\Users\natha\Projects\boyd-clips\research\gaze\gz_text.py	4350	1787988686048
C:\Users\natha\Projects\boyd-clips\research\gaze\gz_tiles.json	131694	1787989182438
C:\Users\natha\Projects\boyd-clips\research\gaze\gz_tiles.py	4521	1787988895395
C:\Users\natha\Projects\boyd-clips\research\gaze\gz_validate.py	2450	1787989426709
C:\Users\natha\Projects\boyd-clips\research\gaze\gz_vert.py	3420	1787989134822
C:\Users\natha\Projects\boyd-clips\research\gaze\pick.log	1756	1787990094910
C:\Users\natha\Projects\boyd-clips\research\gaze\pick2.log	3176	1787990307605
C:\Users\natha\Projects\boyd-clips\research\measured\capmeas.json	9585	1787974568792
C:\Users\natha\Projects\boyd-clips\research\measured\capmeas.py	1637	1787974568791
C:\Users\natha\Projects\boyd-clips\research\measured\cc_list.txt	2779	1787974568789
C:\Users\natha\Projects\boyd-clips\research\measured\ccthumbs\0971B0NKj4Y.jpg	190894	1787974568816
C:\Users\natha\Projects\boyd-clips\research\measured\ccthumbs\2IZ-fKtZNGU.jpg	77176	1787974568817
C:\Users\natha\Projects\boyd-clips\research\measured\ccthumbs\4VVm5EyULbE.jpg	203494	1787974568831
C:\Users\natha\Projects\boyd-clips\research\measured\ccthumbs\5by2t8vHTIE.jpg	118920	1787974568828
C:\Users\natha\Projects\boyd-clips\research\measured\ccthumbs\CpCAeNACep4.jpg	158117	1787974568822
C:\Users\natha\Projects\boyd-clips\research\measured\ccthumbs\EC58XPgC8HU.jpg	150671	1787974568833
C:\Users\natha\Projects\boyd-clips\research\measured\ccthumbs\FkRz6MzSIzU.jpg	174005	1787974568818
C:\Users\natha\Projects\boyd-clips\research\measured\ccthumbs\GyFHZpchhg8.jpg	72054	1787974568829
C:\Users\natha\Projects\boyd-clips\research\measured\ccthumbs\HlaDLISlkYM.jpg	195966	1787974568818
C:\Users\natha\Projects\boyd-clips\research\measured\ccthumbs\IkdQu8XQoLQ.jpg	203439	1787974568823
C:\Users\natha\Projects\boyd-clips\research\measured\ccthumbs\JNuoE3xf1wE.jpg	191317	1787974568823
C:\Users\natha\Projects\boyd-clips\research\measured\ccthumbs\JSW9-JxrwfQ.jpg	121783	1787974568837
C:\Users\natha\Projects\boyd-clips\research\measured\ccthumbs\Lcys9dTI-RU.jpg	169130	1787974568818
C:\Users\natha\Projects\boyd-clips\research\measured\ccthumbs\M3RB9St-ANU.jpg	21062	1787974568830
C:\Users\natha\Projects\boyd-clips\research\measured\ccthumbs\P1JUxexO3NE.jpg	172065	1787974568829
C:\Users\natha\Projects\boyd-clips\research\measured\ccthumbs\QACj4v84WQg.jpg	124350	1787974568830
C:\Users\natha\Projects\boyd-clips\research\measured\ccthumbs\SlTueGzO6Vw.jpg	244795	1787974568834
C:\Users\natha\Projects\boyd-clips\research\measured\ccthumbs\THdBhlVCnHs.jpg	142150	1787974568828
C:\Users\natha\Projects\boyd-clips\research\measured\ccthumbs\XysWE3VE6f4.jpg	221292	1787974568825
C:\Users\natha\Projects\boyd-clips\research\measured\ccthumbs\_7-2GF5hwXo.jpg	185689	1787974568822
C:\Users\natha\Projects\boyd-clips\research\measured\ccthumbs\_JrRGX_CHLE.jpg	185770	1787974568834
C:\Users\natha\Projects\boyd-clips\research\measured\ccthumbs\aKpB7UDN8wE.jpg	130913	1787974568827
C:\Users\natha\Projects\boyd-clips\research\measured\ccthumbs\c3WawcrfAb4.jpg	225155	1787974568838
C:\Users\natha\Projects\boyd-clips\research\measured\ccthumbs\cHmdsh8Mw_Q.jpg	179060	1787974568837
C:\Users\natha\Projects\boyd-clips\research\measured\ccthumbs\hEeefINAKNI.jpg	198390	1787974568831
C:\Users\natha\Projects\boyd-clips\research\measured\ccthumbs\huloi4jUQpE.jpg	194255	1787974568821
C:\Users\natha\Projects\boyd-clips\research\measured\ccthumbs\iwrgnVOAmzs.jpg	227205	1787974568832
C:\Users\natha\Projects\boyd-clips\research\measured\ccthumbs\jphL-IDrrHs.jpg	180602	1787974568826
C:\Users\natha\Projects\boyd-clips\research\measured\ccthumbs\k3d9HmfD7FE.jpg	160501	1787974568832
C:\Users\natha\Projects\boyd-clips\research\measured\ccthumbs\l3rC_XaXbLI.jpg	173820	1787974568820
C:\Users\natha\Projects\boyd-clips\research\measured\ccthumbs\mBP-5TTUjfI.jpg	157253	1787974568823
C:\Users\natha\Projects\boyd-clips\research\measured\ccthumbs\mNcmtJhSHLQ.jpg	208659	1787974568836
C:\Users\natha\Projects\boyd-clips\research\measured\ccthumbs\mSEIdV621OY.jpg	157968	1787974568820
C:\Users\natha\Projects\boyd-clips\research\measured\ccthumbs\oK0djKDK48k.jpg	237901	1787974568825
C:\Users\natha\Projects\boyd-clips\research\measured\ccthumbs\qdPgOO_hwPc.jpg	192436	1787974568827
C:\Users\natha\Projects\boyd-clips\research\measured\ccthumbs\sJi8zR8MZv0.jpg	173044	1787974568817
C:\Users\natha\Projects\boyd-clips\research\measured\ccthumbs\tFbKpEQ2emM.jpg	165441	1787974568821
C:\Users\natha\Projects\boyd-clips\research\measured\ccthumbs\towmbl-VAaM.jpg	23991	1787974568838
C:\Users\natha\Projects\boyd-clips\research\measured\ccthumbs\wCwJw-MYC9o.jpg	235011	1787974568816
C:\Users\natha\Projects\boyd-clips\research\measured\ccthumbs\xUk_32XNrbs.jpg	220346	1787974568835
C:\Users\natha\Projects\boyd-clips\research\measured\ccthumbs\y3NVBXrTQnA.jpg	167904	1787974568835
C:\Users\natha\Projects\boyd-clips\research\measured\gutter2.py	1614	1787974568773
C:\Users\natha\Projects\boyd-clips\research\measured\gutters_final.json	3298	1787974568781
C:\Users\natha\Projects\boyd-clips\research\measured\perm.py	1741	1787974568790
C:\Users\natha\Projects\boyd-clips\research\measured\surface\COMP_candidate.png	1719896	1787989599716
C:\Users\natha\Projects\boyd-clips\research\measured\surface\COMP_current.png	921728	1787989599699
C:\Users\natha\Projects\boyd-clips\research\measured\surface\FINAL_candidate.png	1716841	1787989935610
C:\Users\natha\Projects\boyd-clips\research\measured\surface\FINAL_candidate_q95.jpg	379079	1787989935628
C:\Users\natha\Projects\boyd-clips\research\measured\surface\FINISH_COMPARISON.png	5735151	1787989599680
C:\Users\natha\Projects\boyd-clips\research\measured\surface\SURFACE_AB.png	3818520	1787989599664
C:\Users\natha\Projects\boyd-clips\research\measured\surface\b55.jpg	463615	1787991954764
C:\Users\natha\Projects\boyd-clips\research\measured\surface\b70.jpg	466482	1787991954569
C:\Users\natha\Projects\boyd-clips\research\measured\surface\composite.py	6526	1787989600116
C:\Users\natha\Projects\boyd-clips\research\measured\surface\e55.json	1403	1787991959540
C:\Users\natha\Projects\boyd-clips\research\measured\surface\e70.json	1405	1787991958851
C:\Users\natha\Projects\boyd-clips\research\measured\surface\e_cur.json	1405	1787991850335
C:\Users\natha\Projects\boyd-clips\research\measured\surface\e_k115.json	1408	1787992045041
C:\Users\natha\Projects\boyd-clips\research\measured\surface\e_k135.json	1408	1787992043021
C:\Users\natha\Projects\boyd-clips\research\measured\surface\e_q3.json	1404	1787991849708
C:\Users\natha\Projects\boyd-clips\research\measured\surface\e_yt.json	33970	1787989936110
C:\Users\natha\Projects\boyd-clips\research\measured\surface\edgeprof.py	5853	1787989600089
C:\Users\natha\Projects\boyd-clips\research\measured\surface\ee_m55x.json	1403	1787992111901
C:\Users\natha\Projects\boyd-clips\research\measured\surface\ee_m75.json	1406	1787992109153
C:\Users\natha\Projects\boyd-clips\research\measured\surface\final.py	2152	1787989935636
C:\Users\natha\Projects\boyd-clips\research\measured\surface\finish.py	6084	1787989600055
C:\Users\natha\Projects\boyd-clips\research\measured\surface\grainchar.json	1816	1787989936094
C:\Users\natha\Projects\boyd-clips\research\measured\surface\grainchar.py	4392	1787989600078
C:\Users\natha\Projects\boyd-clips\research\measured\surface\k115.jpg	459862	1787992040993
C:\Users\natha\Projects\boyd-clips\research\measured\surface\k135.jpg	465591	1787992040733
C:\Users\natha\Projects\boyd-clips\research\measured\surface\m55.json	1503	1787991958079
C:\Users\natha\Projects\boyd-clips\research\measured\surface\m55x.jpg	459793	1787992106697
C:\Users\natha\Projects\boyd-clips\research\measured\surface\m70.json	1500	1787991956393
C:\Users\natha\Projects\boyd-clips\research\measured\surface\m75.jpg	462217	1787992106468
C:\Users\natha\Projects\boyd-clips\research\measured\surface\m_cur.json	1599	1787991849052
C:\Users\natha\Projects\boyd-clips\research\measured\surface\m_k115.json	1547	1787992044422
C:\Users\natha\Projects\boyd-clips\research\measured\surface\m_k135.json	1549	1787992042405
C:\Users\natha\Projects\boyd-clips\research\measured\surface\m_ours_plate.json	6371	1787989936084
C:\Users\natha\Projects\boyd-clips\research\measured\surface\m_q3.json	1497	1787991847574
C:\Users\natha\Projects\boyd-clips\research\measured\surface\m_yt_plate.json	38083	1787989936065
C:\Users\natha\Projects\boyd-clips\research\measured\surface\mm_m55x.json	1542	1787992111042
C:\Users\natha\Projects\boyd-clips\research\measured\surface\mm_m75.json	1557	1787992108376
C:\Users\natha\Projects\boyd-clips\research\measured\surface\q3cur.jpg	257827	1787991846129
C:\Users\natha\Projects\boyd-clips\research\measured\surface\q3v2.jpg	472060	1787991845962
C:\Users\natha\Projects\boyd-clips\research\measured\surface\separation.py	4079	1787989600102
C:\Users\natha\Projects\boyd-clips\research\measured\surface\surfmeas.py	8128	1787989600066
C:\Users\natha\Projects\boyd-clips\research\outsider\cov3.json	21952	1787973913566
C:\Users\natha\Projects\boyd-clips\research\outsider\cov_extra.json	23917	1787973913595
C:\Users\natha\Projects\boyd-clips\research\outsider\cover_check.png	775146	1787973913630
C:\Users\natha\Projects\boyd-clips\research\outsider\dbg2.png	896358	1787973913636
C:\Users\natha\Projects\boyd-clips\research\outsider\glyph3.py	3397	1787973913621
C:\Users\natha\Projects\boyd-clips\research\outsider\post3.json	24392	1787973913580
C:\Users\natha\Projects\boyd-clips\research\outsider\poster_faces.json	16430	1787973913605
C:\Users\natha\Projects\boyd-clips\research\records\castillo\COA04_case-docket_04-26-00430-CR.html	78890	1786596396867
C:\Users\natha\Projects\boyd-clips\research\records\castillo\SOURCES.json	20723	1786596495943
C:\Users\natha\Projects\boyd-clips\research\records\castillo\bexar-jailing_B202310850.json	1671	1786596396887
C:\Users\natha\Projects\boyd-clips\research\records\castillo\bexar-jailing_B202620365.json	2091	1786596396909
C:\Users\natha\Projects\boyd-clips\research\records\castillo\pages\p01_0_PAGE0001.png	55563	1786596396673
C:\Users\natha\Projects\boyd-clips\research\records\castillo\pages\p02_0_PAGE0002.png	41895	1786596396681
C:\Users\natha\Projects\boyd-clips\research\records\castillo\pages\p03_0_PAGE0003.png	16796	1786596396693
C:\Users\natha\Projects\boyd-clips\research\records\castillo\pages\p04_0_PAGE0004.png	62181	1786596396707
C:\Users\natha\Projects\boyd-clips\research\records\castillo\pages\p05_0_PAGE0005.png	42635	1786596396723
C:\Users\natha\Projects\boyd-clips\research\records\castillo\pages\p06_0_PAGE0006.png	27862	1786596396739
C:\Users\natha\Projects\boyd-clips\research\records\castillo\pages\p07_0_PAGE0007.png	71061	1786596396752
C:\Users\natha\Projects\boyd-clips\research\records\castillo\pages\p08_0_PAGE0008.png	42923	1786596396767
C:\Users\natha\Projects\boyd-clips\research\records\castillo\pages\p09_0_PAGE0009.png	86947	1786596396774
C:\Users\natha\Projects\boyd-clips\research\records\castillo\pages\p10_0_PAGE0010.png	122609	1786596396786
C:\Users\natha\Projects\boyd-clips\research\records\castillo\pages\p11_0_PAGE0011.png	38221	1786596396794
C:\Users\natha\Projects\boyd-clips\research\records\castillo\pages\p12_0_PAGE0012.png	93898	1786596396801
C:\Users\natha\Projects\boyd-clips\research\records\castillo\pages\p13_0_PAGE0013.png	124480	1786596396816
C:\Users\natha\Projects\boyd-clips\research\records\castillo\pages\p14_0_PAGE0014.png	44243	1786596396828
C:\Users\natha\Projects\boyd-clips\research\records\castillo\pages\p15_0_PAGE0015.png	83580	1786596396840
C:\Users\natha\Projects\boyd-clips\research\records\castillo\pdf\COA04_04-26-00430-CR_notice-of-appeal-packet_15pp.pdf	454215	1786596396600
C:\Users\natha\Projects\boyd-clips\research\records\castillo\pdf\COA04_clerks-record-filed_2026-07-13.pdf	84383	1786596396652
C:\Users\natha\Projects\boyd-clips\research\records\castillo\pdf\COA04_order_2026-08-07.pdf	206697	1786596396621
C:\Users\natha\Projects\boyd-clips\research\reference\_facemeas\annot.py	1597	1787972697875
C:\Users\natha\Projects\boyd-clips\research\reference\_facemeas\annot_atc.jpg	440583	1787972698118
C:\Users\natha\Projects\boyd-clips\research\reference\_facemeas\annot_bot.jpg	534587	1787972698219
C:\Users\natha\Projects\boyd-clips\research\reference\_facemeas\annot_top.jpg	805033	1787972698178
C:\Users\natha\Projects\boyd-clips\research\reference\_facemeas\atc_sheet.jpg	540728	1787974387247
C:\Users\natha\Projects\boyd-clips\research\reference\_facemeas\confound.json	13251	1787973117845
C:\Users\natha\Projects\boyd-clips\research\reference\_facemeas\confound.py	4785	1787973099966
C:\Users\natha\Projects\boyd-clips\research\reference\_facemeas\expr2.json	29176	1787973052568
C:\Users\natha\Projects\boyd-clips\research\reference\_facemeas\expr2.py	5556	1787973047470
C:\Users\natha\Projects\boyd-clips\research\reference\_facemeas\expr_atc.jpg	126047	1787972996175
C:\Users\natha\Projects\boyd-clips\research\reference\_facemeas\expr_bot.jpg	161121	1787972996122
C:\Users\natha\Projects\boyd-clips\research\reference\_facemeas\expr_top.jpg	249841	1787972996071
C:\Users\natha\Projects\boyd-clips\research\reference\_facemeas\faces.json	110212	1787972682886
C:\Users\natha\Projects\boyd-clips\research\reference\_facemeas\faces.py	3268	1787972666751
C:\Users\natha\Projects\boyd-clips\research\reference\_facemeas\feedsize.jpg	668055	1787973251142
C:\Users\natha\Projects\boyd-clips\research\reference\_facemeas\final.json	26351	1787973176867
C:\Users\natha\Projects\boyd-clips\research\reference\_facemeas\final.py	7417	1787973167988
C:\Users\natha\Projects\boyd-clips\research\reference\_facemeas\glyph_boyd.json	11026	1787974199096
C:\Users\natha\Projects\boyd-clips\research\reference\_facemeas\glyph_notop.json	4622	1787974432775
C:\Users\natha\Projects\boyd-clips\research\reference\_facemeas\haar_vs_yunet.json	5474	1787974255805
C:\Users\natha\Projects\boyd-clips\research\reference\_facemeas\measure.py	13003	1787972886807
C:\Users\natha\Projects\boyd-clips\research\reference\_facemeas\metrics.json	208631	1787972915691
C:\Users\natha\Projects\boyd-clips\research\reference\_facemeas\outsider_crosscheck.json	9007	1787974286644
C:\Users\natha\Projects\boyd-clips\research\reference\_facemeas\stats.py	5841	1787972949600
C:\Users\natha\Projects\boyd-clips\research\reference\_facemeas\verify_expr.py	2287	1787972990862
C:\Users\natha\Projects\boyd-clips\research\reference\_geom\dist.txt	23083	1787991108169
C:\Users\natha\Projects\boyd-clips\research\reference\_geom\faces.json	73238	1787987894822
C:\Users\natha\Projects\boyd-clips\research\reference\_geom\faces.py	2520	1787987868772
C:\Users\natha\Projects\boyd-clips\research\reference\_geom\freerect.json	7268	1787990306903
C:\Users\natha\Projects\boyd-clips\research\reference\_geom\geom.json	176496	1787991057944
C:\Users\natha\Projects\boyd-clips\research\reference\_geom\locked_asset.png	7460	1787991160347
C:\Users\natha\Projects\boyd-clips\research\reference\_geom\locked_asset_vis.png	1115030	1787991160409
C:\Users\natha\Projects\boyd-clips\research\reference\_geom\mattes.log	1637	1787988871380
C:\Users\natha\Projects\boyd-clips\research\reference\_geom\mattes.py	793	1787987978201
C:\Users\natha\Projects\boyd-clips\research\reference\_geom\mattes\1200000_yzv_uxBSgu0.png	13408	1787987987419
C:\Users\natha\Projects\boyd-clips\research\reference\_geom\mattes\301000_qyETv1lTSuA.png	16341	1787987992661
C:\Users\natha\Projects\boyd-clips\research\reference\_geom\mattes\364000_AAVDROvkXsU.png	24962	1787987998153
C:\Users\natha\Projects\boyd-clips\research\reference\_geom\mattes\412000_IPpy830CJkQ.png	13848	1787988002577
C:\Users\natha\Projects\boyd-clips\research\reference\_geom\mattes\414000_Ek3Ah3NZYVo.png	15982	1787988010057
C:\Users\natha\Projects\boyd-clips\research\reference\_geom\mattes\42000_muF8LBaKZrI.png	30871	1787988016262
C:\Users\natha\Projects\boyd-clips\research\reference\_geom\mattes\439000_lzOg8heXmV0.png	17335	1787988026133
C:\Users\natha\Projects\boyd-clips\research\reference\_geom\mattes\444000_5VLPFCTlyss.png	26772	1787988038645
C:\Users\natha\Projects\boyd-clips\research\reference\_geom\mattes\552000_SpO2yU2mG78.png	25593	1787988046108
C:\Users\natha\Projects\boyd-clips\research\reference\_geom\mattes\59000_bXbyg2vK6CI.png	30984	1787988055594
C:\Users\natha\Projects\boyd-clips\research\reference\_geom\mattes\591000_amiWU58HFpM.png	11785	1787988071426
C:\Users\natha\Projects\boyd-clips\research\reference\_geom\mattes\971000_4kIjd7CLp7c.png	36302	1787988088341
C:\Users\natha\Projects\boyd-clips\research\reference\_geom\mattes\bot_00000388_q1Fo7x_0ItI_maxresdefault.png	34805	1787988133445
C:\Users\natha\Projects\boyd-clips\research\reference\_geom\mattes\bot_00000749_RfF0ouKeE0w_maxresdefault.png	29165	1787988189460
C:\Users\natha\Projects\boyd-clips\research\reference\_geom\mattes\bot_00000988_79nw7lP0jm0_maxresdefault.png	25051	1787988168794
C:\Users\natha\Projects\boyd-clips\research\reference\_geom\mattes\bot_00001000_95HqsmyM-zI_maxresdefault.png	32395	1787988233776
C:\Users\natha\Projects\boyd-clips\research\reference\_geom\mattes\bot_00001100_--Mpaln4jx8_maxresdefault.png	37365	1787988225042
C:\Users\natha\Projects\boyd-clips\research\reference\_geom\mattes\bot_00001100_U204YIfp-rc_maxresdefault.png	39005	1787988256381
C:\Users\natha\Projects\boyd-clips\research\reference\_geom\mattes\bot_00001200_qlDoZCJs620_maxresdefault.png	56358	1787988281719
C:\Users\natha\Projects\boyd-clips\research\reference\_geom\mattes\bot_00001300_rUJ__Sb3Y8w_maxresdefault.png	37935	1787988307906
C:\Users\natha\Projects\boyd-clips\research\reference\_geom\mattes\bot_00001500_gVVI_SdlsvA_maxresdefault.png	28128	1787988334819
C:\Users\natha\Projects\boyd-clips\research\reference\_geom\mattes\bot_00001700_-YRHSSLanxk_maxresdefault.png	25740	1787988360409
C:\Users\natha\Projects\boyd-clips\research\reference\_geom\mattes\top_00204000_J3LdwHAZR2E_maxresdefault.png	37983	1787988386368
C:\Users\natha\Projects\boyd-clips\research\reference\_geom\mattes\top_00209000_z05aWSTzw0k_maxresdefault.png	55477	1787988436075
C:\Users\natha\Projects\boyd-clips\research\reference\_geom\mattes\top_00214000__eMKRoRaE_w_maxresdefault.png	41673	1787988460059
C:\Users\natha\Projects\boyd-clips\research\reference\_geom\mattes\top_00233000_-iPnSFl434E_maxresdefault.png	32841	1787988478610
C:\Users\natha\Projects\boyd-clips\research\reference\_geom\mattes\top_00241000_8lxIY35zb6Q_maxresdefault.png	36715	1787988498743
C:\Users\natha\Projects\boyd-clips\research\reference\_geom\mattes\top_00277000_k69GmELAgVw_maxresdefault.png	41015	1787988522702
C:\Users\natha\Projects\boyd-clips\research\reference\_geom\mattes\top_00305000_8n5raFtKul8_maxresdefault.png	39065	1787988581102
C:\Users\natha\Projects\boyd-clips\research\reference\_geom\mattes\top_00308000_lfAlCDsEQZ4_maxresdefault.png	38351	1787988643201
C:\Users\natha\Projects\boyd-clips\research\reference\_geom\mattes\top_00335000_aH0fnO4w-dg_maxresdefault.png	32220	1787988706414
C:\Users\natha\Projects\boyd-clips\research\reference\_geom\mattes\top_00354000_ePdAxp1Zs8Y_maxresdefault.png	35561	1787988753774
C:\Users\natha\Projects\boyd-clips\research\reference\_geom\mattes\top_00379000_urZza-9kdP0_maxresdefault.png	35168	1787988800346
C:\Users\natha\Projects\boyd-clips\research\reference\_geom\mattes\top_00529000_6Tp2eiBjGB8_maxresdefault.png	27634	1787988839872
C:\Users\natha\Projects\boyd-clips\research\reference\_geom\mattes\top_00553000_rcub_Jev9NE_maxresdefault.png	23193	1787988839367
C:\Users\natha\Projects\boyd-clips\research\reference\_geom\mattes\top_00790000__-WRN7q01OY_maxresdefault.png	40205	1787988856778
C:\Users\natha\Projects\boyd-clips\research\reference\_geom\mattes\top_00891000_ERPX6JpX5OU_maxresdefault.png	39884	1787988871373
C:\Users\natha\Projects\boyd-clips\research\reference\_geom\measure.py	14343	1787990874048
C:\Users\natha\Projects\boyd-clips\research\reference\_geom\ov\1200000_yzv_uxBSgu0.png	951330	1787991108820
C:\Users\natha\Projects\boyd-clips\research\reference\_geom\ov\301000_qyETv1lTSuA.png	1041854	1787991108859
C:\Users\natha\Projects\boyd-clips\research\reference\_geom\ov\364000_AAVDROvkXsU.png	1098504	1787991108896
C:\Users\natha\Projects\boyd-clips\research\reference\_geom\ov\412000_IPpy830CJkQ.png	1194835	1787991108937
C:\Users\natha\Projects\boyd-clips\research\reference\_geom\ov\414000_Ek3Ah3NZYVo.png	954345	1787991108976
C:\Users\natha\Projects\boyd-clips\research\reference\_geom\ov\42000_muF8LBaKZrI.png	1090325	1787991109017
C:\Users\natha\Projects\boyd-clips\research\reference\_geom\ov\439000_lzOg8heXmV0.png	1083294	1787991109057
C:\Users\natha\Projects\boyd-clips\research\reference\_geom\ov\444000_5VLPFCTlyss.png	1092802	1787991109096
C:\Users\natha\Projects\boyd-clips\research\reference\_geom\ov\552000_SpO2yU2mG78.png	1070437	1787991109131
C:\Users\natha\Projects\boyd-clips\research\reference\_geom\ov\59000_bXbyg2vK6CI.png	1057181	1787991109169
C:\Users\natha\Projects\boyd-clips\research\reference\_geom\ov\591000_amiWU58HFpM.png	1191740	1787991109207
C:\Users\natha\Projects\boyd-clips\research\reference\_geom\ov\971000_4kIjd7CLp7c.png	1408028	1787991109254
C:\Users\natha\Projects\boyd-clips\research\reference\_geom\ov\bot_00000388_q1Fo7x_0ItI_maxresdefault.png	1282870	1787991109295
C:\Users\natha\Projects\boyd-clips\research\reference\_geom\ov\bot_00000749_RfF0ouKeE0w_maxresdefault.png	1502652	1787991109339
C:\Users\natha\Projects\boyd-clips\research\reference\_geom\ov\bot_00000988_79nw7lP0jm0_maxresdefault.png	1497683	1787991109383
C:\Users\natha\Projects\boyd-clips\research\reference\_geom\ov\bot_00001000_95HqsmyM-zI_maxresdefault.png	1488975	1787991109426
C:\Users\natha\Projects\boyd-clips\research\reference\_geom\ov\bot_00001100_--Mpaln4jx8_maxresdefault.png	1949667	1787991109473
C:\Users\natha\Projects\boyd-clips\research\reference\_geom\ov\bot_00001100_U204YIfp-rc_maxresdefault.png	1540125	1787991109518
C:\Users\natha\Projects\boyd-clips\research\reference\_geom\ov\bot_00001200_qlDoZCJs620_maxresdefault.png	1564106	1787991109562
C:\Users\natha\Projects\boyd-clips\research\reference\_geom\ov\bot_00001300_rUJ__Sb3Y8w_maxresdefault.png	1398811	1787991109604
C:\Users\natha\Projects\boyd-clips\research\reference\_geom\ov\bot_00001500_gVVI_SdlsvA_maxresdefault.png	1449406	1787991109645
C:\Users\natha\Projects\boyd-clips\research\reference\_geom\ov\bot_00001700_-YRHSSLanxk_maxresdefault.png	1410486	1787991109685
C:\Users\natha\Projects\boyd-clips\research\reference\_geom\ov\top_00204000_J3LdwHAZR2E_maxresdefault.png	1638880	1787991109728
C:\Users\natha\Projects\boyd-clips\research\reference\_geom\ov\top_00209000_z05aWSTzw0k_maxresdefault.png	1542624	1787991109770
C:\Users\natha\Projects\boyd-clips\research\reference\_geom\ov\top_00214000__eMKRoRaE_w_maxresdefault.png	1357104	1787991109811
C:\Users\natha\Projects\boyd-clips\research\reference\_geom\ov\top_00233000_-iPnSFl434E_maxresdefault.png	1795594	1787991109858
C:\Users\natha\Projects\boyd-clips\research\reference\_geom\ov\top_00241000_8lxIY35zb6Q_maxresdefault.png	1764890	1787991109902
C:\Users\natha\Projects\boyd-clips\research\reference\_geom\ov\top_00277000_k69GmELAgVw_maxresdefault.png	1470535	1787991109944
C:\Users\natha\Projects\boyd-clips\research\reference\_geom\ov\top_00305000_8n5raFtKul8_maxresdefault.png	1370249	1787991109984
C:\Users\natha\Projects\boyd-clips\research\reference\_geom\ov\top_00308000_lfAlCDsEQZ4_maxresdefault.png	1618495	1787991110026
C:\Users\natha\Projects\boyd-clips\research\reference\_geom\ov\top_00335000_aH0fnO4w-dg_maxresdefault.png	1611986	1787991110070
C:\Users\natha\Projects\boyd-clips\research\reference\_geom\ov\top_00354000_ePdAxp1Zs8Y_maxresdefault.png	1540812	1787991110112
C:\Users\natha\Projects\boyd-clips\research\reference\_geom\ov\top_00379000_urZza-9kdP0_maxresdefault.png	1415375	1787991110154
C:\Users\natha\Projects\boyd-clips\research\reference\_geom\ov\top_00529000_6Tp2eiBjGB8_maxresdefault.png	1773234	1787991110199
C:\Users\natha\Projects\boyd-clips\research\reference\_geom\ov\top_00553000_rcub_Jev9NE_maxresdefault.png	1683339	1787991110243
C:\Users\natha\Projects\boyd-clips\research\reference\_geom\ov\top_00790000__-WRN7q01OY_maxresdefault.png	1338653	1787991110285
C:\Users\natha\Projects\boyd-clips\research\reference\_geom\ov\top_00891000_ERPX6JpX5OU_maxresdefault.png	1482587	1787991110326
C:\Users\natha\Projects\boyd-clips\research\reference\_geom\ov_face\1200000_yzv_uxBSgu0.png	960540	1787987869705
C:\Users\natha\Projects\boyd-clips\research\reference\_geom\ov_face\301000_qyETv1lTSuA.png	1048874	1787987870435
C:\Users\natha\Projects\boyd-clips\research\reference\_geom\ov_face\364000_AAVDROvkXsU.png	1105807	1787987871155
C:\Users\natha\Projects\boyd-clips\research\reference\_geom\ov_face\412000_IPpy830CJkQ.png	1202671	1787987871883
C:\Users\natha\Projects\boyd-clips\research\reference\_geom\ov_face\414000_Ek3Ah3NZYVo.png	976619	1787987872602
C:\Users\natha\Projects\boyd-clips\research\reference\_geom\ov_face\42000_muF8LBaKZrI.png	1087232	1787987873281
C:\Users\natha\Projects\boyd-clips\research\reference\_geom\ov_face\439000_lzOg8heXmV0.png	1096967	1787987873960
C:\Users\natha\Projects\boyd-clips\research\reference\_geom\ov_face\444000_5VLPFCTlyss.png	1100142	1787987874683
C:\Users\natha\Projects\boyd-clips\research\reference\_geom\ov_face\552000_SpO2yU2mG78.png	1073603	1787987875375
C:\Users\natha\Projects\boyd-clips\research\reference\_geom\ov_face\59000_bXbyg2vK6CI.png	1068864	1787987876050
C:\Users\natha\Projects\boyd-clips\research\reference\_geom\ov_face\591000_amiWU58HFpM.png	1206642	1787987876761
C:\Users\natha\Projects\boyd-clips\research\reference\_geom\ov_face\971000_4kIjd7CLp7c.png	1420669	1787987877464
C:\Users\natha\Projects\boyd-clips\research\reference\_geom\ov_face\bot_00000388_q1Fo7x_0ItI_maxresdefault.png	1309055	1787987878143
C:\Users\natha\Projects\boyd-clips\research\reference\_geom\ov_face\bot_00000749_RfF0ouKeE0w_maxresdefault.png	1526116	1787987878845
C:\Users\natha\Projects\boyd-clips\research\reference\_geom\ov_face\bot_00000988_79nw7lP0jm0_maxresdefault.png	1534238	1787987879559
C:\Users\natha\Projects\boyd-clips\research\reference\_geom\ov_face\bot_00001000_95HqsmyM-zI_maxresdefault.png	1512185	1787987880264
C:\Users\natha\Projects\boyd-clips\research\reference\_geom\ov_face\bot_00001100_--Mpaln4jx8_maxresdefault.png	1980200	1787987880972
C:\Users\natha\Projects\boyd-clips\research\reference\_geom\ov_face\bot_00001100_U204YIfp-rc_maxresdefault.png	1573461	1787987881663
C:\Users\natha\Projects\boyd-clips\research\reference\_geom\ov_face\bot_00001200_qlDoZCJs620_maxresdefault.png	1617818	1787987882336
C:\Users\natha\Projects\boyd-clips\research\reference\_geom\ov_face\bot_00001300_rUJ__Sb3Y8w_maxresdefault.png	1423115	1787987883009
C:\Users\natha\Projects\boyd-clips\research\reference\_geom\ov_face\bot_00001500_gVVI_SdlsvA_maxresdefault.png	1471635	1787987883692
C:\Users\natha\Projects\boyd-clips\research\reference\_geom\ov_face\bot_00001700_-YRHSSLanxk_maxresdefault.png	1440799	1787987884405
C:\Users\natha\Projects\boyd-clips\research\reference\_geom\ov_face\top_00204000_J3LdwHAZR2E_maxresdefault.png	1664738	1787987885103
C:\Users\natha\Projects\boyd-clips\research\reference\_geom\ov_face\top_00209000_z05aWSTzw0k_maxresdefault.png	1576374	1787987885803
C:\Users\natha\Projects\boyd-clips\research\reference\_geom\ov_face\top_00214000__eMKRoRaE_w_maxresdefault.png	1372253	1787987886504
C:\Users\natha\Projects\boyd-clips\research\reference\_geom\ov_face\top_00233000_-iPnSFl434E_maxresdefault.png	1809432	1787987887185
C:\Users\natha\Projects\boyd-clips\research\reference\_geom\ov_face\top_00241000_8lxIY35zb6Q_maxresdefault.png	1783878	1787987887872
C:\Users\natha\Projects\boyd-clips\research\reference\_geom\ov_face\top_00277000_k69GmELAgVw_maxresdefault.png	1508016	1787987888587
C:\Users\natha\Projects\boyd-clips\research\reference\_geom\ov_face\top_00305000_8n5raFtKul8_maxresdefault.png	1379377	1787987889268
C:\Users\natha\Projects\boyd-clips\research\reference\_geom\ov_face\top_00308000_lfAlCDsEQZ4_maxresdefault.png	1664415	1787987889971
C:\Users\natha\Projects\boyd-clips\research\reference\_geom\ov_face\top_00335000_aH0fnO4w-dg_maxresdefault.png	1673639	1787987890675
C:\Users\natha\Projects\boyd-clips\research\reference\_geom\ov_face\top_00354000_ePdAxp1Zs8Y_maxresdefault.png	1581422	1787987891400
C:\Users\natha\Projects\boyd-clips\research\reference\_geom\ov_face\top_00379000_urZza-9kdP0_maxresdefault.png	1442991	1787987892091
C:\Users\natha\Projects\boyd-clips\research\reference\_geom\ov_face\top_00529000_6Tp2eiBjGB8_maxresdefault.png	1790222	1787987892802
C:\Users\natha\Projects\boyd-clips\research\reference\_geom\ov_face\top_00553000_rcub_Jev9NE_maxresdefault.png	1707624	1787987893485
C:\Users\natha\Projects\boyd-clips\research\reference\_geom\ov_face\top_00790000__-WRN7q01OY_maxresdefault.png	1375310	1787987894155
C:\Users\natha\Projects\boyd-clips\research\reference\_geom\ov_face\top_00891000_ERPX6JpX5OU_maxresdefault.png	1526034	1787987894816
C:\Users\natha\Projects\boyd-clips\research\reference\_geom\overlay.py	3064	1787989741055
C:\Users\natha\Projects\boyd-clips\research\reference\_geom\per_file_layout.csv	33768	1787991242177
C:\Users\natha\Projects\boyd-clips\research\reference\_geom\relate.json	89059	1787991108143
C:\Users\natha\Projects\boyd-clips\research\reference\_geom\relate.py	12183	1787990145080
C:\Users\natha\Projects\boyd-clips\research\reference\_geom\sheet_0.png	2079046	1787991110449
C:\Users\natha\Projects\boyd-clips\research\reference\_geom\sheet_1.png	2232244	1787991110578
C:\Users\natha\Projects\boyd-clips\research\reference\_geom\sheet_2.png	2660113	1787991110709
C:\Users\natha\Projects\boyd-clips\research\reference\_geom\sheet_3.png	2602320	1787991110845
C:\Users\natha\Projects\boyd-clips\research\reference\_geom\sheet_4.png	2683495	1787991110981
C:\Users\natha\Projects\boyd-clips\research\reference\_geom\sheet_5.png	2670214	1787991111122
C:\Users\natha\Projects\boyd-clips\research\reference\_geom\sheet_6.png	449099	1787991111156
C:\Users\natha\Projects\boyd-clips\research\reference\_measured\lines.json	11879	1787497600968
C:\Users\natha\Projects\boyd-clips\research\reference\_measured\live.json	18152	1787497600974
C:\Users\natha\Projects\boyd-clips\research\reference\_measured\meas.json	33909	1787497600960
C:\Users\natha\Projects\boyd-clips\research\reference\_measured\yunet_vs_haar.json	4577	1787499530338
C:\Users\natha\Projects\boyd-clips\research\reference\_slop\sheet.jpg	328003	1787499608347
C:\Users\natha\Projects\boyd-clips\research\reference\_slop\thumbs\EC58XPgC8HU.jpg	150671	1787499577780
C:\Users\natha\Projects\boyd-clips\research\reference\_slop\thumbs\JNuoE3xf1wE.jpg	191317	1787499577038
C:\Users\natha\Projects\boyd-clips\research\reference\_slop\thumbs\M3RB9St-ANU.jpg	1097	1787499576689
C:\Users\natha\Projects\boyd-clips\research\reference\_slop\thumbs\SlTueGzO6Vw.jpg	244795	1787499576244
C:\Users\natha\Projects\boyd-clips\research\reference\_slop\thumbs\_7-2GF5hwXo.jpg	185689	1787499577418
C:\Users\natha\Projects\boyd-clips\research\reference\_slop\thumbs\_JrRGX_CHLE.jpg	185770	1787499578473
C:\Users\natha\Projects\boyd-clips\research\reference\_slop\thumbs\xUk_32XNrbs.jpg	220346	1787499575842
C:\Users\natha\Projects\boyd-clips\research\reference\_slop\thumbs\y3NVBXrTQnA.jpg	167904	1787499578110
C:\Users\natha\Projects\boyd-clips\research\reference\competitor\01_intro_f000_t0.000_dark-state-shine-start.png	460894	1786506604391
C:\Users\natha\Projects\boyd-clips\research\reference\competitor\02_intro_f023_t0.959_light-burst-peak.png	1112624	1786506604563
C:\Users\natha\Projects\boyd-clips\research\reference\competitor\03_intro_f120_t5.005_settled-card-with-disclaimer.png	924062	1786506604739
C:\Users\natha\Projects\boyd-clips\research\reference\competitor\04_intro_f144_t6.006_white-flash-exit-peak.png	9375	1786506604887
C:\Users\natha\Projects\boyd-clips\research\reference\competitor\05_body_f160_t6.673_datecard-march7.png	782280	1786506605092
C:\Users\natha\Projects\boyd-clips\research\reference\competitor\06_splitscreen_t1110_green-border-two-up.png	872099	1786507103667
C:\Users\natha\Projects\boyd-clips\research\reference\competitor\07_captions_t1352.5_mono-phrase-speakertag.png	775156	1786507103830
C:\Users\natha\Projects\boyd-clips\research\reference\competitor\08_doccard_t1009.7_yellow-highlight-14thAmendment.png	797143	1786507104000
C:\Users\natha\Projects\boyd-clips\research\reference\competitor\09_bw-mode_t1100_desaturated-under-explainer.png	580310	1786507104163
C:\Users\natha\Projects\boyd-clips\research\reference\competitor\10_outro_t2183_white-endcard-shield-watermark.png	55001	1786507271117
C:\Users\natha\Projects\boyd-clips\research\reference\competitor\11_stock_t20.0_handcuffs-graded-blurred-bg.png	1406134	1786507401938
C:\Users\natha\Projects\boyd-clips\research\reference\competitor\EDITING_SPEC.md	28962	1786524917148
C:\Users\natha\Projects\boyd-clips\research\reference\competitor\THUMBNAILS.md	29222	1786507528711
C:\Users\natha\Projects\boyd-clips\research\reference\competitor\TITLES.md	21053	1786507052392
C:\Users\natha\Projects\boyd-clips\research\reference\competitor\VOICE_TARGET.md	3086	1786593070248
C:\Users\natha\Projects\boyd-clips\research\reference\competitor\_logocrop.png	312498	1786506635962
C:\Users\natha\Projects\boyd-clips\research\reference\competitor\editing\01_Ek3Ah3NZYVo_t0800.0_split-composite-template-green-divider.png	908063	1786524607395
C:\Users\natha\Projects\boyd-clips\research\reference\competitor\editing\02_Ek3Ah3NZYVo_t0690.0_fullbleed-yellow-caption-nameplate.png	1003335	1786524607413
C:\Users\natha\Projects\boyd-clips\research\reference\competitor\editing\03_Ek3Ah3NZYVo_t0690.0_CAPTION-2x-typography-crop.png	304530	1786524607430
C:\Users\natha\Projects\boyd-clips\research\reference\competitor\editing\04_Ek3Ah3NZYVo_t0689.52-689.69_caption-entrance-5-consecutive-frames.png	887599	1786524607448
C:\Users\natha\Projects\boyd-clips\research\reference\competitor\editing\05_Ek3Ah3NZYVo_t0300.0_doccard-tilt4.8deg-blue-highlighter.png	730071	1786524607466
C:\Users\natha\Projects\boyd-clips\research\reference\competitor\editing\06_Ek3Ah3NZYVo_t0018.0_newscard-yellow-highlighter-KSAT.png	541038	1786524607489
C:\Users\natha\Projects\boyd-clips\research\reference\competitor\editing\07_Ek3Ah3NZYVo_t0026.0_chargecard-mugshot-red-border.png	1024179	1786524607506
C:\Users\natha\Projects\boyd-clips\research\reference\competitor\editing\08_Ek3Ah3NZYVo_t0057.0_datecard-centered.png	627223	1786524607523
C:\Users\natha\Projects\boyd-clips\research\reference\competitor\editing\09_Ek3Ah3NZYVo_t1186.5_BW-mode-saturation-zero.png	637098	1786524607539
C:\Users\natha\Projects\boyd-clips\research\reference\competitor\editing\10_Ek3Ah3NZYVo_t1223.5_stock-handcuffs-on-documents.png	1189791	1786524607556
C:\Users\natha\Projects\boyd-clips\research\reference\competitor\editing\11_Ek3Ah3NZYVo_t1232.0_endcard-logo-hold.png	643349	1786524607574
C:\Users\natha\Projects\boyd-clips\research\reference\competitor\editing\12_4kIjd7CLp7c_t0405.0_stock-police-lights-night-bokeh.png	856986	1786524607592
C:\Users\natha\Projects\boyd-clips\research\reference\competitor\editing\13_yzv_uxBSgu0_t1352.5_split-composite-2to1-panels-no-caption.png	857141	1786524607610
C:\Users\natha\Projects\boyd-clips\research\reference\competitor\measure_audit_thumbs.py	7987	1787497480609
C:\Users\natha\Projects\boyd-clips\research\reference\competitor\thumbs\1200000_yzv_uxBSgu0.jpg	119474	1786506599422
C:\Users\natha\Projects\boyd-clips\research\reference\competitor\thumbs\301000_qyETv1lTSuA.jpg	136701	1786506602414
C:\Users\natha\Projects\boyd-clips\research\reference\competitor\thumbs\364000_AAVDROvkXsU.jpg	153954	1786506602029
C:\Users\natha\Projects\boyd-clips\research\reference\competitor\thumbs\412000_IPpy830CJkQ.jpg	156821	1786506601716
C:\Users\natha\Projects\boyd-clips\research\reference\competitor\thumbs\414000_Ek3Ah3NZYVo.jpg	142679	1786506601432
C:\Users\natha\Projects\boyd-clips\research\reference\competitor\thumbs\42000_muF8LBaKZrI.jpg	128634	1786506602672
C:\Users\natha\Projects\boyd-clips\research\reference\competitor\thumbs\439000_lzOg8heXmV0.jpg	153345	1786506601091
C:\Users\natha\Projects\boyd-clips\research\reference\competitor\thumbs\444000_5VLPFCTlyss.jpg	133029	1786506600794
C:\Users\natha\Projects\boyd-clips\research\reference\competitor\thumbs\552000_SpO2yU2mG78.jpg	92547	1786506600491
C:\Users\natha\Projects\boyd-clips\research\reference\competitor\thumbs\59000_bXbyg2vK6CI.jpg	132668	1786506602989
C:\Users\natha\Projects\boyd-clips\research\reference\competitor\thumbs\591000_amiWU58HFpM.jpg	161752	1786506600227
C:\Users\natha\Projects\boyd-clips\research\reference\competitor\thumbs\971000_4kIjd7CLp7c.jpg	181614	1786506599711
C:\Users\natha\Projects\boyd-clips\research\reference\competitor\thumbs\client\16000_Zl0i8N8botY.jpg	115040	1786506679152
C:\Users\natha\Projects\boyd-clips\research\reference\competitor\thumbs\client\16000_y_43R2cDx-A.jpg	120120	1786506678692
C:\Users\natha\Projects\boyd-clips\research\reference\competitor\thumbs\client\22000_Usxub-MQm9k.jpg	90170	1786506678414
C:\Users\natha\Projects\boyd-clips\research\reference\competitor\thumbs\client\27000_oJvViwEhFyk.jpg	107297	1786506678128
C:\Users\natha\Projects\boyd-clips\research\reference\competitor\thumbs\client\37000_ztBrTKT2Gbk.jpg	197799	1786506677844
C:\Users\natha\Projects\boyd-clips\research\reference\competitor\thumbs\client\39000_upjOR9Tr0P8.jpg	113207	1786506677504
C:\Users\natha\Projects\boyd-clips\research\reference\competitor\thumbs\client\4600_o1S6Kbnckro.jpg	128847	1786506679756
C:\Users\natha\Projects\boyd-clips\research\reference\competitor\thumbs\client\61000_dAI3GNmNt_s.jpg	14386	1786506677208
C:\Users\natha\Projects\boyd-clips\research\reference\competitor\thumbs\client\62000_6V1pKKVR17k.jpg	204398	1786506676589
C:\Users\natha\Projects\boyd-clips\research\reference\competitor\thumbs\client\72000_Y-_2z7D65Rw.jpg	157170	1786506676157
C:\Users\natha\Projects\boyd-clips\research\reference\competitor\thumbs\client\865000_sp3IXJYBFwY.jpg	160923	1786506675856
C:\Users\natha\Projects\boyd-clips\research\reference\competitor\thumbs\client\9800_cSz-vkSwVlk.jpg	124644	1786506679426
C:\Users\natha\Projects\boyd-clips\research\reference\competitor\voice\Ek3Ah3NZYVo.wav	237424718	1786592643985
C:\Users\natha\Projects\boyd-clips\research\reference\competitor\voice\align_chars.py	4099	1786678745946
C:\Users\natha\Projects\boyd-clips\research\reference\competitor\voice\augraphy_cache\image_0.png	15274	1786595944482
C:\Users\natha\Projects\boyd-clips\research\reference\competitor\voice\contour_metrics.py	21037	1786597388423
C:\Users\natha\Projects\boyd-clips\research\reference\competitor\voice\contour_probe.py	10509	1786597378020
C:\Users\natha\Projects\boyd-clips\research\reference\competitor\voice\contour_probe_out.json	20035	1786597379331
C:\Users\natha\Projects\boyd-clips\research\reference\competitor\voice\contour_shape.py	45548	1786679122907
C:\Users\natha\Projects\boyd-clips\research\reference\competitor\voice\ek3_open.wav	2560078	1786592780822
C:\Users\natha\Projects\boyd-clips\research\reference\competitor\voice\ek3_open_chars.json	55750	1786678807233
C:\Users\natha\Projects\boyd-clips\research\reference\competitor\voice\ek3_words.json	10156	1786592881285
C:\Users\natha\Projects\boyd-clips\research\reference\competitor\voice\ivINx4DAzAk.en-orig.vtt	95604	1786597594408
C:\Users\natha\Projects\boyd-clips\research\reference\competitor\voice\ivINx4DAzAk.en.vtt	95604	1786597594505
C:\Users\natha\Projects\boyd-clips\research\reference\competitor\voice\lyca2Dw6Jxk.en-en.vtt	31478	1786597603336
C:\Users\natha\Projects\boyd-clips\research\reference\competitor\voice\lyca2Dw6Jxk.en-orig.vtt	198343	1786597603435
C:\Users\natha\Projects\boyd-clips\research\reference\competitor\voice\lyca2Dw6Jxk.en-zh.vtt	25800	1786597603290
C:\Users\natha\Projects\boyd-clips\research\reference\competitor\voice\lyca2Dw6Jxk.en.vtt	198343	1786597603515
C:\Users\natha\Projects\boyd-clips\research\reference\competitor\voice\prosody_tooling\accent_bexar.wav	563346	1786597606686
C:\Users\natha\Projects\boyd-clips\research\reference\competitor\voice\prosody_tooling\base.wav	553004	1786597606692
C:\Users\natha\Projects\boyd-clips\research\reference\competitor\voice\prosody_tooling\cmds.txt	1083	1786677935069
C:\Users\natha\Projects\boyd-clips\research\reference\competitor\voice\prosody_tooling\cmds_tp.txt	21768	1786678154794
C:\Users\natha\Projects\boyd-clips\research\reference\competitor\voice\prosody_tooling\d088.wav	485420	1786597606699
C:\Users\natha\Projects\boyd-clips\research\reference\competitor\voice\prosody_tooling\d100.wav	553004	1786597606705
C:\Users\natha\Projects\boyd-clips\research\reference\competitor\voice\prosody_tooling\d100_words.json	532	1786678135884
C:\Users\natha\Projects\boyd-clips\research\reference\competitor\voice\prosody_tooling\d115.wav	639020	1786597606710
C:\Users\natha\Projects\boyd-clips\research\reference\competitor\voice\prosody_tooling\dphack.py	678	1786597606782
C:\Users\natha\Projects\boyd-clips\research\reference\competitor\voice\prosody_tooling\durctl.py	909	1786597606784
C:\Users\natha\Projects\boyd-clips\research\reference\competitor\voice\prosody_tooling\durtier.py	1692	1786597606785
C:\Users\natha\Projects\boyd-clips\research\reference\competitor\voice\prosody_tooling\expand.wav	553004	1786597606717
C:\Users\natha\Projects\boyd-clips\research\reference\competitor\voice\prosody_tooling\expand_fall.wav	553004	1786597606723
C:\Users\natha\Projects\boyd-clips\research\reference\competitor\voice\prosody_tooling\fall.wav	553004	1786597606730
C:\Users\natha\Projects\boyd-clips\research\reference\competitor\voice\prosody_tooling\gen.py	499	1786597606786
C:\Users\natha\Projects\boyd-clips\research\reference\competitor\voice\prosody_tooling\ir_test.wav	22094	1786678305683
C:\Users\natha\Projects\boyd-clips\research\reference\competitor\voice\prosody_tooling\null.wav	553004	1786597606735
C:\Users\natha\Projects\boyd-clips\research\reference\competitor\voice\prosody_tooling\pb_conv.wav	553004	1786678305700
C:\Users\natha\Projects\boyd-clips\research\reference\competitor\voice\prosody_tooling\praat_null.wav	553004	1786677948255
C:\Users\natha\Projects\boyd-clips\research\reference\competitor\voice\prosody_tooling\psola.py	1878	1786597606787
C:\Users\natha\Projects\boyd-clips\research\reference\competitor\voice\prosody_tooling\psola_transplant.wav	553004	1786678177267
C:\Users\natha\Projects\boyd-clips\research\reference\competitor\voice\prosody_tooling\rb_fall.wav	553038	1786677903092
C:\Users\natha\Projects\boyd-clips\research\reference\competitor\voice\prosody_tooling\rb_fall2.wav	553038	1786677935172
C:\Users\natha\Projects\boyd-clips\research\reference\competitor\voice\prosody_tooling\rb_null.wav	545870	1786677912568
C:\Users\natha\Projects\boyd-clips\research\reference\competitor\voice\prosody_tooling\rb_transplant.wav	553038	1786678154945
C:\Users\natha\Projects\boyd-clips\research\reference\competitor\voice\prosody_tooling\rb_up.wav	544922	1786677922813
C:\Users\natha\Projects\boyd-clips\research\reference\competitor\voice\prosody_tooling\sp_base.wav	553004	1786678229426
C:\Users\natha\Projects\boyd-clips\research\reference\competitor\voice\prosody_tooling\sp_bexar_long.wav	553004	1786678233136
C:\Users\natha\Projects\boyd-clips\research\reference\competitor\voice\prosody_tooling\tp060.wav	553004	1786597606740
C:\Users\natha\Projects\boyd-clips\research\reference\competitor\voice\prosody_tooling\tp100.wav	553004	1786597606748
C:\Users\natha\Projects\boyd-clips\research\reference\competitor\voice\prosody_tooling\transplant.py	2811	1786597606789
C:\Users\natha\Projects\boyd-clips\research\reference\competitor\voice\prosody_tooling\world.py	1485	1786597606790
C:\Users\natha\Projects\boyd-clips\research\reference\competitor\voice\prosody_tooling\world_expand.wav	553058	1786597606754
C:\Users\natha\Projects\boyd-clips\research\reference\competitor\voice\prosody_tooling\world_null.wav	553058	1786597606760
C:\Users\natha\Projects\boyd-clips\research\reference\competitor\voice\prosody_tooling\world_null2.wav	553058	1786677982358
C:\Users\natha\Projects\boyd-clips\research\reference\competitor\voice\score_voice.py	9716	1786679177080
C:\Users\natha\Projects\boyd-clips\research\reference\competitor\voice\subs\rkG-SPrYxLM.en-orig.vtt	30086	1786597536319
C:\Users\natha\Projects\boyd-clips\research\reference\competitor\voice\subs\rkG-SPrYxLM.en.vtt	30086	1786597536362
C:\Users\natha\Projects\boyd-clips\research\reference\competitor\voice\v-WiqiC7uAA.en-orig.vtt	111387	1786597598112
C:\Users\natha\Projects\boyd-clips\research\reference\competitor\voice\v-WiqiC7uAA.en.vtt	111387	1786597598185
C:\Users\natha\Projects\boyd-clips\research\reference\competitor\voice\yzv_open.wav	2560078	1786592780879
C:\Users\natha\Projects\boyd-clips\research\reference\competitor\voice\yzv_open_chars.json	34494	1786678912672
C:\Users\natha\Projects\boyd-clips\research\reference\competitor\voice\yzv_uxBSgu0.wav	415054726	1786592648328
C:\Users\natha\Projects\boyd-clips\research\reference\competitor\voice\yzv_words.json	6630	1786592890168
C:\Users\natha\Projects\boyd-clips\research\reference\court-trials-tv\subs\-6naaqCsGdE.en-orig.vtt	92380	1787255643304
C:\Users\natha\Projects\boyd-clips\research\reference\court-trials-tv\subs\-6naaqCsGdE.en.vtt	92380	1787255643603
C:\Users\natha\Projects\boyd-clips\research\reference\court-trials-tv\subs\-Q27g_L2_oc.en-orig.vtt	148184	1787256105933
C:\Users\natha\Projects\boyd-clips\research\reference\court-trials-tv\subs\-Q27g_L2_oc.en.vtt	148184	1787256106004
C:\Users\natha\Projects\boyd-clips\research\reference\court-trials-tv\subs\-TXtpGzzuW0.en-orig.vtt	110585	1787256044962
C:\Users\natha\Projects\boyd-clips\research\reference\court-trials-tv\subs\-TXtpGzzuW0.en.vtt	110585	1787256045060
C:\Users\natha\Projects\boyd-clips\research\reference\court-trials-tv\subs\-_E7a2sYV6I.en-orig.vtt	129130	1787255095543
C:\Users\natha\Projects\boyd-clips\research\reference\court-trials-tv\subs\-_E7a2sYV6I.en.vtt	129130	1787255095712
C:\Users\natha\Projects\boyd-clips\research\reference\court-trials-tv\subs\-gDO0JLfEdQ.en-orig.vtt	165088	1787255891499
C:\Users\natha\Projects\boyd-clips\research\reference\court-trials-tv\subs\-gDO0JLfEdQ.en.vtt	165088	1787255891563
C:\Users\natha\Projects\boyd-clips\research\reference\court-trials-tv\subs\0LSlxVYO_MI.en-orig.vtt	127145	1787255772221
C:\Users\natha\Projects\boyd-clips\research\reference\court-trials-tv\subs\0LSlxVYO_MI.en.vtt	127145	1787255772334
C:\Users\natha\Projects\boyd-clips\research\reference\court-trials-tv\subs\10-SKG__dU8.en-orig.vtt	147732	1787255872004
C:\Users\natha\Projects\boyd-clips\research\reference\court-trials-tv\subs\10-SKG__dU8.en.vtt	147732	1787255872319
C:\Users\natha\Projects\boyd-clips\research\reference\court-trials-tv\subs\18jTjjxPzkM.en-orig.vtt	73982	1787256358707
C:\Users\natha\Projects\boyd-clips\research\reference\court-trials-tv\subs\18jTjjxPzkM.en.vtt	73982	1787256358860
C:\Users\natha\Projects\boyd-clips\research\reference\court-trials-tv\subs\1DGO5AbehvU.en-orig.vtt	121998	1787256093585
C:\Users\natha\Projects\boyd-clips\research\reference\court-trials-tv\subs\1DGO5AbehvU.en.vtt	121998	1787256093640
C:\Users\natha\Projects\boyd-clips\research\reference\court-trials-tv\subs\1TT91tIU3So.en-orig.vtt	135501	1787255113050
C:\Users\natha\Projects\boyd-clips\research\reference\court-trials-tv\subs\1TT91tIU3So.en.vtt	135501	1787255113106
C:\Users\natha\Projects\boyd-clips\research\reference\court-trials-tv\subs\1WESiC_yHbY.en-orig.vtt	140865	1787255623492
C:\Users\natha\Projects\boyd-clips\research\reference\court-trials-tv\subs\1WESiC_yHbY.en.vtt	140865	1787255623575
C:\Users\natha\Projects\boyd-clips\research\reference\court-trials-tv\subs\1hXsG9O3xho.en-orig.vtt	135705	1787256406971
C:\Users\natha\Projects\boyd-clips\research\reference\court-trials-tv\subs\1hXsG9O3xho.en.vtt	135705	1787256407024
C:\Users\natha\Projects\boyd-clips\research\reference\court-trials-tv\subs\1lihTaPleDI.en-orig.vtt	236190	1787255140611
C:\Users\natha\Projects\boyd-clips\research\reference\court-trials-tv\subs\1lihTaPleDI.en.vtt	236190	1787255140679
C:\Users\natha\Projects\boyd-clips\research\reference\court-trials-tv\subs\1mbB1l1mI0E.en-orig.vtt	136328	1787256350177
C:\Users\natha\Projects\boyd-clips\research\reference\court-trials-tv\subs\1mbB1l1mI0E.en.vtt	136328	1787256350241
C:\Users\natha\Projects\boyd-clips\research\reference\court-trials-tv\subs\1p1voA8xKOc.en-orig.vtt	117561	1787255571404
C:\Users\natha\Projects\boyd-clips\research\reference\court-trials-tv\subs\1p1voA8xKOc.en.vtt	117561	1787255571514
C:\Users\natha\Projects\boyd-clips\research\reference\court-trials-tv\subs\1sY7rDBENvU.en-orig.vtt	141798	1787255559394
C:\Users\natha\Projects\boyd-clips\research\reference\court-trials-tv\subs\1sY7rDBENvU.en.vtt	141798	1787255559657
C:\Users\natha\Projects\boyd-clips\research\reference\court-trials-tv\subs\2-pIqyFXGAg.en-orig.vtt	67308	1787256414843
C:\Users\natha\Projects\boyd-clips\research\reference\court-trials-tv\subs\2-pIqyFXGAg.en.vtt	67308	1787256414890
C:\Users\natha\Projects\boyd-clips\research\reference\court-trials-tv\subs\29eKIYFWVBg.en-orig.vtt	151245	1787255829888
C:\Users\natha\Projects\boyd-clips\research\reference\court-trials-tv\subs\29eKIYFWVBg.en.vtt	151245	1787255830123
C:\Users\natha\Projects\boyd-clips\research\reference\court-trials-tv\subs\2J3QyXAy_jQ.en-orig.vtt	140155	1787256162704
C:\Users\natha\Projects\boyd-clips\research\reference\court-trials-tv\subs\2J3QyXAy_jQ.en.vtt	140155	1787256162758
C:\Users\natha\Projects\boyd-clips\research\reference\court-trials-tv\subs\2OoldxdBPCA.en-orig.vtt	207598	1787255754870
C:\Users\natha\Projects\boyd-clips\research\reference\court-trials-tv\subs\2OoldxdBPCA.en.vtt	207598	1787255755105
C:\Users\natha\Projects\boyd-clips\research\reference\court-trials-tv\subs\2a_5sb6ZjG8.en-orig.vtt	68549	1787256085482
C:\Users\natha\Projects\boyd-clips\research\reference\court-trials-tv\subs\2a_5sb6ZjG8.en.vtt	68549	1787256085523
C:\Users\natha\Projects\boyd-clips\research\reference\court-trials-tv\subs\2eZRyBwjXtM.en-orig.vtt	163728	1787255797684
C:\Users\natha\Projects\boyd-clips\research\reference\court-trials-tv\subs\2eZRyBwjXtM.en.vtt	163728	1787255797930
C:\Users\natha\Projects\boyd-clips\research\reference\court-trials-tv\subs\363H14G-vm8.en-orig.vtt	181044	1787255236481
C:\Users\natha\Projects\boyd-clips\research\reference\court-trials-tv\subs\363H14G-vm8.en.vtt	181044	1787255236599
C:\Users\natha\Projects\boyd-clips\research\reference\court-trials-tv\subs\3LDmsfo_MDk.en-orig.vtt	112316	1787256129353
C:\Users\natha\Projects\boyd-clips\research\reference\court-trials-tv\subs\3LDmsfo_MDk.en.vtt	112316	1787256129404
C:\Users\natha\Projects\boyd-clips\research\reference\court-trials-tv\subs\3R3TiFnlEE0.en-orig.vtt	85218	1787256073401
C:\Users\natha\Projects\boyd-clips\research\reference\court-trials-tv\subs\3R3TiFnlEE0.en.vtt	85218	1787256073461
C:\Users\natha\Projects\boyd-clips\research\reference\court-trials-tv\subs\3YIJYK2CkM8.en-orig.vtt	111289	1787255415324
C:\Users\natha\Projects\boyd-clips\research\reference\court-trials-tv\subs\3YIJYK2CkM8.en.vtt	111289	1787255415408
C:\Users\natha\Projects\boyd-clips\research\reference\court-trials-tv\subs\3Z2P48Fh508.en-orig.vtt	110487	1787255750415
C:\Users\natha\Projects\boyd-clips\research\reference\court-trials-tv\subs\3Z2P48Fh508.en.vtt	110487	1787255750638
C:\Users\natha\Projects\boyd-clips\research\reference\court-trials-tv\subs\3aVn3OFMNNU.en-orig.vtt	164490	1787255737697
C:\Users\natha\Projects\boyd-clips\research\reference\court-trials-tv\subs\3aVn3OFMNNU.en.vtt	164490	1787255737935
C:\Users\natha\Projects\boyd-clips\research\reference\court-trials-tv\subs\3mhC_WGdElc.en-orig.vtt	131703	1787255518854
C:\Users\natha\Projects\boyd-clips\research\reference\court-trials-tv\subs\3mhC_WGdElc.en.vtt	131703	1787255518922
C:\Users\natha\Projects\boyd-clips\research\reference\court-trials-tv\subs\3qWxXzbUQ0s.en-orig.vtt	124614	1787255768166
C:\Users\natha\Projects\boyd-clips\research\reference\court-trials-tv\subs\3qWxXzbUQ0s.en.vtt	124614	1787255768377
C:\Users\natha\Projects\boyd-clips\research\reference\court-trials-tv\subs\3vjv5wWqSDo.en-orig.vtt	144420	1787256471900
C:\Users\natha\Projects\boyd-clips\research\reference\court-trials-tv\subs\3vjv5wWqSDo.en.vtt	144420	1787256471963
C:\Users\natha\Projects\boyd-clips\research\reference\court-trials-tv\subs\45tjh9z6LMo.en-orig.vtt	127688	1787255634807
C:\Users\natha\Projects\boyd-clips\research\reference\court-trials-tv\subs\45tjh9z6LMo.en.vtt	127688	1787255634858
C:\Users\natha\Projects\boyd-clips\research\reference\court-trials-tv\subs\48uvE7ePRQ8.en-orig.vtt	120662	1787255967837
C:\Users\natha\Projects\boyd-clips\research\reference\court-trials-tv\subs\48uvE7ePRQ8.en.vtt	120662	1787255967905
C:\Users\natha\Projects\boyd-clips\research\reference\court-trials-tv\subs\4GndTN4_HiU.en-orig.vtt	182843	1787255943138
C:\Users\natha\Projects\boyd-clips\research\reference\court-trials-tv\subs\4GndTN4_HiU.en.vtt	182843	1787255943206
C:\Users\natha\Projects\boyd-clips\research\reference\court-trials-tv\subs\4bMEgxEullA.en-orig.vtt	154986	1787255514651
C:\Users\natha\Projects\boyd-clips\research\reference\court-trials-tv\subs\4bMEgxEullA.en.vtt	154986	1787255514769
C:\Users\natha\Projects\boyd-clips\research\reference\court-trials-tv\subs\4c04epBm-jo.en-orig.vtt	114811	1787256273414
C:\Users\natha\Projects\boyd-clips\research\reference\court-trials-tv\subs\4c04epBm-jo.en.vtt	114811	1787256273485
C:\Users\natha\Projects\boyd-clips\research\reference\court-trials-tv\subs\4dl_kYNc834.en-orig.vtt	124355	1787256121611
C:\Users\natha\Projects\boyd-clips\research\reference\court-trials-tv\subs\4dl_kYNc834.en.vtt	124355	1787256121669
C:\Users\natha\Projects\boyd-clips\research\reference\court-trials-tv\subs\4fbrYG2VfzU.en-orig.vtt	68476	1787256153911
C:\Users\natha\Projects\boyd-clips\research\reference\court-trials-tv\subs\4fbrYG2VfzU.en.vtt	68476	1787256154024
C:\Users\natha\Projects\boyd-clips\research\reference\court-trials-tv\subs\4lk_Ex4Rv5E.en-orig.vtt	133798	1787255879687
C:\Users\natha\Projects\boyd-clips\research\reference\court-trials-tv\subs\4lk_Ex4Rv5E.en.vtt	133798	1787255879938
C:\Users\natha\Projects\boyd-clips\research\reference\court-trials-tv\subs\58LI3_ludwc.en-orig.vtt	118751	1787256329712
C:\Users\natha\Projects\boyd-clips\research\reference\court-trials-tv\subs\58LI3_ludwc.en.vtt	118751	1787256329860
C:\Users\natha\Projects\boyd-clips\research\reference\court-trials-tv\subs\5PUGAZa0rqo.en-orig.vtt	161108	1787255947719
C:\Users\natha\Projects\boyd-clips\research\reference\court-trials-tv\subs\5PUGAZa0rqo.en.vtt	161108	1787255947785
C:\Users\natha\Projects\boyd-clips\research\reference\court-trials-tv\subs\5jBYI3QNhrY.en-orig.vtt	234767	1787255575369
C:\Users\natha\Projects\boyd-clips\research\reference\court-trials-tv\subs\5jBYI3QNhrY.en.vtt	234767	1787255575435
C:\Users\natha\Projects\boyd-clips\research\reference\court-trials-tv\subs\6B4zTnejb3Y.en-orig.vtt	111943	1787256427091
C:\Users\natha\Projects\boyd-clips\research\reference\court-trials-tv\subs\6B4zTnejb3Y.en.vtt	111943	1787256427159
C:\Users\natha\Projects\boyd-clips\research\reference\court-trials-tv\subs\6Cok6rRwWy0.en-orig.vtt	143192	1787256224440
C:\Users\natha\Projects\boyd-clips\research\reference\court-trials-tv\subs\6Cok6rRwWy0.en.vtt	143192	1787256224497
C:\Users\natha\Projects\boyd-clips\research\reference\court-trials-tv\subs\6F_lAOCLgu0.en-orig.vtt	161095	1787255104444
C:\Users\natha\Projects\boyd-clips\research\reference\court-trials-tv\subs\6F_lAOCLgu0.en.vtt	161095	1787255104551
C:\Users\natha\Projects\boyd-clips\research\reference\court-trials-tv\subs\6QjmTmQvmAE.en-orig.vtt	87356	1787256216643
C:\Users\natha\Projects\boyd-clips\research\reference\court-trials-tv\subs\6QjmTmQvmAE.en.vtt	87356	1787256216694
C:\Users\natha\Projects\boyd-clips\research\reference\court-trials-tv\subs\6U4iLAOzoZk.en-orig.vtt	113022	1787255721113
C:\Users\natha\Projects\boyd-clips\research\reference\court-trials-tv\subs\6U4iLAOzoZk.en.vtt	113022	1787255721439
C:\Users\natha\Projects\boyd-clips\research\reference\court-trials-tv\subs\6nCSXah4XQ4.en-orig.vtt	215139	1787255686424
C:\Users\natha\Projects\boyd-clips\research\reference\court-trials-tv\subs\6nCSXah4XQ4.en.vtt	215139	1787255686496
C:\Users\natha\Projects\boyd-clips\research\reference\court-trials-tv\subs\6s1_dHX4VQQ.en-orig.vtt	103258	1787256398695
C:\Users\natha\Projects\boyd-clips\research\reference\court-trials-tv\subs\6s1_dHX4VQQ.en.vtt	103258	1787256398761
C:\Users\natha\Projects\boyd-clips\research\reference\court-trials-tv\subs\6w3NW-T1Tj4.en-orig.vtt	89270	1787255677120
C:\Users\natha\Projects\boyd-clips\research\reference\court-trials-tv\subs\6w3NW-T1Tj4.en.vtt	89270	1787255677349
C:\Users\natha\Projects\boyd-clips\research\reference\court-trials-tv\subs\711nVRNpxQE.en-orig.vtt	151517	1787255563378
C:\Users\natha\Projects\boyd-clips\research\reference\court-trials-tv\subs\711nVRNpxQE.en.vtt	151517	1787255563436
C:\Users\natha\Projects\boyd-clips\research\reference\court-trials-tv\subs\7ZtYp9dUuIg.en-orig.vtt	54183	1787255611985
C:\Users\natha\Projects\boyd-clips\research\reference\court-trials-tv\subs\7ZtYp9dUuIg.en.vtt	54183	1787255612118
C:\Users\natha\Projects\boyd-clips\research\reference\court-trials-tv\subs\7szSenNOdbc.en-orig.vtt	87886	1787255216019
C:\Users\natha\Projects\boyd-clips\research\reference\court-trials-tv\subs\7szSenNOdbc.en.vtt	87886	1787255216072
C:\Users\natha\Projects\boyd-clips\research\reference\court-trials-tv\subs\86FNbOE00D0.en-orig.vtt	104860	1787255911185
C:\Users\natha\Projects\boyd-clips\research\reference\court-trials-tv\subs\86FNbOE00D0.en.vtt	104860	1787255911291
C:\Users\natha\Projects\boyd-clips\research\reference\court-trials-tv\subs\88Jc-zzeEk8.en-orig.vtt	150937	1787255550968
C:\Users\natha\Projects\boyd-clips\research\reference\court-trials-tv\subs\88Jc-zzeEk8.en.vtt	150937	1787255551029
C:\Users\natha\Projects\boyd-clips\research\reference\court-trials-tv\subs\89h9p_nyFoc.en-orig.vtt	134007	1787255374042
C:\Users\natha\Projects\boyd-clips\research\reference\court-trials-tv\subs\89h9p_nyFoc.en.vtt	134007	1787255374175
C:\Users\natha\Projects\boyd-clips\research\reference\court-trials-tv\subs\8BAlEvL1AAk.en-orig.vtt	227341	1787255883778
C:\Users\natha\Projects\boyd-clips\research\reference\court-trials-tv\subs\8BAlEvL1AAk.en.vtt	227341	1787255883947
C:\Users\natha\Projects\boyd-clips\research\reference\court-trials-tv\subs\8CBKMgQsgA8.en-orig.vtt	159101	1787255273346
C:\Users\natha\Projects\boyd-clips\research\reference\court-trials-tv\subs\8CBKMgQsgA8.en.vtt	159101	1787255273526
C:\Users\natha\Projects\boyd-clips\research\reference\court-trials-tv\subs\8HXTHDAYMkQ.en-orig.vtt	204196	1787255546706
C:\Users\natha\Projects\boyd-clips\research\reference\court-trials-tv\subs\8HXTHDAYMkQ.en.vtt	204196	1787255546786
C:\Users\natha\Projects\boyd-clips\research\reference\court-trials-tv\subs\8fdkVqkAW74.en-orig.vtt	156946	1787255733515
C:\Users\natha\Projects\boyd-clips\research\reference\court-trials-tv\subs\8fdkVqkAW74.en.vtt	156946	1787255733799
C:\Users\natha\Projects\boyd-clips\research\reference\court-trials-tv\subs\8szdGoEYD9Y.en-orig.vtt	135699	1787256382555
C:\Users\natha\Projects\boyd-clips\research\reference\court-trials-tv\subs\8szdGoEYD9Y.en.vtt	135699	1787256382702
C:\Users\natha\Projects\boyd-clips\research\reference\court-trials-tv\subs\9N3JInzWmW0.en-orig.vtt	135883	1787256527259
C:\Users\natha\Projects\boyd-clips\research\reference\court-trials-tv\subs\9N3JInzWmW0.en.vtt	135883	1787256527323
C:\Users\natha\Projects\boyd-clips\research\reference\court-trials-tv\subs\9ZEkjV5QCSk.en-orig.vtt	114095	1787256301365
C:\Users\natha\Projects\boyd-clips\research\reference\court-trials-tv\subs\9ZEkjV5QCSk.en.vtt	114095	1787256301457
C:\Users\natha\Projects\boyd-clips\research\reference\court-trials-tv\subs\A3j3HXj8VQU.en-orig.vtt	129834	1787255959843
C:\Users\natha\Projects\boyd-clips\research\reference\court-trials-tv\subs\A3j3HXj8VQU.en.vtt	129834	1787255959953
C:\Users\natha\Projects\boyd-clips\research\reference\court-trials-tv\subs\A4WM3Eahmwo.en-orig.vtt	170500	1787255863649
C:\Users\natha\Projects\boyd-clips\research\reference\court-trials-tv\subs\A4WM3Eahmwo.en.vtt	170500	1787255863759
C:\Users\natha\Projects\boyd-clips\research\reference\court-trials-tv\subs\AC0Bg4xgzaA.en-orig.vtt	113000	1787256297102
C:\Users\natha\Projects\boyd-clips\research\reference\court-trials-tv\subs\AC0Bg4xgzaA.en.vtt	113000	1787256297163
C:\Users\natha\Projects\boyd-clips\research\reference\court-trials-tv\subs\ALRovx2joU0.en-orig.vtt	154574	1787255224133
C:\Users\natha\Projects\boyd-clips\research\reference\court-trials-tv\subs\ALRovx2joU0.en.vtt	154574	1787255224315
C:\Users\natha\Projects\boyd-clips\research\reference\court-trials-tv\subs\AQs4MYc2fGE.en-orig.vtt	289674	1787255240633
C:\Users\natha\Projects\boyd-clips\research\reference\court-trials-tv\subs\AQs4MYc2fGE.en.vtt	289674	1787255240746
C:\Users\natha\Projects\boyd-clips\research\reference\court-trials-tv\subs\Allx065I9xc.en-orig.vtt	131532	1787256522983
C:\Users\natha\Projects\boyd-clips\research\reference\court-trials-tv\subs\Allx065I9xc.en.vtt	131532	1787256523051
C:\Users\natha\Projects\boyd-clips\research\reference\court-trials-tv\subs\BDcDX7GwQTk.en-orig.vtt	172761	1787255444217
C:\Users\natha\Projects\boyd-clips\research\reference\court-trials-tv\subs\BDcDX7GwQTk.en.vtt	172761	1787255444328
C:\Users\natha\Projects\boyd-clips\research\reference\court-trials-tv\subs\B_z3SG5X3dM.en-orig.vtt	99531	1787256305159
C:\Users\natha\Projects\boyd-clips\research\reference\court-trials-tv\subs\B_z3SG5X3dM.en.vtt	99531	1787256305211
C:\Users\natha\Projects\boyd-clips\research\reference\court-trials-tv\subs\BqeC3E80AI4.en-orig.vtt	292492	1787255419049
C:\Users\natha\Projects\boyd-clips\research\reference\court-trials-tv\subs\BqeC3E80AI4.en.vtt	292492	1787255419223
C:\Users\natha\Projects\boyd-clips\research\reference\court-trials-tv\subs\BuaEtBPYIdc.en-orig.vtt	128331	1787255584284
C:\Users\natha\Projects\boyd-clips\research\reference\court-trials-tv\subs\BuaEtBPYIdc.en.vtt	128331	1787255584493
C:\Users\natha\Projects\boyd-clips\research\reference\court-trials-tv\subs\CJSY0vf5XAg.en-orig.vtt	132401	1787255249034
C:\Users\natha\Projects\boyd-clips\research\reference\court-trials-tv\subs\CJSY0vf5XAg.en.vtt	132401	1787255249085
C:\Users\natha\Projects\boyd-clips\research\reference\court-trials-tv\subs\CNNrPUiQ8Vw.en-orig.vtt	158870	1787255342505
C:\Users\natha\Projects\boyd-clips\research\reference\court-trials-tv\subs\CNNrPUiQ8Vw.en.vtt	158870	1787255342574
C:\Users\natha\Projects\boyd-clips\research\reference\court-trials-tv\subs\C_4hgQ8Z3bk.en-orig.vtt	117323	1787255319220
C:\Users\natha\Projects\boyd-clips\research\reference\court-trials-tv\subs\C_4hgQ8Z3bk.en.vtt	117323	1787255319314
C:\Users\natha\Projects\boyd-clips\research\reference\court-trials-tv\subs\DFrLm4FD7kI.en-orig.vtt	152751	1787255533821
C:\Users\natha\Projects\boyd-clips\research\reference\court-trials-tv\subs\DFrLm4FD7kI.en.vtt	152751	1787255533941
C:\Users\natha\Projects\boyd-clips\research\reference\court-trials-tv\subs\DIF0ENDRAcI.en-orig.vtt	179288	1787255191967
C:\Users\natha\Projects\boyd-clips\research\reference\court-trials-tv\subs\DIF0ENDRAcI.en.vtt	179288	1787255192139
C:\Users\natha\Projects\boyd-clips\research\reference\court-trials-tv\subs\DXHQVnLNLeo.en-orig.vtt	157644	1787255596745
C:\Users\natha\Projects\boyd-clips\research\reference\court-trials-tv\subs\DXHQVnLNLeo.en.vtt	157644	1787255596840
C:\Users\natha\Projects\boyd-clips\research\reference\court-trials-tv\subs\D_h4Q2-NlvU.en-orig.vtt	192913	1787255358653
C:\Users\natha\Projects\boyd-clips\research\reference\court-trials-tv\subs\D_h4Q2-NlvU.en.vtt	192913	1787255358812
C:\Users\natha\Projects\boyd-clips\research\reference\court-trials-tv\subs\Do4IJ21KNsk.en-orig.vtt	85958	1787255992882
C:\Users\natha\Projects\boyd-clips\research\reference\court-trials-tv\subs\Do4IJ21KNsk.en.vtt	85958	1787255992933
C:\Users\natha\Projects\boyd-clips\research\reference\court-trials-tv\subs\E13hCo_Iae8.en-orig.vtt	103253	1787256244747
C:\Users\natha\Projects\boyd-clips\research\reference\court-trials-tv\subs\E13hCo_Iae8.en.vtt	103253	1787256244806
C:\Users\natha\Projects\boyd-clips\research\reference\court-trials-tv\subs\EC6hr7T8zto.en-orig.vtt	160653	1787255460397
C:\Users\natha\Projects\boyd-clips\research\reference\court-trials-tv\subs\EC6hr7T8zto.en.vtt	160653	1787255460493
C:\Users\natha\Projects\boyd-clips\research\reference\court-trials-tv\subs\EIXD_28I4-U.en-orig.vtt	171129	1787255600472
C:\Users\natha\Projects\boyd-clips\research\reference\court-trials-tv\subs\EIXD_28I4-U.en.vtt	171129	1787255600535
C:\Users\natha\Projects\boyd-clips\research\reference\court-trials-tv\subs\EJrFB9VKBNA.en-orig.vtt	128665	1787255298406
C:\Users\natha\Projects\boyd-clips\research\reference\court-trials-tv\subs\EJrFB9VKBNA.en.vtt	128665	1787255298558
C:\Users\natha\Projects\boyd-clips\research\reference\court-trials-tv\subs\ERVVJRdWhxY.en-orig.vtt	153501	1787255695731
C:\Users\natha\Projects\boyd-clips\research\reference\court-trials-tv\subs\ERVVJRdWhxY.en.vtt	153501	1787255695977
C:\Users\natha\Projects\boyd-clips\research\reference\court-trials-tv\subs\EjNjuFjJyaA.en-orig.vtt	122291	1787256137117
C:\Users\natha\Projects\boyd-clips\research\reference\court-trials-tv\subs\EjNjuFjJyaA.en.vtt	122291	1787256137175
C:\Users\natha\Projects\boyd-clips\research\reference\court-trials-tv\subs\F2iJoFm1cXQ.en-orig.vtt	116504	1787255704443
C:\Users\natha\Projects\boyd-clips\research\reference\court-trials-tv\subs\F2iJoFm1cXQ.en.vtt	116504	1787255704706
C:\Users\natha\Projects\boyd-clips\research\reference\court-trials-tv\subs\F3d91M3fAwg.en-orig.vtt	120972	1787255742180
C:\Users\natha\Projects\boyd-clips\research\reference\court-trials-tv\subs\F3d91M3fAwg.en.vtt	120972	1787255742293
C:\Users\natha\Projects\boyd-clips\research\reference\court-trials-tv\subs\FR979mQ9X0Q.en-orig.vtt	146407	1787255963590
C:\Users\natha\Projects\boyd-clips\research\reference\court-trials-tv\subs\FR979mQ9X0Q.en.vtt	146407	1787255963654
C:\Users\natha\Projects\boyd-clips\research\reference\court-trials-tv\subs\FZxcmChgvGA.en-orig.vtt	336886	1787255046612
C:\Users\natha\Projects\boyd-clips\research\reference\court-trials-tv\subs\FZxcmChgvGA.en.vtt	336886	1787255046689
C:\Users\natha\Projects\boyd-clips\research\reference\court-trials-tv\subs\Fd9wERCpRrY.en-orig.vtt	118096	1787256048691
C:\Users\natha\Projects\boyd-clips\research\reference\court-trials-tv\subs\Fd9wERCpRrY.en.vtt	118096	1787256048775
C:\Users\natha\Projects\boyd-clips\research\reference\court-trials-tv\subs\FlqIb3TOgn0.en-orig.vtt	122363	1787255567752
C:\Users\natha\Projects\boyd-clips\research\reference\court-trials-tv\subs\FlqIb3TOgn0.en.vtt	122363	1787255567852
C:\Users\natha\Projects\boyd-clips\research\reference\court-trials-tv\subs\FnGQE7Wy-no.en-orig.vtt	358375	1787255091653
C:\Users\natha\Projects\boyd-clips\research\reference\court-trials-tv\subs\FnGQE7Wy-no.en.vtt	358375	1787255091759
C:\Users\natha\Projects\boyd-clips\research\reference\court-trials-tv\subs\FwJ9C14IW9k.en-orig.vtt	137488	1787255951527
C:\Users\natha\Projects\boyd-clips\research\reference\court-trials-tv\subs\FwJ9C14IW9k.en.vtt	137488	1787255951584
C:\Users\natha\Projects\boyd-clips\research\reference\court-trials-tv\subs\GLGmyEh3448.en-orig.vtt	121063	1787255498937
C:\Users\natha\Projects\boyd-clips\research\reference\court-trials-tv\subs\GLGmyEh3448.en.vtt	121063	1787255499048
C:\Users\natha\Projects\boyd-clips\research\reference\court-trials-tv\subs\GWYLa9I7WGA.en-orig.vtt	150637	1787255399278
C:\Users\natha\Projects\boyd-clips\research\reference\court-trials-tv\subs\GWYLa9I7WGA.en.vtt	150637	1787255399392
C:\Users\natha\Projects\boyd-clips\research\reference\court-trials-tv\subs\GdNqGGvO1JY.en-orig.vtt	131463	1787256316775
C:\Users\natha\Projects\boyd-clips\research\reference\court-trials-tv\subs\GdNqGGvO1JY.en.vtt	131463	1787256316843
C:\Users\natha\Projects\boyd-clips\research\reference\court-trials-tv\subs\Gkm_Lb2ctpo.en-orig.vtt	152307	1787256212285
C:\Users\natha\Projects\boyd-clips\research\reference\court-trials-tv\subs\Gkm_Lb2ctpo.en.vtt	152307	1787256212346
C:\Users\natha\Projects\boyd-clips\research\reference\court-trials-tv\subs\Goxd0aCh-xQ.en-orig.vtt	97016	1787255639053
C:\Users\natha\Projects\boyd-clips\research\reference\court-trials-tv\subs\Goxd0aCh-xQ.en.vtt	97016	1787255639201
C:\Users\natha\Projects\boyd-clips\research\reference\court-trials-tv\subs\Gzv5E7NN7iU.en-orig.vtt	121093	1787256487556
C:\Users\natha\Projects\boyd-clips\research\reference\court-trials-tv\subs\Gzv5E7NN7iU.en.vtt	121093	1787256487611
C:\Users\natha\Projects\boyd-clips\research\reference\court-trials-tv\subs\H6EZuXmCU-M.en-orig.vtt	100358	1787256113643
C:\Users\natha\Projects\boyd-clips\research\reference\court-trials-tv\subs\H6EZuXmCU-M.en.vtt	100358	1787256113788
C:\Users\natha\Projects\boyd-clips\research\reference\court-trials-tv\subs\Hd1sgkadDz0.en-orig.vtt	84662	1787255383272
C:\Users\natha\Projects\boyd-clips\research\reference\court-trials-tv\subs\Hd1sgkadDz0.en.vtt	84662	1787255383316
C:\Users\natha\Projects\boyd-clips\research\reference\court-trials-tv\subs\Hvvlge2PQ7M.en-orig.vtt	98813	1787255784566
C:\Users\natha\Projects\boyd-clips\research\reference\court-trials-tv\subs\Hvvlge2PQ7M.en.vtt	98813	1787255784786
C:\Users\natha\Projects\boyd-clips\research\reference\court-trials-tv\subs\I3LrfQ2WC0c.en-orig.vtt	128568	1787255346493
C:\Users\natha\Projects\boyd-clips\research\reference\court-trials-tv\subs\I3LrfQ2WC0c.en.vtt	128568	1787255346602
C:\Users\natha\Projects\boyd-clips\research\reference\court-trials-tv\subs\I5uynEWVwD4.en-orig.vtt	165514	1787255483474
C:\Users\natha\Projects\boyd-clips\research\reference\court-trials-tv\subs\I5uynEWVwD4.en.vtt	165514	1787255483561
C:\Users\natha\Projects\boyd-clips\research\reference\court-trials-tv\subs\IEYe7z3wIQw.en-orig.vtt	107451	1787255651730
C:\Users\natha\Projects\boyd-clips\research\reference\court-trials-tv\subs\IEYe7z3wIQw.en.vtt	107451	1787255651786
C:\Users\natha\Projects\boyd-clips\research\reference\court-trials-tv\subs\IQBowS7z_Js.en-orig.vtt	183860	1787255709145
C:\Users\natha\Projects\boyd-clips\research\reference\court-trials-tv\subs\IQBowS7z_Js.en.vtt	183860	1787255709241
C:\Users\natha\Projects\boyd-clips\research\reference\court-trials-tv\subs\IyKVBeuqs_g.en-orig.vtt	105300	1787255053093
C:\Users\natha\Projects\boyd-clips\research\reference\court-trials-tv\subs\IyKVBeuqs_g.en.vtt	105300	1787255053217
C:\Users\natha\Projects\boyd-clips\research\reference\court-trials-tv\subs\J1y6vX_qbNs.en-orig.vtt	168944	1787255729354
C:\Users\natha\Projects\boyd-clips\research\reference\court-trials-tv\subs\J1y6vX_qbNs.en.vtt	168944	1787255729578
C:\Users\natha\Projects\boyd-clips\research\reference\court-trials-tv\subs\J2PBo3eJh6g.en-orig.vtt	181898	1787255691288
C:\Users\natha\Projects\boyd-clips\research\reference\court-trials-tv\subs\J2PBo3eJh6g.en.vtt	181898	1787255691451
C:\Users\natha\Projects\boyd-clips\research\reference\court-trials-tv\subs\J7Pz21ymZhw.en-orig.vtt	157862	1787255507276
C:\Users\natha\Projects\boyd-clips\research\reference\court-trials-tv\subs\J7Pz21ymZhw.en.vtt	157862	1787255507368
C:\Users\natha\Projects\boyd-clips\research\reference\court-trials-tv\subs\JPH0VyLQOds.en-orig.vtt	226130	1787255491220
C:\Users\natha\Projects\boyd-clips\research\reference\court-trials-tv\subs\JPH0VyLQOds.en.vtt	226130	1787255491292
C:\Users\natha\Projects\boyd-clips\research\reference\court-trials-tv\subs\Jo4ubG-vxq8.en-orig.vtt	90221	1787256321009
C:\Users\natha\Projects\boyd-clips\research\reference\court-trials-tv\subs\Jo4ubG-vxq8.en.vtt	90221	1787256321061
C:\Users\natha\Projects\boyd-clips\research\reference\court-trials-tv\subs\K1I9qPVVwEw.en-orig.vtt	165958	1787256125495
C:\Users\natha\Projects\boyd-clips\research\reference\court-trials-tv\subs\K1I9qPVVwEw.en.vtt	165958	1787256125559
C:\Users\natha\Projects\boyd-clips\research\reference\court-trials-tv\subs\K1pvGf6GS7U.en-orig.vtt	165454	1787255867902
C:\Users\natha\Projects\boyd-clips\research\reference\court-trials-tv\subs\K1pvGf6GS7U.en.vtt	165454	1787255867974
C:\Users\natha\Projects\boyd-clips\research\reference\court-trials-tv\subs\KAS7t_Uc5Lk.en-orig.vtt	93733	1787255066695
C:\Users\natha\Projects\boyd-clips\research\reference\court-trials-tv\subs\KAS7t_Uc5Lk.en.vtt	93733	1787255066761
C:\Users\natha\Projects\boyd-clips\research\reference\court-trials-tv\subs\KEiHh9CZL0E.en-orig.vtt	164620	1787255261235
C:\Users\natha\Projects\boyd-clips\research\reference\court-trials-tv\subs\KEiHh9CZL0E.en.vtt	164620	1787255261338
C:\Users\natha\Projects\boyd-clips\research\reference\court-trials-tv\subs\KN1M-a1yXtA.en-orig.vtt	163554	1787256069837
C:\Users\natha\Projects\boyd-clips\research\reference\court-trials-tv\subs\KN1M-a1yXtA.en.vtt	163554	1787256069912
C:\Users\natha\Projects\boyd-clips\research\reference\court-trials-tv\subs\KN3-3zWooTM.en-orig.vtt	134883	1787256423319
C:\Users\natha\Projects\boyd-clips\research\reference\court-trials-tv\subs\KN3-3zWooTM.en.vtt	134883	1787256423454
C:\Users\natha\Projects\boyd-clips\research\reference\court-trials-tv\subs\L16sWErI6Xs.en-orig.vtt	180436	1787255452901
C:\Users\natha\Projects\boyd-clips\research\reference\court-trials-tv\subs\L16sWErI6Xs.en.vtt	180436	1787255453062
C:\Users\natha\Projects\boyd-clips\research\reference\court-trials-tv\subs\L1FeeD-xxCk.en-orig.vtt	195996	1787255334968
C:\Users\natha\Projects\boyd-clips\research\reference\court-trials-tv\subs\L1FeeD-xxCk.en.vtt	195996	1787255335083
C:\Users\natha\Projects\boyd-clips\research\reference\court-trials-tv\subs\L1VVlkwaRoA.en-orig.vtt	104445	1787255806623
C:\Users\natha\Projects\boyd-clips\research\reference\court-trials-tv\subs\L1VVlkwaRoA.en.vtt	104445	1787255806858
C:\Users\natha\Projects\boyd-clips\research\reference\court-trials-tv\subs\LA1cfbCumVk.en-orig.vtt	156454	1787256109820
C:\Users\natha\Projects\boyd-clips\research\reference\court-trials-tv\subs\LA1cfbCumVk.en.vtt	156454	1787256109888
C:\Users\natha\Projects\boyd-clips\research\reference\court-trials-tv\subs\LBwAa_Y_YfA.en-orig.vtt	154406	1787255555027
C:\Users\natha\Projects\boyd-clips\research\reference\court-trials-tv\subs\LBwAa_Y_YfA.en.vtt	154406	1787255555089
C:\Users\natha\Projects\boyd-clips\research\reference\court-trials-tv\subs\LFjEr_63bUw.en-orig.vtt	101668	1787256057577
C:\Users\natha\Projects\boyd-clips\research\reference\court-trials-tv\subs\LFjEr_63bUw.en.vtt	101668	1787256057623
C:\Users\natha\Projects\boyd-clips\research\reference\court-trials-tv\subs\Lc8hBOpY5G8.en-orig.vtt	158228	1787255175917
C:\Users\natha\Projects\boyd-clips\research\reference\court-trials-tv\subs\Lc8hBOpY5G8.en.vtt	158228	1787255175983
C:\Users\natha\Projects\boyd-clips\research\reference\court-trials-tv\subs\LcHvYun733c.en-orig.vtt	101444	1787255538034
C:\Users\natha\Projects\boyd-clips\research\reference\court-trials-tv\subs\LcHvYun733c.en.vtt	101444	1787255538158
C:\Users\natha\Projects\boyd-clips\research\reference\court-trials-tv\subs\Lo7yPU4P5kU.en-orig.vtt	95605	1787256431024
C:\Users\natha\Projects\boyd-clips\research\reference\court-trials-tv\subs\Lo7yPU4P5kU.en.vtt	95605	1787256431078
C:\Users\natha\Projects\boyd-clips\research\reference\court-trials-tv\subs\MXUsYaPvChc.en-orig.vtt	71830	1787256333563
C:\Users\natha\Projects\boyd-clips\research\reference\court-trials-tv\subs\MXUsYaPvChc.en.vtt	71830	1787256333687
C:\Users\natha\Projects\boyd-clips\research\reference\court-trials-tv\subs\MjKi9vyUbio.en-orig.vtt	128254	1787256024807
C:\Users\natha\Projects\boyd-clips\research\reference\court-trials-tv\subs\MjKi9vyUbio.en.vtt	128254	1787256024861
C:\Users\natha\Projects\boyd-clips\research\reference\court-trials-tv\subs\MoG0PPZmyrc.en-orig.vtt	237284	1787255467755
C:\Users\natha\Projects\boyd-clips\research\reference\court-trials-tv\subs\MoG0PPZmyrc.en.vtt	237284	1787255467828
C:\Users\natha\Projects\boyd-clips\research\reference\court-trials-tv\subs\MsoeKYRykM0.en-orig.vtt	115668	1787256293045
C:\Users\natha\Projects\boyd-clips\research\reference\court-trials-tv\subs\MsoeKYRykM0.en.vtt	115668	1787256293096
C:\Users\natha\Projects\boyd-clips\research\reference\court-trials-tv\subs\MuuU3L6t-R4.en-orig.vtt	124068	1787255285542
C:\Users\natha\Projects\boyd-clips\research\reference\court-trials-tv\subs\MuuU3L6t-R4.en.vtt	124068	1787255285594
C:\Users\natha\Projects\boyd-clips\research\reference\court-trials-tv\subs\N34-oz6OIDw.en-orig.vtt	113610	1787255108835
C:\Users\natha\Projects\boyd-clips\research\reference\court-trials-tv\subs\N34-oz6OIDw.en.vtt	113610	1787255108898
C:\Users\natha\Projects\boyd-clips\research\reference\court-trials-tv\subs\NBfJM2EtoCU.en-orig.vtt	182755	1787256354373
C:\Users\natha\Projects\boyd-clips\research\reference\court-trials-tv\subs\NBfJM2EtoCU.en.vtt	182755	1787256354450
C:\Users\natha\Projects\boyd-clips\research\reference\court-trials-tv\subs\NCl7XLBDR0I.en-orig.vtt	148483	1787255464038
C:\Users\natha\Projects\boyd-clips\research\reference\court-trials-tv\subs\NCl7XLBDR0I.en.vtt	148483	1787255464145
C:\Users\natha\Projects\boyd-clips\research\reference\court-trials-tv\subs\NIfDekyr2Iw.en-orig.vtt	131741	1787256204522
C:\Users\natha\Projects\boyd-clips\research\reference\court-trials-tv\subs\NIfDekyr2Iw.en.vtt	131741	1787256204579
C:\Users\natha\Projects\boyd-clips\research\reference\court-trials-tv\subs\NcvZbFLOUnY.en-orig.vtt	183091	1787255387179
C:\Users\natha\Projects\boyd-clips\research\reference\court-trials-tv\subs\NcvZbFLOUnY.en.vtt	183091	1787255387238
C:\Users\natha\Projects\boyd-clips\research\reference\court-trials-tv\subs\NrNnwofBIik.en-orig.vtt	186278	1787256325155
C:\Users\natha\Projects\boyd-clips\research\reference\court-trials-tv\subs\NrNnwofBIik.en.vtt	186278	1787256325307
C:\Users\natha\Projects\boyd-clips\research\reference\court-trials-tv\subs\NyD8DBOd5_M.en-orig.vtt	220267	1787255579587
C:\Users\natha\Projects\boyd-clips\research\reference\court-trials-tv\subs\NyD8DBOd5_M.en.vtt	220267	1787255579655
C:\Users\natha\Projects\boyd-clips\research\reference\court-trials-tv\subs\O2Ti7oyNx9Y.en-orig.vtt	294160	1787255440337
C:\Users\natha\Projects\boyd-clips\research\reference\court-trials-tv\subs\O2Ti7oyNx9Y.en.vtt	294160	1787255440475
C:\Users\natha\Projects\boyd-clips\research\reference\court-trials-tv\subs\O9IIp6S7Yf4.en-orig.vtt	115333	1787255780266
C:\Users\natha\Projects\boyd-clips\research\reference\court-trials-tv\subs\O9IIp6S7Yf4.en.vtt	115333	1787255780319
C:\Users\natha\Projects\boyd-clips\research\reference\court-trials-tv\subs\OA71hpEqIFs.en-orig.vtt	166903	1787256016655
C:\Users\natha\Projects\boyd-clips\research\reference\court-trials-tv\subs\OA71hpEqIFs.en.vtt	166903	1787256016716
C:\Users\natha\Projects\boyd-clips\research\reference\court-trials-tv\subs\ODr42TErtKA.en-orig.vtt	344730	1787255997160
C:\Users\natha\Projects\boyd-clips\research\reference\court-trials-tv\subs\ODr42TErtKA.en.vtt	344730	1787255997258
C:\Users\natha\Projects\boyd-clips\research\reference\court-trials-tv\subs\OE8w0ddOpMg.en-orig.vtt	103485	1787255919403
C:\Users\natha\Projects\boyd-clips\research\reference\court-trials-tv\subs\OE8w0ddOpMg.en.vtt	103485	1787255919506
C:\Users\natha\Projects\boyd-clips\research\reference\court-trials-tv\subs\Obehk3ALYoU.en-orig.vtt	150313	1787255764271
C:\Users\natha\Projects\boyd-clips\research\reference\court-trials-tv\subs\Obehk3ALYoU.en.vtt	150313	1787255764417
C:\Users\natha\Projects\boyd-clips\research\reference\court-trials-tv\subs\P7q2r4INMbE.en-orig.vtt	149689	1787255136605
C:\Users\natha\Projects\boyd-clips\research\reference\court-trials-tv\subs\P7q2r4INMbE.en.vtt	149689	1787255136678
C:\Users\natha\Projects\boyd-clips\research\reference\court-trials-tv\subs\P8nRKxTTeKk.en-orig.vtt	127317	1787255980511
C:\Users\natha\Projects\boyd-clips\research\reference\court-trials-tv\subs\P8nRKxTTeKk.en.vtt	127317	1787255980614
C:\Users\natha\Projects\boyd-clips\research\reference\court-trials-tv\subs\PJEE2CY3gtY.en-orig.vtt	183217	1787255265479
C:\Users\natha\Projects\boyd-clips\research\reference\court-trials-tv\subs\PJEE2CY3gtY.en.vtt	183217	1787255265593
C:\Users\natha\Projects\boyd-clips\research\reference\court-trials-tv\subs\PStxNEv61eA.en-orig.vtt	171310	1787256370654
C:\Users\natha\Projects\boyd-clips\research\reference\court-trials-tv\subs\PStxNEv61eA.en.vtt	171310	1787256370712
C:\Users\natha\Projects\boyd-clips\research\reference\court-trials-tv\subs\P_DUR5ZzK-0.en-orig.vtt	135894	1787256020422
C:\Users\natha\Projects\boyd-clips\research\reference\court-trials-tv\subs\P_DUR5ZzK-0.en.vtt	135894	1787256020517
C:\Users\natha\Projects\boyd-clips\research\reference\court-trials-tv\subs\PeJ725_gcyc.en-orig.vtt	98302	1787256141378
C:\Users\natha\Projects\boyd-clips\research\reference\court-trials-tv\subs\PeJ725_gcyc.en.vtt	98302	1787256141553
C:\Users\natha\Projects\boyd-clips\research\reference\court-trials-tv\subs\Pg0jNakyM0Q.en-orig.vtt	190725	1787255759668
C:\Users\natha\Projects\boyd-clips\research\reference\court-trials-tv\subs\Pg0jNakyM0Q.en.vtt	190725	1787255759899
C:\Users\natha\Projects\boyd-clips\research\reference\court-trials-tv\subs\PjNAmoQIG4g.en-orig.vtt	162305	1787255411371
C:\Users\natha\Projects\boyd-clips\research\reference\court-trials-tv\subs\PjNAmoQIG4g.en.vtt	162305	1787255411511
C:\Users\natha\Projects\boyd-clips\research\reference\court-trials-tv\subs\PxZPCaCUeXk.en-orig.vtt	42691	1787256447524
C:\Users\natha\Projects\boyd-clips\research\reference\court-trials-tv\subs\PxZPCaCUeXk.en.vtt	42691	1787256447566
C:\Users\natha\Projects\boyd-clips\research\reference\court-trials-tv\subs\Q8jKhSNRUmw.en-orig.vtt	244149	1787255310987
C:\Users\natha\Projects\boyd-clips\research\reference\court-trials-tv\subs\Q8jKhSNRUmw.en.vtt	244149	1787255311122
C:\Users\natha\Projects\boyd-clips\research\reference\court-trials-tv\subs\QNa0dMYpe3s.en-orig.vtt	118637	1787255915539
C:\Users\natha\Projects\boyd-clips\research\reference\court-trials-tv\subs\QNa0dMYpe3s.en.vtt	118637	1787255915597
C:\Users\natha\Projects\boyd-clips\research\reference\court-trials-tv\subs\QQVzS1YWwDU.en-orig.vtt	147590	1787255281472
C:\Users\natha\Projects\boyd-clips\research\reference\court-trials-tv\subs\QQVzS1YWwDU.en.vtt	147590	1787255281531
C:\Users\natha\Projects\boyd-clips\research\reference\court-trials-tv\subs\QsfuxparsZI.en-orig.vtt	178977	1787255939149
C:\Users\natha\Projects\boyd-clips\research\reference\court-trials-tv\subs\QsfuxparsZI.en.vtt	178977	1787255939214
C:\Users\natha\Projects\boyd-clips\research\reference\court-trials-tv\subs\R6tVW2OUsL8.en-orig.vtt	48931	1787256220656
C:\Users\natha\Projects\boyd-clips\research\reference\court-trials-tv\subs\R6tVW2OUsL8.en.vtt	48931	1787256220703
C:\Users\natha\Projects\boyd-clips\research\reference\court-trials-tv\subs\RQvaYbchvMg.en-orig.vtt	154120	1787255294041
C:\Users\natha\Projects\boyd-clips\research\reference\court-trials-tv\subs\RQvaYbchvMg.en.vtt	154120	1787255294145
C:\Users\natha\Projects\boyd-clips\research\reference\court-trials-tv\subs\RnFCoD_5gLo.en-orig.vtt	126996	1787256386710
C:\Users\natha\Projects\boyd-clips\research\reference\court-trials-tv\subs\RnFCoD_5gLo.en.vtt	126996	1787256386760
C:\Users\natha\Projects\boyd-clips\research\reference\court-trials-tv\subs\RxOoRZ3z47A.en-orig.vtt	199735	1787255244784
C:\Users\natha\Projects\boyd-clips\research\reference\court-trials-tv\subs\RxOoRZ3z47A.en.vtt	199735	1787255244894
C:\Users\natha\Projects\boyd-clips\research\reference\court-trials-tv\subs\Rxz8qzfsgT4.en-orig.vtt	72495	1787256187904
C:\Users\natha\Projects\boyd-clips\research\reference\court-trials-tv\subs\Rxz8qzfsgT4.en.vtt	72495	1787256187954
C:\Users\natha\Projects\boyd-clips\research\reference\court-trials-tv\subs\S3wWiJuvwdE.en-orig.vtt	154309	1787255456525
C:\Users\natha\Projects\boyd-clips\research\reference\court-trials-tv\subs\S3wWiJuvwdE.en.vtt	154309	1787255456591
C:\Users\natha\Projects\boyd-clips\research\reference\court-trials-tv\subs\SFTws1ZCF0U.en-orig.vtt	168121	1787255152733
C:\Users\natha\Projects\boyd-clips\research\reference\court-trials-tv\subs\SFTws1ZCF0U.en.vtt	168121	1787255152794
C:\Users\natha\Projects\boyd-clips\research\reference\court-trials-tv\subs\SeuCUjtKRDU.en-orig.vtt	85845	1787256463822
C:\Users\natha\Projects\boyd-clips\research\reference\court-trials-tv\subs\SeuCUjtKRDU.en.vtt	85845	1787256463876
C:\Users\natha\Projects\boyd-clips\research\reference\court-trials-tv\subs\SfGzsKBbZ_g.en-orig.vtt	168018	1787255511067
C:\Users\natha\Projects\boyd-clips\research\reference\court-trials-tv\subs\SfGzsKBbZ_g.en.vtt	168018	1787255511183
C:\Users\natha\Projects\boyd-clips\research\reference\court-trials-tv\subs\SkwoLZxCB3k.en-orig.vtt	132991	1787255116600
C:\Users\natha\Projects\boyd-clips\research\reference\court-trials-tv\subs\SkwoLZxCB3k.en.vtt	132991	1787255116654
C:\Users\natha\Projects\boyd-clips\research\reference\court-trials-tv\subs\Sr-uY0_9Lxw.en-orig.vtt	139318	1787256519287
C:\Users\natha\Projects\boyd-clips\research\reference\court-trials-tv\subs\Sr-uY0_9Lxw.en.vtt	139318	1787256519351
C:\Users\natha\Projects\boyd-clips\research\reference\court-trials-tv\subs\SuqCPvbeocA.en-orig.vtt	218012	1787256191876
C:\Users\natha\Projects\boyd-clips\research\reference\court-trials-tv\subs\SuqCPvbeocA.en.vtt	218012	1787256191968
C:\Users\natha\Projects\boyd-clips\research\reference\court-trials-tv\subs\SyoYVXQJ7e4.en-orig.vtt	82773	1787255378255
C:\Users\natha\Projects\boyd-clips\research\reference\court-trials-tv\subs\SyoYVXQJ7e4.en.vtt	82773	1787255378359
C:\Users\natha\Projects\boyd-clips\research\reference\court-trials-tv\subs\T2LeqYY2TIY.en-orig.vtt	140094	1787255955369
C:\Users\natha\Projects\boyd-clips\research\reference\court-trials-tv\subs\T2LeqYY2TIY.en.vtt	140094	1787255955428
C:\Users\natha\Projects\boyd-clips\research\reference\court-trials-tv\subs\TDdjPCLVpYM.en-orig.vtt	110968	1787256032527
C:\Users\natha\Projects\boyd-clips\research\reference\court-trials-tv\subs\TDdjPCLVpYM.en.vtt	110968	1787256032578
C:\Users\natha\Projects\boyd-clips\research\reference\court-trials-tv\subs\TQKc5RPN1V8.en-orig.vtt	153599	1787255522614
C:\Users\natha\Projects\boyd-clips\research\reference\court-trials-tv\subs\TQKc5RPN1V8.en.vtt	153599	1787255522672
C:\Users\natha\Projects\boyd-clips\research\reference\court-trials-tv\subs\TZDabVEMZDg.en-orig.vtt	133342	1787255608128
C:\Users\natha\Projects\boyd-clips\research\reference\court-trials-tv\subs\TZDabVEMZDg.en.vtt	133342	1787255608193
C:\Users\natha\Projects\boyd-clips\research\reference\court-trials-tv\subs\TuZPOxnLSuY.en-orig.vtt	123574	1787255717276
C:\Users\natha\Projects\boyd-clips\research\reference\court-trials-tv\subs\TuZPOxnLSuY.en.vtt	123574	1787255717536
C:\Users\natha\Projects\boyd-clips\research\reference\court-trials-tv\subs\U3m8tW6wZFY.en-orig.vtt	260449	1787255083406
C:\Users\natha\Projects\boyd-clips\research\reference\court-trials-tv\subs\U3m8tW6wZFY.en.vtt	260449	1787255083568
C:\Users\natha\Projects\boyd-clips\research\reference\court-trials-tv\subs\UE4ND2XfFJo.en-orig.vtt	135105	1787256117661
C:\Users\natha\Projects\boyd-clips\research\reference\court-trials-tv\subs\UE4ND2XfFJo.en.vtt	135105	1787256117728
C:\Users\natha\Projects\boyd-clips\research\reference\court-trials-tv\subs\UWvTN98FWEQ.en-orig.vtt	85511	1787256097658
C:\Users\natha\Projects\boyd-clips\research\reference\court-trials-tv\subs\UWvTN98FWEQ.en.vtt	85511	1787256097714
C:\Users\natha\Projects\boyd-clips\research\reference\court-trials-tv\subs\UXZgzJFCp0M.en-orig.vtt	105548	1787255529985
C:\Users\natha\Projects\boyd-clips\research\reference\court-trials-tv\subs\UXZgzJFCp0M.en.vtt	105548	1787255530040
C:\Users\natha\Projects\boyd-clips\research\reference\court-trials-tv\subs\UZGxS7JoZXw.en-orig.vtt	78930	1787256515188
C:\Users\natha\Projects\boyd-clips\research\reference\court-trials-tv\subs\UZGxS7JoZXw.en.vtt	78930	1787256515241
C:\Users\natha\Projects\boyd-clips\research\reference\court-trials-tv\subs\U_wbRgrdtRM.en-orig.vtt	99740	1787256261021
C:\Users\natha\Projects\boyd-clips\research\reference\court-trials-tv\subs\U_wbRgrdtRM.en.vtt	99740	1787256261079
C:\Users\natha\Projects\boyd-clips\research\reference\court-trials-tv\subs\Ua2N6mjnR30.en-orig.vtt	406543	1787255354904
C:\Users\natha\Projects\boyd-clips\research\reference\court-trials-tv\subs\Ua2N6mjnR30.en.vtt	406543	1787255355073
C:\Users\natha\Projects\boyd-clips\research\reference\court-trials-tv\subs\Ur4K2SpzWyc.en-orig.vtt	132163	1787255362592
C:\Users\natha\Projects\boyd-clips\research\reference\court-trials-tv\subs\Ur4K2SpzWyc.en.vtt	132163	1787255362679
C:\Users\natha\Projects\boyd-clips\research\reference\court-trials-tv\subs\V6xf6prM7Dw.en-orig.vtt	92029	1787256308856
C:\Users\natha\Projects\boyd-clips\research\reference\court-trials-tv\subs\V6xf6prM7Dw.en.vtt	92029	1787256308947
C:\Users\natha\Projects\boyd-clips\research\reference\court-trials-tv\subs\V8FNnscNvM4.en-orig.vtt	113164	1787255672755
C:\Users\natha\Projects\boyd-clips\research\reference\court-trials-tv\subs\V8FNnscNvM4.en.vtt	113164	1787255672862
C:\Users\natha\Projects\boyd-clips\research\reference\court-trials-tv\subs\VE3VOKFcsZM.en-orig.vtt	118863	1787256146210
C:\Users\natha\Projects\boyd-clips\research\reference\court-trials-tv\subs\VE3VOKFcsZM.en.vtt	118863	1787256146275
C:\Users\natha\Projects\boyd-clips\research\reference\court-trials-tv\subs\VFcKnWC4c78.en-orig.vtt	109286	1787256410853
C:\Users\natha\Projects\boyd-clips\research\reference\court-trials-tv\subs\VFcKnWC4c78.en.vtt	109286	1787256410910
C:\Users\natha\Projects\boyd-clips\research\reference\court-trials-tv\subs\VVaH8F4Dx-c.en-orig.vtt	74964	1787255592474
C:\Users\natha\Projects\boyd-clips\research\reference\court-trials-tv\subs\VVaH8F4Dx-c.en.vtt	74964	1787255592571
C:\Users\natha\Projects\boyd-clips\research\reference\court-trials-tv\subs\VqeHkfsjbLc.en-orig.vtt	102079	1787255984288
C:\Users\natha\Projects\boyd-clips\research\reference\court-trials-tv\subs\VqeHkfsjbLc.en.vtt	102079	1787255984337
C:\Users\natha\Projects\boyd-clips\research\reference\court-trials-tv\subs\VrMgR-x7wI8.en-orig.vtt	182574	1787256288957
C:\Users\natha\Projects\boyd-clips\research\reference\court-trials-tv\subs\VrMgR-x7wI8.en.vtt	182574	1787256289024
C:\Users\natha\Projects\boyd-clips\research\reference\court-trials-tv\subs\Vt2KUzEV7NQ.en-orig.vtt	166651	1787255619750
C:\Users\natha\Projects\boyd-clips\research\reference\court-trials-tv\subs\Vt2KUzEV7NQ.en.vtt	166651	1787255619833
C:\Users\natha\Projects\boyd-clips\research\reference\court-trials-tv\subs\Vz48gPrhLco.en-orig.vtt	95417	1787256345934
C:\Users\natha\Projects\boyd-clips\research\reference\court-trials-tv\subs\Vz48gPrhLco.en.vtt	95417	1787256345984
C:\Users\natha\Projects\boyd-clips\research\reference\court-trials-tv\subs\W0PEd_T2BNo.en-orig.vtt	128462	1787256167465
C:\Users\natha\Projects\boyd-clips\research\reference\court-trials-tv\subs\W0PEd_T2BNo.en.vtt	128462	1787256167563
C:\Users\natha\Projects\boyd-clips\research\reference\court-trials-tv\subs\WA_hcaOwyJg.en-orig.vtt	131732	1787255471630
C:\Users\natha\Projects\boyd-clips\research\reference\court-trials-tv\subs\WA_hcaOwyJg.en.vtt	131732	1787255471787
C:\Users\natha\Projects\boyd-clips\research\reference\court-trials-tv\subs\WBfZ5t8ZtAk.en-orig.vtt	96397	1787256491888
C:\Users\natha\Projects\boyd-clips\research\reference\court-trials-tv\subs\WBfZ5t8ZtAk.en.vtt	96397	1787256491936
C:\Users\natha\Projects\boyd-clips\research\reference\court-trials-tv\subs\WHFkHMi-Vus.en-orig.vtt	136294	1787255495057
C:\Users\natha\Projects\boyd-clips\research\reference\court-trials-tv\subs\WHFkHMi-Vus.en.vtt	136294	1787255495112
C:\Users\natha\Projects\boyd-clips\research\reference\court-trials-tv\subs\WeuMu5Ds-HI.en-orig.vtt	120815	1787256171328
C:\Users\natha\Projects\boyd-clips\research\reference\court-trials-tv\subs\WeuMu5Ds-HI.en.vtt	120815	1787256171384
C:\Users\natha\Projects\boyd-clips\research\reference\court-trials-tv\subs\WptPvvhXVc4.en-orig.vtt	149500	1787256265006
C:\Users\natha\Projects\boyd-clips\research\reference\court-trials-tv\subs\WptPvvhXVc4.en.vtt	149500	1787256265077
C:\Users\natha\Projects\boyd-clips\research\reference\court-trials-tv\subs\WrtK2s8_o10.en-orig.vtt	168526	1787256374782
C:\Users\natha\Projects\boyd-clips\research\reference\court-trials-tv\subs\WrtK2s8_o10.en.vtt	168526	1787256374855
C:\Users\natha\Projects\boyd-clips\research\reference\court-trials-tv\subs\WtqZUCx8Q2A.en-orig.vtt	141055	1787255875819
C:\Users\natha\Projects\boyd-clips\research\reference\court-trials-tv\subs\WtqZUCx8Q2A.en.vtt	141055	1787255876096
C:\Users\natha\Projects\boyd-clips\research\reference\court-trials-tv\subs\WzphuYBfhJk.en-orig.vtt	137746	1787256341734
C:\Users\natha\Projects\boyd-clips\research\reference\court-trials-tv\subs\WzphuYBfhJk.en.vtt	137746	1787256341881
C:\Users\natha\Projects\boyd-clips\research\reference\court-trials-tv\subs\X0XG47A2FWw.en-orig.vtt	195386	1787256009210
C:\Users\natha\Projects\boyd-clips\research\reference\court-trials-tv\subs\X0XG47A2FWw.en.vtt	195386	1787256009278
C:\Users\natha\Projects\boyd-clips\research\reference\court-trials-tv\subs\X1AhsZGV6YY.en-orig.vtt	143322	1787255196169
C:\Users\natha\Projects\boyd-clips\research\reference\court-trials-tv\subs\X1AhsZGV6YY.en.vtt	143322	1787255196281
C:\Users\natha\Projects\boyd-clips\research\reference\court-trials-tv\subs\X8Kt4oH--Lk.en-orig.vtt	124858	1787256028803
C:\Users\natha\Projects\boyd-clips\research\reference\court-trials-tv\subs\X8Kt4oH--Lk.en.vtt	124858	1787256028861
C:\Users\natha\Projects\boyd-clips\research\reference\court-trials-tv\subs\XMWksBIktv4.en-orig.vtt	292112	1787255850942
C:\Users\natha\Projects\boyd-clips\research\reference\court-trials-tv\subs\XMWksBIktv4.en.vtt	292112	1787255851050
C:\Users\natha\Projects\boyd-clips\research\reference\court-trials-tv\subs\XpJ7JLhGYo8.en-orig.vtt	103758	1787255315155
C:\Users\natha\Projects\boyd-clips\research\reference\court-trials-tv\subs\XpJ7JLhGYo8.en.vtt	103758	1787255315207
C:\Users\natha\Projects\boyd-clips\research\reference\court-trials-tv\subs\XpbF9kmOAXk.en-orig.vtt	190238	1787255128395
C:\Users\natha\Projects\boyd-clips\research\reference\court-trials-tv\subs\XpbF9kmOAXk.en.vtt	190238	1787255128465
C:\Users\natha\Projects\boyd-clips\research\reference\court-trials-tv\subs\XqpqC1d5Kos.en-orig.vtt	114149	1787256036983
C:\Users\natha\Projects\boyd-clips\research\reference\court-trials-tv\subs\XqpqC1d5Kos.en.vtt	114149	1787256037034
C:\Users\natha\Projects\boyd-clips\research\reference\court-trials-tv\subs\YLem7E03hUQ.en-orig.vtt	196163	1787255793507
C:\Users\natha\Projects\boyd-clips\research\reference\court-trials-tv\subs\YLem7E03hUQ.en.vtt	196163	1787255793747
C:\Users\natha\Projects\boyd-clips\research\reference\court-trials-tv\subs\Yj7c4USdLYc.en-orig.vtt	126538	1787255403587
C:\Users\natha\Projects\boyd-clips\research\reference\court-trials-tv\subs\Yj7c4USdLYc.en.vtt	126538	1787255403681
C:\Users\natha\Projects\boyd-clips\research\reference\court-trials-tv\subs\Z5sqfsbAAyU.en-orig.vtt	134705	1787255834284
C:\Users\natha\Projects\boyd-clips\research\reference\court-trials-tv\subs\Z5sqfsbAAyU.en.vtt	134705	1787255834522
C:\Users\natha\Projects\boyd-clips\research\reference\court-trials-tv\subs\ZEFYo0N_19g.en-orig.vtt	68240	1787256443639
C:\Users\natha\Projects\boyd-clips\research\reference\court-trials-tv\subs\ZEFYo0N_19g.en.vtt	68240	1787256443700
C:\Users\natha\Projects\boyd-clips\research\reference\court-trials-tv\subs\ZV0chyScJv8.en-orig.vtt	122831	1787255407611
C:\Users\natha\Projects\boyd-clips\research\reference\court-trials-tv\subs\ZV0chyScJv8.en.vtt	122831	1787255407664
C:\Users\natha\Projects\boyd-clips\research\reference\court-trials-tv\subs\ZVHMIAJCcLk.en-orig.vtt	106527	1787256053263
C:\Users\natha\Projects\boyd-clips\research\reference\court-trials-tv\subs\ZVHMIAJCcLk.en.vtt	106527	1787256053315
C:\Users\natha\Projects\boyd-clips\research\reference\court-trials-tv\subs\ZoSSASBawKo.en-orig.vtt	276874	1787255542258
C:\Users\natha\Projects\boyd-clips\research\reference\court-trials-tv\subs\ZoSSASBawKo.en.vtt	276874	1787255542338
C:\Users\natha\Projects\boyd-clips\research\reference\court-trials-tv\subs\ZqVUj_iINK4.en-orig.vtt	127303	1787255972183
C:\Users\natha\Projects\boyd-clips\research\reference\court-trials-tv\subs\ZqVUj_iINK4.en.vtt	127303	1787255972245
C:\Users\natha\Projects\boyd-clips\research\reference\court-trials-tv\subs\_2WLgHSoQp8.en-orig.vtt	88508	1787255049675
C:\Users\natha\Projects\boyd-clips\research\reference\court-trials-tv\subs\_2WLgHSoQp8.en.vtt	88508	1787255049723
C:\Users\natha\Projects\boyd-clips\research\reference\court-trials-tv\subs\_2bWvViNisQ.en-orig.vtt	191547	1787255144786
C:\Users\natha\Projects\boyd-clips\research\reference\court-trials-tv\subs\_2bWvViNisQ.en.vtt	191547	1787255144862
C:\Users\natha\Projects\boyd-clips\research\reference\court-trials-tv\subs\_4YKMVb0R_M.en-orig.vtt	103112	1787255071020
C:\Users\natha\Projects\boyd-clips\research\reference\court-trials-tv\subs\_4YKMVb0R_M.en.vtt	103112	1787255071074
C:\Users\natha\Projects\boyd-clips\research\reference\court-trials-tv\subs\_79OSn_7ElM.en-orig.vtt	253054	1787255220292
C:\Users\natha\Projects\boyd-clips\research\reference\court-trials-tv\subs\_79OSn_7ElM.en.vtt	253054	1787255220414
C:\Users\natha\Projects\boyd-clips\research\reference\court-trials-tv\subs\_7O3DgVFbLA.en-orig.vtt	89484	1787256232700
C:\Users\natha\Projects\boyd-clips\research\reference\court-trials-tv\subs\_7O3DgVFbLA.en.vtt	89484	1787256232761
C:\Users\natha\Projects\boyd-clips\research\reference\court-trials-tv\subs\_D6D4iB7O5A.en-orig.vtt	136374	1787255200180
C:\Users\natha\Projects\boyd-clips\research\reference\court-trials-tv\subs\_D6D4iB7O5A.en.vtt	136374	1787255200421
C:\Users\natha\Projects\boyd-clips\research\reference\court-trials-tv\subs\_G_FmwsavpU.en-orig.vtt	194814	1787255931047
C:\Users\natha\Projects\boyd-clips\research\reference\court-trials-tv\subs\_G_FmwsavpU.en.vtt	194814	1787255931110
C:\Users\natha\Projects\boyd-clips\research\reference\court-trials-tv\subs\_L0Ax4WoZ-A.en-orig.vtt	169207	1787256435201
C:\Users\natha\Projects\boyd-clips\research\reference\court-trials-tv\subs\_L0Ax4WoZ-A.en.vtt	169207	1787256435263
C:\Users\natha\Projects\boyd-clips\research\reference\court-trials-tv\subs\_MoRBtRYKFo.en-orig.vtt	226843	1787255132161
C:\Users\natha\Projects\boyd-clips\research\reference\court-trials-tv\subs\_MoRBtRYKFo.en.vtt	226843	1787255132233
C:\Users\natha\Projects\boyd-clips\research\reference\court-trials-tv\subs\_THi82mEuOA.en-orig.vtt	180646	1787256248967
C:\Users\natha\Projects\boyd-clips\research\reference\court-trials-tv\subs\_THi82mEuOA.en.vtt	180646	1787256249028
C:\Users\natha\Projects\boyd-clips\research\reference\court-trials-tv\subs\_W0YiHjsLkA.en-orig.vtt	175429	1787255269268
C:\Users\natha\Projects\boyd-clips\research\reference\court-trials-tv\subs\_W0YiHjsLkA.en.vtt	175429	1787255269344
C:\Users\natha\Projects\boyd-clips\research\reference\court-trials-tv\subs\_i03dP7mS64.en-orig.vtt	88005	1787256101640
C:\Users\natha\Projects\boyd-clips\research\reference\court-trials-tv\subs\_i03dP7mS64.en.vtt	88005	1787256101703
C:\Users\natha\Projects\boyd-clips\research\reference\court-trials-tv\subs\_mKYNDOEl58.en-orig.vtt	240700	1787256001205
C:\Users\natha\Projects\boyd-clips\research\reference\court-trials-tv\subs\_mKYNDOEl58.en.vtt	240700	1787256001312
C:\Users\natha\Projects\boyd-clips\research\reference\court-trials-tv\subs\_t2ynLAcpRE.en-orig.vtt	148688	1787255228265
C:\Users\natha\Projects\boyd-clips\research\reference\court-trials-tv\subs\_t2ynLAcpRE.en.vtt	148688	1787255228443
C:\Users\natha\Projects\boyd-clips\research\reference\court-trials-tv\subs\a560ohd_i8c.en-orig.vtt	109469	1787256507550
C:\Users\natha\Projects\boyd-clips\research\reference\court-trials-tv\subs\a560ohd_i8c.en.vtt	109469	1787256507604
C:\Users\natha\Projects\boyd-clips\research\reference\court-trials-tv\subs\a9Ua9TMU2fo.en-orig.vtt	135784	1787256200812
C:\Users\natha\Projects\boyd-clips\research\reference\court-trials-tv\subs\a9Ua9TMU2fo.en.vtt	135784	1787256201038
C:\Users\natha\Projects\boyd-clips\research\reference\court-trials-tv\subs\aWClE4Qx_jA.en-orig.vtt	186298	1787255660258
C:\Users\natha\Projects\boyd-clips\research\reference\court-trials-tv\subs\aWClE4Qx_jA.en.vtt	186298	1787255660561
C:\Users\natha\Projects\boyd-clips\research\reference\court-trials-tv\subs\ahpkzbilFMA.en-orig.vtt	211274	1787255289986
C:\Users\natha\Projects\boyd-clips\research\reference\court-trials-tv\subs\ahpkzbilFMA.en.vtt	211274	1787255290144
C:\Users\natha\Projects\boyd-clips\research\reference\court-trials-tv\subs\avBzUscjfqM.en-orig.vtt	127658	1787256363092
C:\Users\natha\Projects\boyd-clips\research\reference\court-trials-tv\subs\avBzUscjfqM.en.vtt	127658	1787256363159
C:\Users\natha\Projects\boyd-clips\research\reference\court-trials-tv\subs\b61pGquffio.en-orig.vtt	292008	1787256196269
C:\Users\natha\Projects\boyd-clips\research\reference\court-trials-tv\subs\b61pGquffio.en.vtt	292008	1787256196439
C:\Users\natha\Projects\boyd-clips\research\reference\court-trials-tv\subs\b9Z7m_Jwtng.en-orig.vtt	155329	1787255895661
C:\Users\natha\Projects\boyd-clips\research\reference\court-trials-tv\subs\b9Z7m_Jwtng.en.vtt	155329	1787255895830
C:\Users\natha\Projects\boyd-clips\research\reference\court-trials-tv\subs\bOgTc5euXnE.en-orig.vtt	215441	1787255179708
C:\Users\natha\Projects\boyd-clips\research\reference\court-trials-tv\subs\bOgTc5euXnE.en.vtt	215441	1787255179836
C:\Users\natha\Projects\boyd-clips\research\reference\court-trials-tv\subs\bYe1uxg4Uzk.en-orig.vtt	106296	1787255842791
C:\Users\natha\Projects\boyd-clips\research\reference\court-trials-tv\subs\bYe1uxg4Uzk.en.vtt	106296	1787255843018
C:\Users\natha\Projects\boyd-clips\research\reference\court-trials-tv\subs\bdcamaoOrLc.en-orig.vtt	109866	1787256499910
C:\Users\natha\Projects\boyd-clips\research\reference\court-trials-tv\subs\bdcamaoOrLc.en.vtt	109866	1787256499963
C:\Users\natha\Projects\boyd-clips\research\reference\court-trials-tv\subs\bk6B2IzeoR0.en-orig.vtt	152547	1787256061294
C:\Users\natha\Projects\boyd-clips\research\reference\court-trials-tv\subs\bk6B2IzeoR0.en.vtt	152547	1787256061362
C:\Users\natha\Projects\boyd-clips\research\reference\court-trials-tv\subs\btU9Ab4OMWY.en-orig.vtt	203932	1787256005395
C:\Users\natha\Projects\boyd-clips\research\reference\court-trials-tv\subs\btU9Ab4OMWY.en.vtt	203932	1787256005475
C:\Users\natha\Projects\boyd-clips\research\reference\court-trials-tv\subs\cC1h5huaooY.en-orig.vtt	173458	1787255302500
C:\Users\natha\Projects\boyd-clips\research\reference\court-trials-tv\subs\cC1h5huaooY.en.vtt	173458	1787255302633
C:\Users\natha\Projects\boyd-clips\research\reference\court-trials-tv\subs\cM1ZwgjCKZE.en-orig.vtt	190152	1787255277181
C:\Users\natha\Projects\boyd-clips\research\reference\court-trials-tv\subs\cM1ZwgjCKZE.en.vtt	190152	1787255277282
C:\Users\natha\Projects\boyd-clips\research\reference\court-trials-tv\subs\c_D0P0MDoFo.en-orig.vtt	136123	1787255907329
C:\Users\natha\Projects\boyd-clips\research\reference\court-trials-tv\subs\c_D0P0MDoFo.en.vtt	136123	1787255907507
C:\Users\natha\Projects\boyd-clips\research\reference\court-trials-tv\subs\cgMUI6f8wAc.en-orig.vtt	219159	1787255099783
C:\Users\natha\Projects\boyd-clips\research\reference\court-trials-tv\subs\cgMUI6f8wAc.en.vtt	219159	1787255099853
C:\Users\natha\Projects\boyd-clips\research\reference\court-trials-tv\subs\chmP4yM9IYE.en-orig.vtt	128830	1787255801777
C:\Users\natha\Projects\boyd-clips\research\reference\court-trials-tv\subs\chmP4yM9IYE.en.vtt	128830	1787255802071
C:\Users\natha\Projects\boyd-clips\research\reference\court-trials-tv\subs\cme6FpZYCZs.en-orig.vtt	184142	1787255934946
C:\Users\natha\Projects\boyd-clips\research\reference\court-trials-tv\subs\cme6FpZYCZs.en.vtt	184142	1787255935012
C:\Users\natha\Projects\boyd-clips\research\reference\court-trials-tv\subs\d143s31dZRI.en-orig.vtt	180521	1787256459962
C:\Users\natha\Projects\boyd-clips\research\reference\court-trials-tv\subs\d143s31dZRI.en.vtt	180521	1787256460056
C:\Users\natha\Projects\boyd-clips\research\reference\court-trials-tv\subs\dD-7vvu4NDM.en-orig.vtt	103762	1787256480086
C:\Users\natha\Projects\boyd-clips\research\reference\court-trials-tv\subs\dD-7vvu4NDM.en.vtt	103762	1787256480142
C:\Users\natha\Projects\boyd-clips\research\reference\court-trials-tv\subs\dGg_y-a-Xc4.en-orig.vtt	87458	1787256531092
C:\Users\natha\Projects\boyd-clips\research\reference\court-trials-tv\subs\dGg_y-a-Xc4.en.vtt	87458	1787256531143
C:\Users\natha\Projects\boyd-clips\research\reference\court-trials-tv\subs\dH7A_SVGbYE.en-orig.vtt	100333	1787256150384
C:\Users\natha\Projects\boyd-clips\research\reference\court-trials-tv\subs\dH7A_SVGbYE.en.vtt	100333	1787256150444
C:\Users\natha\Projects\boyd-clips\research\reference\court-trials-tv\subs\dJiq7GY2i0o.en-orig.vtt	153354	1787255370293
C:\Users\natha\Projects\boyd-clips\research\reference\court-trials-tv\subs\dJiq7GY2i0o.en.vtt	153354	1787255370363
C:\Users\natha\Projects\boyd-clips\research\reference\court-trials-tv\subs\dSUl1Xp0_JI.en-orig.vtt	88444	1787256285247
C:\Users\natha\Projects\boyd-clips\research\reference\court-trials-tv\subs\dSUl1Xp0_JI.en.vtt	88444	1787256285297
C:\Users\natha\Projects\boyd-clips\research\reference\court-trials-tv\subs\dzndSE_JfKU.en-orig.vtt	237515	1787256312914
C:\Users\natha\Projects\boyd-clips\research\reference\court-trials-tv\subs\dzndSE_JfKU.en.vtt	237515	1787256312996
C:\Users\natha\Projects\boyd-clips\research\reference\court-trials-tv\subs\e2bbnD4O_8o.en-orig.vtt	184229	1787255149051
C:\Users\natha\Projects\boyd-clips\research\reference\court-trials-tv\subs\e2bbnD4O_8o.en.vtt	184229	1787255149136
C:\Users\natha\Projects\boyd-clips\research\reference\court-trials-tv\subs\e4FJBwo2nwM.en-orig.vtt	185993	1787255859306
C:\Users\natha\Projects\boyd-clips\research\reference\court-trials-tv\subs\e4FJBwo2nwM.en.vtt	185993	1787255859558
C:\Users\natha\Projects\boyd-clips\research\reference\court-trials-tv\subs\eeIvCaQTzvs.en-orig.vtt	210108	1787256419427
C:\Users\natha\Projects\boyd-clips\research\reference\court-trials-tv\subs\eeIvCaQTzvs.en.vtt	210108	1787256419496
C:\Users\natha\Projects\boyd-clips\research\reference\court-trials-tv\subs\f0NPZ9r0eRY.en-orig.vtt	236969	1787255432208
C:\Users\natha\Projects\boyd-clips\research\reference\court-trials-tv\subs\f0NPZ9r0eRY.en.vtt	236969	1787255432339
C:\Users\natha\Projects\boyd-clips\research\reference\court-trials-tv\subs\fGMSmG3R8vY.en-orig.vtt	122520	1787256269362
C:\Users\natha\Projects\boyd-clips\research\reference\court-trials-tv\subs\fGMSmG3R8vY.en.vtt	122520	1787256269412
C:\Users\natha\Projects\boyd-clips\research\reference\court-trials-tv\subs\fWmsaWaFN24.en-orig.vtt	117465	1787255838577
C:\Users\natha\Projects\boyd-clips\research\reference\court-trials-tv\subs\fWmsaWaFN24.en.vtt	117465	1787255838786
C:\Users\natha\Projects\boyd-clips\research\reference\court-trials-tv\subs\fj_uDZKyhT0.en-orig.vtt	140085	1787255903012
C:\Users\natha\Projects\boyd-clips\research\reference\court-trials-tv\subs\fj_uDZKyhT0.en.vtt	140085	1787255903065
C:\Users\natha\Projects\boyd-clips\research\reference\court-trials-tv\subs\gAJ6XN-8d0M.en-orig.vtt	95508	1787255814843
C:\Users\natha\Projects\boyd-clips\research\reference\court-trials-tv\subs\gAJ6XN-8d0M.en.vtt	95508	1787255817105
C:\Users\natha\Projects\boyd-clips\research\reference\court-trials-tv\subs\gBEgvqjoRA8.en-orig.vtt	239837	1787256133240
C:\Users\natha\Projects\boyd-clips\research\reference\court-trials-tv\subs\gBEgvqjoRA8.en.vtt	239837	1787256133313
C:\Users\natha\Projects\boyd-clips\research\reference\court-trials-tv\subs\gBzjyR_Y2g4.en-orig.vtt	83048	1787256256758
C:\Users\natha\Projects\boyd-clips\research\reference\court-trials-tv\subs\gBzjyR_Y2g4.en.vtt	83048	1787256256805
C:\Users\natha\Projects\boyd-clips\research\reference\court-trials-tv\subs\gConXGvh1tQ.en-orig.vtt	122546	1787256183595
C:\Users\natha\Projects\boyd-clips\research\reference\court-trials-tv\subs\gConXGvh1tQ.en.vtt	122546	1787256183650
C:\Users\natha\Projects\boyd-clips\research\reference\court-trials-tv\subs\gJHEcJ-YzUU.en-orig.vtt	119924	1787255232519
C:\Users\natha\Projects\boyd-clips\research\reference\court-trials-tv\subs\gJHEcJ-YzUU.en.vtt	119924	1787255232612
C:\Users\natha\Projects\boyd-clips\research\reference\court-trials-tv\subs\gUtfrHIgtq4.en-orig.vtt	115829	1787255627352
C:\Users\natha\Projects\boyd-clips\research\reference\court-trials-tv\subs\gUtfrHIgtq4.en.vtt	115829	1787255627421
C:\Users\natha\Projects\boyd-clips\research\reference\court-trials-tv\subs\gVuhIMpl7k8.en-orig.vtt	101081	1787255846890
C:\Users\natha\Projects\boyd-clips\research\reference\court-trials-tv\subs\gVuhIMpl7k8.en.vtt	101081	1787255846992
C:\Users\natha\Projects\boyd-clips\research\reference\court-trials-tv\subs\gbImutM1NTI.en-orig.vtt	204817	1787256077104
C:\Users\natha\Projects\boyd-clips\research\reference\court-trials-tv\subs\gbImutM1NTI.en.vtt	204817	1787256077213
C:\Users\natha\Projects\boyd-clips\research\reference\court-trials-tv\subs\gih8V2DoWto.en-orig.vtt	115436	1787256065222
C:\Users\natha\Projects\boyd-clips\research\reference\court-trials-tv\subs\gih8V2DoWto.en.vtt	115436	1787256065275
C:\Users\natha\Projects\boyd-clips\research\reference\court-trials-tv\subs\hOKPP5rSzGM.en-orig.vtt	205930	1787256179406
C:\Users\natha\Projects\boyd-clips\research\reference\court-trials-tv\subs\hOKPP5rSzGM.en.vtt	205930	1787256179485
C:\Users\natha\Projects\boyd-clips\research\reference\court-trials-tv\subs\hVMSsQ0O2_U.en-orig.vtt	137465	1787255327124
C:\Users\natha\Projects\boyd-clips\research\reference\court-trials-tv\subs\hVMSsQ0O2_U.en.vtt	137465	1787255327183
C:\Users\natha\Projects\boyd-clips\research\reference\court-trials-tv\subs\hWSyUZTTTWE.en-orig.vtt	132966	1787255526301
C:\Users\natha\Projects\boyd-clips\research\reference\court-trials-tv\subs\hWSyUZTTTWE.en.vtt	132966	1787255526397
C:\Users\natha\Projects\boyd-clips\research\reference\court-trials-tv\subs\ho7On9Y4lSE.en-orig.vtt	117733	1787256158354
C:\Users\natha\Projects\boyd-clips\research\reference\court-trials-tv\subs\ho7On9Y4lSE.en.vtt	117733	1787256158409
C:\Users\natha\Projects\boyd-clips\research\reference\court-trials-tv\subs\i1GC-BIl1jE.en-orig.vtt	65430	1787256503814
C:\Users\natha\Projects\boyd-clips\research\reference\court-trials-tv\subs\i1GC-BIl1jE.en.vtt	65430	1787256503862
C:\Users\natha\Projects\boyd-clips\research\reference\court-trials-tv\subs\iEUgSbnMhIs.en-orig.vtt	226938	1787255423326
C:\Users\natha\Projects\boyd-clips\research\reference\court-trials-tv\subs\iEUgSbnMhIs.en.vtt	226938	1787255423433
C:\Users\natha\Projects\boyd-clips\research\reference\court-trials-tv\subs\iIn_qEyn0fY.en-orig.vtt	239267	1787255183606
C:\Users\natha\Projects\boyd-clips\research\reference\court-trials-tv\subs\iIn_qEyn0fY.en.vtt	239267	1787255183753
C:\Users\natha\Projects\boyd-clips\research\reference\court-trials-tv\subs\iJX-KZO_D7M.en-orig.vtt	99785	1787255927251
C:\Users\natha\Projects\boyd-clips\research\reference\court-trials-tv\subs\iJX-KZO_D7M.en.vtt	99785	1787255927302
C:\Users\natha\Projects\boyd-clips\research\reference\court-trials-tv\subs\iKZn9B8OxXI.en-orig.vtt	236568	1787255160103
C:\Users\natha\Projects\boyd-clips\research\reference\court-trials-tv\subs\iKZn9B8OxXI.en.vtt	236568	1787255160208
C:\Users\natha\Projects\boyd-clips\research\reference\court-trials-tv\subs\iLaUxo3J79c.en-orig.vtt	120549	1787255712909
C:\Users\natha\Projects\boyd-clips\research\reference\court-trials-tv\subs\iLaUxo3J79c.en.vtt	120549	1787255712963
C:\Users\natha\Projects\boyd-clips\research\reference\court-trials-tv\subs\iYIbXu9AdQA.en-orig.vtt	169283	1787256367130
C:\Users\natha\Projects\boyd-clips\research\reference\court-trials-tv\subs\iYIbXu9AdQA.en.vtt	169283	1787256367213
C:\Users\natha\Projects\boyd-clips\research\reference\court-trials-tv\subs\jM-PjbUjERE.en-orig.vtt	138914	1787255124813
C:\Users\natha\Projects\boyd-clips\research\reference\court-trials-tv\subs\jM-PjbUjERE.en.vtt	138914	1787255124942
C:\Users\natha\Projects\boyd-clips\research\reference\court-trials-tv\subs\jNX5h-AsoUg.en-orig.vtt	112540	1787255306504
C:\Users\natha\Projects\boyd-clips\research\reference\court-trials-tv\subs\jNX5h-AsoUg.en.vtt	112540	1787255306605
C:\Users\natha\Projects\boyd-clips\research\reference\court-trials-tv\subs\jcnmN0oUkHg.en-orig.vtt	111872	1787256040482
C:\Users\natha\Projects\boyd-clips\research\reference\court-trials-tv\subs\jcnmN0oUkHg.en.vtt	111872	1787256040557
C:\Users\natha\Projects\boyd-clips\research\reference\court-trials-tv\subs\jhKkZy-Xnmo.en-orig.vtt	281760	1787255820953
C:\Users\natha\Projects\boyd-clips\research\reference\court-trials-tv\subs\jhKkZy-Xnmo.en.vtt	281760	1787255821231
C:\Users\natha\Projects\boyd-clips\research\reference\court-trials-tv\subs\jkmFTxjSlRk.en-orig.vtt	103707	1787256455830
C:\Users\natha\Projects\boyd-clips\research\reference\court-trials-tv\subs\jkmFTxjSlRk.en.vtt	103707	1787256455892
C:\Users\natha\Projects\boyd-clips\research\reference\court-trials-tv\subs\jpl1NnLt6PI.en-orig.vtt	151131	1787255899281
C:\Users\natha\Projects\boyd-clips\research\reference\court-trials-tv\subs\jpl1NnLt6PI.en.vtt	151131	1787255899336
C:\Users\natha\Projects\boyd-clips\research\reference\court-trials-tv\subs\jr4Az9WlRcQ.en-orig.vtt	44181	1787256535130
C:\Users\natha\Projects\boyd-clips\research\reference\court-trials-tv\subs\jr4Az9WlRcQ.en.vtt	44181	1787256535180
C:\Users\natha\Projects\boyd-clips\research\reference\court-trials-tv\subs\k6FOkqLM1bM.en-orig.vtt	199169	1787255479450
C:\Users\natha\Projects\boyd-clips\research\reference\court-trials-tv\subs\k6FOkqLM1bM.en.vtt	199169	1787255479558
C:\Users\natha\Projects\boyd-clips\research\reference\court-trials-tv\subs\kfszkaUBILc.en-orig.vtt	165774	1787255887784
C:\Users\natha\Projects\boyd-clips\research\reference\court-trials-tv\subs\kfszkaUBILc.en.vtt	165774	1787255887849
C:\Users\natha\Projects\boyd-clips\research\reference\court-trials-tv\subs\ku9Wu-HUXWk.en-orig.vtt	115462	1787256281497
C:\Users\natha\Projects\boyd-clips\research\reference\court-trials-tv\subs\ku9Wu-HUXWk.en.vtt	115462	1787256281554
C:\Users\natha\Projects\boyd-clips\research\reference\court-trials-tv\subs\kvqYfaxI4g8.en-orig.vtt	139648	1787255087365
C:\Users\natha\Projects\boyd-clips\research\reference\court-trials-tv\subs\kvqYfaxI4g8.en.vtt	139648	1787255087503
C:\Users\natha\Projects\boyd-clips\research\reference\court-trials-tv\subs\lUvgRQXagJo.en-orig.vtt	282458	1787255682537
C:\Users\natha\Projects\boyd-clips\research\reference\court-trials-tv\subs\lUvgRQXagJo.en.vtt	282458	1787255682622
C:\Users\natha\Projects\boyd-clips\research\reference\court-trials-tv\subs\lq3SztLgY_U.en-orig.vtt	80551	1787256175526
C:\Users\natha\Projects\boyd-clips\research\reference\court-trials-tv\subs\lq3SztLgY_U.en.vtt	80551	1787256175624
C:\Users\natha\Projects\boyd-clips\research\reference\court-trials-tv\subs\m-asHL3EX-g.en-orig.vtt	391190	1787255390881
C:\Users\natha\Projects\boyd-clips\research\reference\court-trials-tv\subs\m-asHL3EX-g.en.vtt	391190	1787255391027
C:\Users\natha\Projects\boyd-clips\research\reference\court-trials-tv\subs\m2p7mZKpezs.en-orig.vtt	271775	1787255854845
C:\Users\natha\Projects\boyd-clips\research\reference\court-trials-tv\subs\m2p7mZKpezs.en.vtt	271775	1787255855089
C:\Users\natha\Projects\boyd-clips\research\reference\court-trials-tv\subs\mMEgd1z6CFg.en-orig.vtt	105114	1787256081207
C:\Users\natha\Projects\boyd-clips\research\reference\court-trials-tv\subs\mMEgd1z6CFg.en.vtt	105114	1787256081264
C:\Users\natha\Projects\boyd-clips\research\reference\court-trials-tv\subs\mz8DufcUJoU.en-orig.vtt	178401	1787255208116
C:\Users\natha\Projects\boyd-clips\research\reference\court-trials-tv\subs\mz8DufcUJoU.en.vtt	178401	1787255208177
C:\Users\natha\Projects\boyd-clips\research\reference\court-trials-tv\subs\n3hpMrZvO3k.en-orig.vtt	165551	1787255789083
C:\Users\natha\Projects\boyd-clips\research\reference\court-trials-tv\subs\n3hpMrZvO3k.en.vtt	165551	1787255789308
C:\Users\natha\Projects\boyd-clips\research\reference\court-trials-tv\subs\n9-6-YfweAM.en-orig.vtt	127318	1787255776226
C:\Users\natha\Projects\boyd-clips\research\reference\court-trials-tv\subs\n9-6-YfweAM.en.vtt	127318	1787255776284
C:\Users\natha\Projects\boyd-clips\research\reference\court-trials-tv\subs\nI5YFrlkhnI.en-orig.vtt	140126	1787255700323
C:\Users\natha\Projects\boyd-clips\research\reference\court-trials-tv\subs\nI5YFrlkhnI.en.vtt	140126	1787255700552
C:\Users\natha\Projects\boyd-clips\research\reference\court-trials-tv\subs\nUJ1olkMhc8.en-orig.vtt	131301	1787255630880
C:\Users\natha\Projects\boyd-clips\research\reference\court-trials-tv\subs\nUJ1olkMhc8.en.vtt	131301	1787255630953
C:\Users\natha\Projects\boyd-clips\research\reference\court-trials-tv\subs\ncCN1vfb6co.en-orig.vtt	154056	1787255322845
C:\Users\natha\Projects\boyd-clips\research\reference\court-trials-tv\subs\ncCN1vfb6co.en.vtt	154056	1787255322949
C:\Users\natha\Projects\boyd-clips\research\reference\court-trials-tv\subs\njHlGxRNFaM.en-orig.vtt	148465	1787255252970
C:\Users\natha\Projects\boyd-clips\research\reference\court-trials-tv\subs\njHlGxRNFaM.en.vtt	148465	1787255253072
C:\Users\natha\Projects\boyd-clips\research\reference\court-trials-tv\subs\nly61u6Yvcw.en-orig.vtt	212794	1787255655863
C:\Users\natha\Projects\boyd-clips\research\reference\court-trials-tv\subs\nly61u6Yvcw.en.vtt	212794	1787255655942
C:\Users\natha\Projects\boyd-clips\research\reference\court-trials-tv\subs\nnCrgLyVY6E.en-orig.vtt	207656	1787255427916
C:\Users\natha\Projects\boyd-clips\research\reference\court-trials-tv\subs\nnCrgLyVY6E.en.vtt	207656	1787255428105
C:\Users\natha\Projects\boyd-clips\research\reference\court-trials-tv\subs\ns0AX3NKA8k.en-orig.vtt	152400	1787255448778
C:\Users\natha\Projects\boyd-clips\research\reference\court-trials-tv\subs\ns0AX3NKA8k.en.vtt	152400	1787255448882
C:\Users\natha\Projects\boyd-clips\research\reference\court-trials-tv\subs\ntyc4CLjTIs.en-orig.vtt	103242	1787256511703
C:\Users\natha\Projects\boyd-clips\research\reference\court-trials-tv\subs\ntyc4CLjTIs.en.vtt	103242	1787256511763
C:\Users\natha\Projects\boyd-clips\research\reference\court-trials-tv\subs\o1JvvQC5H50.en-orig.vtt	125104	1787255204197
C:\Users\natha\Projects\boyd-clips\research\reference\court-trials-tv\subs\o1JvvQC5H50.en.vtt	125104	1787255204282
C:\Users\natha\Projects\boyd-clips\research\reference\court-trials-tv\subs\o30DU6IkGo4.en-orig.vtt	135643	1787255668031
C:\Users\natha\Projects\boyd-clips\research\reference\court-trials-tv\subs\o30DU6IkGo4.en.vtt	135643	1787255668258
C:\Users\natha\Projects\boyd-clips\research\reference\court-trials-tv\subs\oCAft6WEqjs.en-orig.vtt	103665	1787256208423
C:\Users\natha\Projects\boyd-clips\research\reference\court-trials-tv\subs\oCAft6WEqjs.en.vtt	103665	1787256208482
C:\Users\natha\Projects\boyd-clips\research\reference\court-trials-tv\subs\oW6Cby1l1YE.en-orig.vtt	103797	1787255350911
C:\Users\natha\Projects\boyd-clips\research\reference\court-trials-tv\subs\oW6Cby1l1YE.en.vtt	103797	1787255351006
C:\Users\natha\Projects\boyd-clips\research\reference\court-trials-tv\subs\oWcKEPeO0bU.en-orig.vtt	119241	1787256394660
C:\Users\natha\Projects\boyd-clips\research\reference\court-trials-tv\subs\oWcKEPeO0bU.en.vtt	119241	1787256394796
C:\Users\natha\Projects\boyd-clips\research\reference\court-trials-tv\subs\p2zNScMtA04.en-orig.vtt	116593	1787256476174
C:\Users\natha\Projects\boyd-clips\research\reference\court-trials-tv\subs\p2zNScMtA04.en.vtt	116593	1787256476229
C:\Users\natha\Projects\boyd-clips\research\reference\court-trials-tv\subs\p5SXjeDouXU.en-orig.vtt	141253	1787255172329
C:\Users\natha\Projects\boyd-clips\research\reference\court-trials-tv\subs\p5SXjeDouXU.en.vtt	141253	1787255172396
C:\Users\natha\Projects\boyd-clips\research\reference\court-trials-tv\subs\p8q1Xp4oFhE.en-orig.vtt	434193	1787255475619
C:\Users\natha\Projects\boyd-clips\research\reference\court-trials-tv\subs\p8q1Xp4oFhE.en.vtt	434193	1787255475772
C:\Users\natha\Projects\boyd-clips\research\reference\court-trials-tv\subs\pa9PwervPTo.en-orig.vtt	153920	1787256402537
C:\Users\natha\Projects\boyd-clips\research\reference\court-trials-tv\subs\pa9PwervPTo.en.vtt	153920	1787256402592
C:\Users\natha\Projects\boyd-clips\research\reference\court-trials-tv\subs\paToCdsfJvs.en-orig.vtt	110756	1787255745969
C:\Users\natha\Projects\boyd-clips\research\reference\court-trials-tv\subs\paToCdsfJvs.en.vtt	110756	1787255746164
C:\Users\natha\Projects\boyd-clips\research\reference\court-trials-tv\subs\qINj9K-iNA8.en-orig.vtt	120296	1787256228277
C:\Users\natha\Projects\boyd-clips\research\reference\court-trials-tv\subs\qINj9K-iNA8.en.vtt	120296	1787256228345
C:\Users\natha\Projects\boyd-clips\research\reference\court-trials-tv\subs\qfNMQNe8EYg.en-orig.vtt	81094	1787255810974
C:\Users\natha\Projects\boyd-clips\research\reference\court-trials-tv\subs\qfNMQNe8EYg.en.vtt	81094	1787255811025
C:\Users\natha\Projects\boyd-clips\research\reference\court-trials-tv\subs\qwWmUUsIVRk.en-orig.vtt	166571	1787255079462
C:\Users\natha\Projects\boyd-clips\research\reference\court-trials-tv\subs\qwWmUUsIVRk.en.vtt	166571	1787255079518
C:\Users\natha\Projects\boyd-clips\research\reference\court-trials-tv\subs\rIvrJMzygpw.en-orig.vtt	222693	1787255366665
C:\Users\natha\Projects\boyd-clips\research\reference\court-trials-tv\subs\rIvrJMzygpw.en.vtt	222693	1787255366797
C:\Users\natha\Projects\boyd-clips\research\reference\court-trials-tv\subs\rPpV4epHNS0.en-orig.vtt	113522	1787255187811
C:\Users\natha\Projects\boyd-clips\research\reference\court-trials-tv\subs\rPpV4epHNS0.en.vtt	113522	1787255187868
C:\Users\natha\Projects\boyd-clips\research\reference\court-trials-tv\subs\rTVpmZTxYtI.en-orig.vtt	106232	1787255976023
C:\Users\natha\Projects\boyd-clips\research\reference\court-trials-tv\subs\rTVpmZTxYtI.en.vtt	106232	1787255976158
C:\Users\natha\Projects\boyd-clips\research\reference\court-trials-tv\subs\rYs2JFtIlJA.en-orig.vtt	105245	1787255075248
C:\Users\natha\Projects\boyd-clips\research\reference\court-trials-tv\subs\rYs2JFtIlJA.en.vtt	105245	1787255075368
C:\Users\natha\Projects\boyd-clips\research\reference\court-trials-tv\subs\rZ1SBl8WRsQ.en-orig.vtt	134615	1787256277268
C:\Users\natha\Projects\boyd-clips\research\reference\court-trials-tv\subs\rZ1SBl8WRsQ.en.vtt	134615	1787256277360
C:\Users\natha\Projects\boyd-clips\research\reference\court-trials-tv\subs\rtjs-jfwVy0.en-orig.vtt	224118	1787255211870
C:\Users\natha\Projects\boyd-clips\research\reference\court-trials-tv\subs\rtjs-jfwVy0.en.vtt	224118	1787255211951
C:\Users\natha\Projects\boyd-clips\research\reference\court-trials-tv\subs\s65HRJ7kG10.en-orig.vtt	165831	1787255825402
C:\Users\natha\Projects\boyd-clips\research\reference\court-trials-tv\subs\s65HRJ7kG10.en.vtt	165831	1787255825633
C:\Users\natha\Projects\boyd-clips\research\reference\court-trials-tv\subs\sAxzn1BENrs.en-orig.vtt	114013	1787255256638
C:\Users\natha\Projects\boyd-clips\research\reference\court-trials-tv\subs\sAxzn1BENrs.en.vtt	114013	1787255256762
C:\Users\natha\Projects\boyd-clips\research\reference\court-trials-tv\subs\sotLgLnYXj8.en-orig.vtt	154672	1787256013027
C:\Users\natha\Projects\boyd-clips\research\reference\court-trials-tv\subs\sotLgLnYXj8.en.vtt	154672	1787256013107
C:\Users\natha\Projects\boyd-clips\research\reference\court-trials-tv\subs\tUGyyKZz1x4.en-orig.vtt	147784	1787256378488
C:\Users\natha\Projects\boyd-clips\research\reference\court-trials-tv\subs\tUGyyKZz1x4.en.vtt	147784	1787256378562
C:\Users\natha\Projects\boyd-clips\research\reference\court-trials-tv\subs\tuoigYoRafE.en-orig.vtt	95494	1787255168159
C:\Users\natha\Projects\boyd-clips\research\reference\court-trials-tv\subs\tuoigYoRafE.en.vtt	95494	1787255168219
C:\Users\natha\Projects\boyd-clips\research\reference\court-trials-tv\subs\uF6EJ_mdsW8.en-orig.vtt	149726	1787255120491
C:\Users\natha\Projects\boyd-clips\research\reference\court-trials-tv\subs\uF6EJ_mdsW8.en.vtt	149726	1787255120575
C:\Users\natha\Projects\boyd-clips\research\reference\court-trials-tv\subs\uT1qSGQ-vjI.en-orig.vtt	115692	1787256451507
C:\Users\natha\Projects\boyd-clips\research\reference\court-trials-tv\subs\uT1qSGQ-vjI.en.vtt	115692	1787256451567
C:\Users\natha\Projects\boyd-clips\research\reference\court-trials-tv\subs\uWUNECuHlU4.en-orig.vtt	139018	1787256252849
C:\Users\natha\Projects\boyd-clips\research\reference\court-trials-tv\subs\uWUNECuHlU4.en.vtt	139018	1787256252923
C:\Users\natha\Projects\boyd-clips\research\reference\court-trials-tv\subs\uh0ZvR6Adks.en-orig.vtt	163520	1787255156380
C:\Users\natha\Projects\boyd-clips\research\reference\court-trials-tv\subs\uh0ZvR6Adks.en.vtt	163520	1787255156481
C:\Users\natha\Projects\boyd-clips\research\reference\court-trials-tv\subs\unfrh7foXSk.en-orig.vtt	133072	1787255664158
C:\Users\natha\Projects\boyd-clips\research\reference\court-trials-tv\subs\unfrh7foXSk.en.vtt	133072	1787255664217
C:\Users\natha\Projects\boyd-clips\research\reference\court-trials-tv\subs\v8IKij4x33Y.en-orig.vtt	156984	1787255436314
C:\Users\natha\Projects\boyd-clips\research\reference\court-trials-tv\subs\v8IKij4x33Y.en.vtt	156984	1787255436392
C:\Users\natha\Projects\boyd-clips\research\reference\court-trials-tv\subs\vEJ7x9jHqg4.en-orig.vtt	205099	1787256467574
C:\Users\natha\Projects\boyd-clips\research\reference\court-trials-tv\subs\vEJ7x9jHqg4.en.vtt	205099	1787256467700
C:\Users\natha\Projects\boyd-clips\research\reference\court-trials-tv\subs\v_POBD9oWZ8.en-orig.vtt	117273	1787256391025
C:\Users\natha\Projects\boyd-clips\research\reference\court-trials-tv\subs\v_POBD9oWZ8.en.vtt	117273	1787256391084
C:\Users\natha\Projects\boyd-clips\research\reference\court-trials-tv\subs\vd67lfosXS4.en-orig.vtt	164863	1787255647377
C:\Users\natha\Projects\boyd-clips\research\reference\court-trials-tv\subs\vd67lfosXS4.en.vtt	164863	1787255647480
C:\Users\natha\Projects\boyd-clips\research\reference\court-trials-tv\subs\vrnyvL4t2ks.en-orig.vtt	216430	1787256237382
C:\Users\natha\Projects\boyd-clips\research\reference\court-trials-tv\subs\vrnyvL4t2ks.en.vtt	216430	1787256237454
C:\Users\natha\Projects\boyd-clips\research\reference\court-trials-tv\subs\vzuatjChlbY.en-orig.vtt	105837	1787255725338
C:\Users\natha\Projects\boyd-clips\research\reference\court-trials-tv\subs\vzuatjChlbY.en.vtt	105837	1787255725569
C:\Users\natha\Projects\boyd-clips\research\reference\court-trials-tv\subs\w5Gp_OSBC9U.en-orig.vtt	131290	1787256241283
C:\Users\natha\Projects\boyd-clips\research\reference\court-trials-tv\subs\w5Gp_OSBC9U.en.vtt	131290	1787256241347
C:\Users\natha\Projects\boyd-clips\research\reference\court-trials-tv\subs\wCwbOlXBa9E.en-orig.vtt	122150	1787256495933
C:\Users\natha\Projects\boyd-clips\research\reference\court-trials-tv\subs\wCwbOlXBa9E.en.vtt	122150	1787256495991
C:\Users\natha\Projects\boyd-clips\research\reference\court-trials-tv\subs\wF-LvP2npg4.en-orig.vtt	82400	1787256483914
C:\Users\natha\Projects\boyd-clips\research\reference\court-trials-tv\subs\wF-LvP2npg4.en.vtt	82400	1787256483962
C:\Users\natha\Projects\boyd-clips\research\reference\court-trials-tv\subs\wXsXg3fFIPY.en-orig.vtt	168483	1787255487216
C:\Users\natha\Projects\boyd-clips\research\reference\court-trials-tv\subs\wXsXg3fFIPY.en.vtt	168483	1787255487320
C:\Users\natha\Projects\boyd-clips\research\reference\court-trials-tv\subs\wxada87Xwkc.en-orig.vtt	94961	1787255503202
C:\Users\natha\Projects\boyd-clips\research\reference\court-trials-tv\subs\wxada87Xwkc.en.vtt	94961	1787255503287
C:\Users\natha\Projects\boyd-clips\research\reference\court-trials-tv\subs\x-dpGNkvwFM.en-orig.vtt	173797	1787255616040
C:\Users\natha\Projects\boyd-clips\research\reference\court-trials-tv\subs\x-dpGNkvwFM.en.vtt	173797	1787255616152
C:\Users\natha\Projects\boyd-clips\research\reference\court-trials-tv\subs\xCXotav-oHM.en-orig.vtt	95065	1787255588652
C:\Users\natha\Projects\boyd-clips\research\reference\court-trials-tv\subs\xCXotav-oHM.en.vtt	95065	1787255588701
C:\Users\natha\Projects\boyd-clips\research\reference\court-trials-tv\subs\xITVWUf7IvU.en-orig.vtt	90773	1787255923425
C:\Users\natha\Projects\boyd-clips\research\reference\court-trials-tv\subs\xITVWUf7IvU.en.vtt	90773	1787255923487
C:\Users\natha\Projects\boyd-clips\research\reference\court-trials-tv\subs\xM6B4pBeYdw.en-orig.vtt	103785	1787256089683
C:\Users\natha\Projects\boyd-clips\research\reference\court-trials-tv\subs\xM6B4pBeYdw.en.vtt	103785	1787256089751
C:\Users\natha\Projects\boyd-clips\research\reference\court-trials-tv\subs\xSxLltQgYkg.en-orig.vtt	96170	1787255338760
C:\Users\natha\Projects\boyd-clips\research\reference\court-trials-tv\subs\xSxLltQgYkg.en.vtt	96170	1787255338841
C:\Users\natha\Projects\boyd-clips\research\reference\court-trials-tv\subs\xcFbTbUZvq0.en-orig.vtt	129703	1787256439383
C:\Users\natha\Projects\boyd-clips\research\reference\court-trials-tv\subs\xcFbTbUZvq0.en.vtt	129703	1787256439436
C:\Users\natha\Projects\boyd-clips\research\reference\court-trials-tv\subs\xq2ntbrjYBE.en-orig.vtt	156314	1787255164148
C:\Users\natha\Projects\boyd-clips\research\reference\court-trials-tv\subs\xq2ntbrjYBE.en.vtt	156314	1787255164214
C:\Users\natha\Projects\boyd-clips\research\reference\court-trials-tv\subs\yPyshJSsEws.en-orig.vtt	91035	1787255988541
C:\Users\natha\Projects\boyd-clips\research\reference\court-trials-tv\subs\yPyshJSsEws.en.vtt	91035	1787255988589
C:\Users\natha\Projects\boyd-clips\research\reference\court-trials-tv\subs\ylUDr35zqUc.en-orig.vtt	116391	1787255604170
C:\Users\natha\Projects\boyd-clips\research\reference\court-trials-tv\subs\ylUDr35zqUc.en.vtt	116391	1787255604217
C:\Users\natha\Projects\boyd-clips\research\reference\court-trials-tv\subs\ym9_3OKaXYU.en-orig.vtt	285753	1787256338020
C:\Users\natha\Projects\boyd-clips\research\reference\court-trials-tv\subs\ym9_3OKaXYU.en.vtt	285753	1787256338098
C:\Users\natha\Projects\boyd-clips\research\reference\court-trials-tv\subs\zEh-QrMPNu4.en-orig.vtt	128061	1787255056660
C:\Users\natha\Projects\boyd-clips\research\reference\court-trials-tv\subs\zEh-QrMPNu4.en.vtt	128061	1787255056758
C:\Users\natha\Projects\boyd-clips\research\reference\court-trials-tv\subs\zNp8-5bdgTw.en-orig.vtt	167126	1787255395214
C:\Users\natha\Projects\boyd-clips\research\reference\court-trials-tv\subs\zNp8-5bdgTw.en.vtt	167126	1787255395274
C:\Users\natha\Projects\boyd-clips\research\reference\court-trials-tv\subs\zlQMn_Sidi8.en-orig.vtt	177997	1787255331073
C:\Users\natha\Projects\boyd-clips\research\reference\court-trials-tv\subs\zlQMn_Sidi8.en.vtt	177997	1787255331167
C:\Users\natha\Projects\boyd-clips\research\reference\courtroomtime\SPEC.md	12977	1787038261409
C:\Users\natha\Projects\boyd-clips\research\reference\courtroomtime\_boyd_template.png	16714	1787038056982
C:\Users\natha\Projects\boyd-clips\research\reference\courtroomtime\_catalog.py	899	1787036372162
C:\Users\natha\Projects\boyd-clips\research\reference\courtroomtime\_census.json	4346	1787037928892
C:\Users\natha\Projects\boyd-clips\research\reference\courtroomtime\_consts.py	3463	1787038109593
C:\Users\natha\Projects\boyd-clips\research\reference\courtroomtime\_ctmeas\ct_measure.json	95169	1787497026945
C:\Users\natha\Projects\boyd-clips\research\reference\courtroomtime\_ctmeas\ct_measure2.json	102082	1787497215290
C:\Users\natha\Projects\boyd-clips\research\reference\courtroomtime\_ctmeas\ct_measure3.json	85654	1787497381728
C:\Users\natha\Projects\boyd-clips\research\reference\courtroomtime\_ctmeas\ct_measure4.json	109548	1787497583311
C:\Users\natha\Projects\boyd-clips\research\reference\courtroomtime\_ctmeas\dbg\bot_00000388_q1Fo7x_0ItI_maxresdefault.jpg	304422	1787497378699
C:\Users\natha\Projects\boyd-clips\research\reference\courtroomtime\_ctmeas\dbg\bot_00000749_RfF0ouKeE0w_maxresdefault.jpg	340350	1787497378828
C:\Users\natha\Projects\boyd-clips\research\reference\courtroomtime\_ctmeas\dbg\bot_00000988_79nw7lP0jm0_maxresdefault.jpg	320275	1787497378958
C:\Users\natha\Projects\boyd-clips\research\reference\courtroomtime\_ctmeas\dbg\bot_00001000_95HqsmyM-zI_maxresdefault.jpg	335447	1787497379088
C:\Users\natha\Projects\boyd-clips\research\reference\courtroomtime\_ctmeas\dbg\bot_00001100_--Mpaln4jx8_maxresdefault.jpg	511052	1787497379219
C:\Users\natha\Projects\boyd-clips\research\reference\courtroomtime\_ctmeas\dbg\bot_00001100_U204YIfp-rc_maxresdefault.jpg	347390	1787497379345
C:\Users\natha\Projects\boyd-clips\research\reference\courtroomtime\_ctmeas\dbg\bot_00001200_qlDoZCJs620_maxresdefault.jpg	398292	1787497379473
C:\Users\natha\Projects\boyd-clips\research\reference\courtroomtime\_ctmeas\dbg\bot_00001300_rUJ__Sb3Y8w_maxresdefault.jpg	321020	1787497379591
C:\Users\natha\Projects\boyd-clips\research\reference\courtroomtime\_ctmeas\dbg\bot_00001500_gVVI_SdlsvA_maxresdefault.jpg	357164	1787497379711
C:\Users\natha\Projects\boyd-clips\research\reference\courtroomtime\_ctmeas\dbg\bot_00001700_-YRHSSLanxk_maxresdefault.jpg	339758	1787497379839
C:\Users\natha\Projects\boyd-clips\research\reference\courtroomtime\_ctmeas\dbg\top_00204000_J3LdwHAZR2E_maxresdefault.jpg	388702	1787497379958
C:\Users\natha\Projects\boyd-clips\research\reference\courtroomtime\_ctmeas\dbg\top_00209000_z05aWSTzw0k_maxresdefault.jpg	357625	1787497380080
C:\Users\natha\Projects\boyd-clips\research\reference\courtroomtime\_ctmeas\dbg\top_00214000__eMKRoRaE_w_maxresdefault.jpg	287738	1787497380200
C:\Users\natha\Projects\boyd-clips\research\reference\courtroomtime\_ctmeas\dbg\top_00233000_-iPnSFl434E_maxresdefault.jpg	433408	1787497380318
C:\Users\natha\Projects\boyd-clips\research\reference\courtroomtime\_ctmeas\dbg\top_00241000_8lxIY35zb6Q_maxresdefault.jpg	420499	1787497380441
C:\Users\natha\Projects\boyd-clips\research\reference\courtroomtime\_ctmeas\dbg\top_00277000_k69GmELAgVw_maxresdefault.jpg	315523	1787497380563
C:\Users\natha\Projects\boyd-clips\research\reference\courtroomtime\_ctmeas\dbg\top_00305000_8n5raFtKul8_maxresdefault.jpg	285130	1787497380684
C:\Users\natha\Projects\boyd-clips\research\reference\courtroomtime\_ctmeas\dbg\top_00308000_lfAlCDsEQZ4_maxresdefault.jpg	409901	1787497380828
C:\Users\natha\Projects\boyd-clips\research\reference\courtroomtime\_ctmeas\dbg\top_00335000_aH0fnO4w-dg_maxresdefault.jpg	411656	1787497380950
C:\Users\natha\Projects\boyd-clips\research\reference\courtroomtime\_ctmeas\dbg\top_00354000_ePdAxp1Zs8Y_maxresdefault.jpg	380028	1787497381075
C:\Users\natha\Projects\boyd-clips\research\reference\courtroomtime\_ctmeas\dbg\top_00379000_urZza-9kdP0_maxresdefault.jpg	311911	1787497381195
C:\Users\natha\Projects\boyd-clips\research\reference\courtroomtime\_ctmeas\dbg\top_00529000_6Tp2eiBjGB8_maxresdefault.jpg	440666	1787497381314
C:\Users\natha\Projects\boyd-clips\research\reference\courtroomtime\_ctmeas\dbg\top_00553000_rcub_Jev9NE_maxresdefault.jpg	361198	1787497381432
C:\Users\natha\Projects\boyd-clips\research\reference\courtroomtime\_ctmeas\dbg\top_00790000__-WRN7q01OY_maxresdefault.jpg	290289	1787497381572
C:\Users\natha\Projects\boyd-clips\research\reference\courtroomtime\_ctmeas\dbg\top_00891000_ERPX6JpX5OU_maxresdefault.jpg	337185	1787497381724
C:\Users\natha\Projects\boyd-clips\research\reference\courtroomtime\_ctmeas\faces\bot_00000388_q1Fo7x_0ItI_maxresdefault.jpg	286827	1787497582281
C:\Users\natha\Projects\boyd-clips\research\reference\courtroomtime\_ctmeas\faces\bot_00000749_RfF0ouKeE0w_maxresdefault.jpg	319154	1787497582322
C:\Users\natha\Projects\boyd-clips\research\reference\courtroomtime\_ctmeas\faces\bot_00000988_79nw7lP0jm0_maxresdefault.jpg	303301	1787497582367
C:\Users\natha\Projects\boyd-clips\research\reference\courtroomtime\_ctmeas\faces\bot_00001000_95HqsmyM-zI_maxresdefault.jpg	301486	1787497582408
C:\Users\natha\Projects\boyd-clips\research\reference\courtroomtime\_ctmeas\faces\bot_00001100_--Mpaln4jx8_maxresdefault.jpg	498085	1787497582450
C:\Users\natha\Projects\boyd-clips\research\reference\courtroomtime\_ctmeas\faces\bot_00001100_U204YIfp-rc_maxresdefault.jpg	323631	1787497582494
C:\Users\natha\Projects\boyd-clips\research\reference\courtroomtime\_ctmeas\faces\bot_00001200_qlDoZCJs620_maxresdefault.jpg	369154	1787497582539
C:\Users\natha\Projects\boyd-clips\research\reference\courtroomtime\_ctmeas\faces\bot_00001300_rUJ__Sb3Y8w_maxresdefault.jpg	296697	1787497582581
C:\Users\natha\Projects\boyd-clips\research\reference\courtroomtime\_ctmeas\faces\bot_00001500_gVVI_SdlsvA_maxresdefault.jpg	317854	1787497582623
C:\Users\natha\Projects\boyd-clips\research\reference\courtroomtime\_ctmeas\faces\bot_00001700_-YRHSSLanxk_maxresdefault.jpg	323723	1787497582666
C:\Users\natha\Projects\boyd-clips\research\reference\courtroomtime\_ctmeas\faces\top_00204000_J3LdwHAZR2E_maxresdefault.jpg	368488	1787497582707
C:\Users\natha\Projects\boyd-clips\research\reference\courtroomtime\_ctmeas\faces\top_00209000_z05aWSTzw0k_maxresdefault.jpg	341645	1787497582750
C:\Users\natha\Projects\boyd-clips\research\reference\courtroomtime\_ctmeas\faces\top_00214000__eMKRoRaE_w_maxresdefault.jpg	264938	1787497582793
C:\Users\natha\Projects\boyd-clips\research\reference\courtroomtime\_ctmeas\faces\top_00233000_-iPnSFl434E_maxresdefault.jpg	412475	1787497582838
C:\Users\natha\Projects\boyd-clips\research\reference\courtroomtime\_ctmeas\faces\top_00241000_8lxIY35zb6Q_maxresdefault.jpg	405352	1787497582882
C:\Users\natha\Projects\boyd-clips\research\reference\courtroomtime\_ctmeas\faces\top_00277000_k69GmELAgVw_maxresdefault.jpg	293734	1787497582925
C:\Users\natha\Projects\boyd-clips\research\reference\courtroomtime\_ctmeas\faces\top_00305000_8n5raFtKul8_maxresdefault.jpg	268689	1787497582966
C:\Users\natha\Projects\boyd-clips\research\reference\courtroomtime\_ctmeas\faces\top_00308000_lfAlCDsEQZ4_maxresdefault.jpg	384033	1787497583007
C:\Users\natha\Projects\boyd-clips\research\reference\courtroomtime\_ctmeas\faces\top_00335000_aH0fnO4w-dg_maxresdefault.jpg	391868	1787497583048
C:\Users\natha\Projects\boyd-clips\research\reference\courtroomtime\_ctmeas\faces\top_00354000_ePdAxp1Zs8Y_maxresdefault.jpg	347842	1787497583090
C:\Users\natha\Projects\boyd-clips\research\reference\courtroomtime\_ctmeas\faces\top_00379000_urZza-9kdP0_maxresdefault.jpg	289707	1787497583133
C:\Users\natha\Projects\boyd-clips\research\reference\courtroomtime\_ctmeas\faces\top_00529000_6Tp2eiBjGB8_maxresdefault.jpg	433088	1787497583177
C:\Users\natha\Projects\boyd-clips\research\reference\courtroomtime\_ctmeas\faces\top_00553000_rcub_Jev9NE_maxresdefault.jpg	353605	1787497583220
C:\Users\natha\Projects\boyd-clips\research\reference\courtroomtime\_ctmeas\faces\top_00790000__-WRN7q01OY_maxresdefault.jpg	268547	1787497583264
C:\Users\natha\Projects\boyd-clips\research\reference\courtroomtime\_ctmeas\faces\top_00891000_ERPX6JpX5OU_maxresdefault.jpg	308454	1787497583308
C:\Users\natha\Projects\boyd-clips\research\reference\courtroomtime\_ctmeas\faces_ct.py	9143	1787497577452
C:\Users\natha\Projects\boyd-clips\research\reference\courtroomtime\_ctmeas\measure_ct.py	9056	1787497003962
C:\Users\natha\Projects\boyd-clips\research\reference\courtroomtime\_ctmeas\measure_ct2.py	10784	1787497208265
C:\Users\natha\Projects\boyd-clips\research\reference\courtroomtime\_ctmeas\measure_ct3.py	12835	1787497378373
C:\Users\natha\Projects\boyd-clips\research\reference\courtroomtime\_ctmeas\sheet_dbg_bot.jpg	517659	1787497382094
C:\Users\natha\Projects\boyd-clips\research\reference\courtroomtime\_ctmeas\sheet_dbg_top.jpg	766741	1787497382047
C:\Users\natha\Projects\boyd-clips\research\reference\courtroomtime\_ctmeas\sheet_faces.jpg	766095	1787497598692
C:\Users\natha\Projects\boyd-clips\research\reference\courtroomtime\_ctmeas\stats_ct.py	8727	1787497477199
C:\Users\natha\Projects\boyd-clips\research\reference\courtroomtime\_env.py	199	1787036358555
C:\Users\natha\Projects\boyd-clips\research\reference\courtroomtime\_fetch.py	1744	1787037605655
C:\Users\natha\Projects\boyd-clips\research\reference\courtroomtime\_measure.py	8473	1787037704534
C:\Users\natha\Projects\boyd-clips\research\reference\courtroomtime\_measure2.py	6174	1787037836622
C:\Users\natha\Projects\boyd-clips\research\reference\courtroomtime\_net.py	404	1787036517592
C:\Users\natha\Projects\boyd-clips\research\reference\courtroomtime\_ours.py	3067	1787038052616
C:\Users\natha\Projects\boyd-clips\research\reference\courtroomtime\_sheet.py	677	1787037728338
C:\Users\natha\Projects\boyd-clips\research\reference\courtroomtime\_stats.py	5194	1787037958460
C:\Users\natha\Projects\boyd-clips\research\reference\courtroomtime\catalog.json	83052	1787037585557
C:\Users\natha\Projects\boyd-clips\research\reference\courtroomtime\measurements.json	161380	1787037966506
C:\Users\natha\Projects\boyd-clips\research\reference\courtroomtime\ours.json	85581	1787038065471
C:\Users\natha\Projects\boyd-clips\research\reference\courtroomtime\sheet_bot.jpg	778332	1787037732787
C:\Users\natha\Projects\boyd-clips\research\reference\courtroomtime\sheet_top.jpg	1164629	1787037732694
C:\Users\natha\Projects\boyd-clips\research\reference\courtroomtime\subs\-XYJveTwYgs.en.vtt	448453	1787040575953
C:\Users\natha\Projects\boyd-clips\research\reference\courtroomtime\subs\-gFOES4a36s.en.vtt	507626	1787041204843
C:\Users\natha\Projects\boyd-clips\research\reference\courtroomtime\subs\-iPnSFl434E.en.vtt	495759	1787040433993
C:\Users\natha\Projects\boyd-clips\research\reference\courtroomtime\subs\-tFHPgtFvQo.en.vtt	427360	1787040894420
C:\Users\natha\Projects\boyd-clips\research\reference\courtroomtime\subs\0jkfaiMY6fk.en.vtt	470503	1787040885418
C:\Users\natha\Projects\boyd-clips\research\reference\courtroomtime\subs\0nIz-sQJU4k.en.vtt	571927	1787041214122
C:\Users\natha\Projects\boyd-clips\research\reference\courtroomtime\subs\0xUMk8LPpw8.en.vtt	463613	1787040910080
C:\Users\natha\Projects\boyd-clips\research\reference\courtroomtime\subs\1Ry42RiP_ZA.en.vtt	475775	1787041221081
C:\Users\natha\Projects\boyd-clips\research\reference\courtroomtime\subs\1uimdJNDcF0.en.vtt	435697	1787040839523
C:\Users\natha\Projects\boyd-clips\research\reference\courtroomtime\subs\3XT32bNObxE.en.vtt	508775	1787040626403
C:\Users\natha\Projects\boyd-clips\research\reference\courtroomtime\subs\4cpcRIq-CBU.en.vtt	522044	1787041231514
C:\Users\natha\Projects\boyd-clips\research\reference\courtroomtime\subs\5JVxWUuVIKA.en.vtt	515390	1787041241982
C:\Users\natha\Projects\boyd-clips\research\reference\courtroomtime\subs\5KOTKs73gIs.en.vtt	515327	1787041250524
C:\Users\natha\Projects\boyd-clips\research\reference\courtroomtime\subs\5u1B7PROo_s.en.vtt	450154	1787041259742
C:\Users\natha\Projects\boyd-clips\research\reference\courtroomtime\subs\6OCrsvDWbQk.en.vtt	555384	1787041267213
C:\Users\natha\Projects\boyd-clips\research\reference\courtroomtime\subs\6Tp2eiBjGB8.en.vtt	593533	1787038652700
C:\Users\natha\Projects\boyd-clips\research\reference\courtroomtime\subs\79nw7lP0jm0.en.vtt	59059	1787038729050
C:\Users\natha\Projects\boyd-clips\research\reference\courtroomtime\subs\7d24kXpFqfk.en.vtt	479314	1787041277473
C:\Users\natha\Projects\boyd-clips\research\reference\courtroomtime\subs\7l0Hfqm7mwo.en.vtt	502540	1787041284157
C:\Users\natha\Projects\boyd-clips\research\reference\courtroomtime\subs\8Ob5cjAvWqk.en.vtt	467931	1787041291364
C:\Users\natha\Projects\boyd-clips\research\reference\courtroomtime\subs\8lxIY35zb6Q.en.vtt	551798	1787040421484
C:\Users\natha\Projects\boyd-clips\research\reference\courtroomtime\subs\8n5raFtKul8.en.vtt	376039	1787040400016
C:\Users\natha\Projects\boyd-clips\research\reference\courtroomtime\subs\90Jpz7fnxLg.en.vtt	506161	1787041300726
C:\Users\natha\Projects\boyd-clips\research\reference\courtroomtime\subs\9G9Sg38viEI.en.vtt	544797	1787040497423
C:\Users\natha\Projects\boyd-clips\research\reference\courtroomtime\subs\9MpQ-jYrNic.en.vtt	542774	1787041307281
C:\Users\natha\Projects\boyd-clips\research\reference\courtroomtime\subs\9SEt0BUAumc.en.vtt	469061	1787041317627
C:\Users\natha\Projects\boyd-clips\research\reference\courtroomtime\subs\9ab4YTSQI-8.en.vtt	98230	1787038717788
C:\Users\natha\Projects\boyd-clips\research\reference\courtroomtime\subs\Ahf98gZq9cQ.en.vtt	483296	1787040535471
C:\Users\natha\Projects\boyd-clips\research\reference\courtroomtime\subs\AitV9i4HaMo.en.vtt	478252	1787041324208
C:\Users\natha\Projects\boyd-clips\research\reference\courtroomtime\subs\Ak0uI7mY1RQ.en.vtt	553238	1787041333206
C:\Users\natha\Projects\boyd-clips\research\reference\courtroomtime\subs\BcEOgA4PXJY.en.vtt	516743	1787041342785
C:\Users\natha\Projects\boyd-clips\research\reference\courtroomtime\subs\CMWL9LET4O0.en.vtt	480277	1787041349769
C:\Users\natha\Projects\boyd-clips\research\reference\courtroomtime\subs\CaSKqDbXN18.en.vtt	559157	1787040828919
C:\Users\natha\Projects\boyd-clips\research\reference\courtroomtime\subs\Cicw4IQ3lZY.en.vtt	485749	1787040688891
C:\Users\natha\Projects\boyd-clips\research\reference\courtroomtime\subs\DXelErGJHFQ.en.vtt	498095	1787041360135
C:\Users\natha\Projects\boyd-clips\research\reference\courtroomtime\subs\DdAaVpw6I7A.en.vtt	493525	1787041368489
C:\Users\natha\Projects\boyd-clips\research\reference\courtroomtime\subs\EDl20qeK2tA.en.vtt	565780	1787041375954
C:\Users\natha\Projects\boyd-clips\research\reference\courtroomtime\subs\ERPX6JpX5OU.en.vtt	103416	1787038614901
C:\Users\natha\Projects\boyd-clips\research\reference\courtroomtime\subs\FB4D3TakDeE.en.vtt	482897	1787040800452
C:\Users\natha\Projects\boyd-clips\research\reference\courtroomtime\subs\FhBLNJGUNss.en.vtt	510111	1787040556159
C:\Users\natha\Projects\boyd-clips\research\reference\courtroomtime\subs\FlDm6bq-5q0.en.vtt	449377	1787040546992
C:\Users\natha\Projects\boyd-clips\research\reference\courtroomtime\subs\FqwxLpnpAvg.en.vtt	505990	1787041382717
C:\Users\natha\Projects\boyd-clips\research\reference\courtroomtime\subs\GL9TWQKus4I.en.vtt	489338	1787041392938
C:\Users\natha\Projects\boyd-clips\research\reference\courtroomtime\subs\GNVIGuHZX4M.en.vtt	467707	1787041400199
C:\Users\natha\Projects\boyd-clips\research\reference\courtroomtime\subs\HBmnjocIIN0.en.vtt	322283	1787041410073
C:\Users\natha\Projects\boyd-clips\research\reference\courtroomtime\subs\HNdZGU_DYxg.en.vtt	495150	1787041417586
C:\Users\natha\Projects\boyd-clips\research\reference\courtroomtime\subs\I2YSdJvhc5Q.en.vtt	456948	1787040586279
C:\Users\natha\Projects\boyd-clips\research\reference\courtroomtime\subs\IKAyp22sVqw.en.vtt	536628	1787041426106
C:\Users\natha\Projects\boyd-clips\research\reference\courtroomtime\subs\J3LdwHAZR2E.en.vtt	596976	1787040454971
C:\Users\natha\Projects\boyd-clips\research\reference\courtroomtime\subs\JJvBAaPmbT0.en.vtt	534004	1787041432786
C:\Users\natha\Projects\boyd-clips\research\reference\courtroomtime\subs\Juz4xwOtmKo.en.vtt	526233	1787040735521
C:\Users\natha\Projects\boyd-clips\research\reference\courtroomtime\subs\LdX_2KVfdFc.en.vtt	532617	1787040514911
C:\Users\natha\Projects\boyd-clips\research\reference\courtroomtime\subs\MmJUmR_FD04.en.vtt	593750	1787041440050
C:\Users\natha\Projects\boyd-clips\research\reference\courtroomtime\subs\Mus571v9fyg.en.vtt	590047	1787040851050
C:\Users\natha\Projects\boyd-clips\research\reference\courtroomtime\subs\NGhC7zVw5K0.en.vtt	519638	1787040819295
C:\Users\natha\Projects\boyd-clips\research\reference\courtroomtime\subs\NOehmvfXvzs.en.vtt	495456	1787040717091
C:\Users\natha\Projects\boyd-clips\research\reference\courtroomtime\subs\NbiVwNebGDI.en.vtt	465618	1787041450234
C:\Users\natha\Projects\boyd-clips\research\reference\courtroomtime\subs\P3ksCfic4H8.en.vtt	490531	1787041459042
C:\Users\natha\Projects\boyd-clips\research\reference\courtroomtime\subs\PEMN3GUIzRk.en.vtt	487376	1787041465839
C:\Users\natha\Projects\boyd-clips\research\reference\courtroomtime\subs\PGPsTUQNrVI.en.vtt	497499	1787041473174
C:\Users\natha\Projects\boyd-clips\research\reference\courtroomtime\subs\Q8YWV6txjcU.en.vtt	443450	1787041481578
C:\Users\natha\Projects\boyd-clips\research\reference\courtroomtime\subs\Q9-u4_2rbhc.en.vtt	502538	1787041491135
C:\Users\natha\Projects\boyd-clips\research\reference\courtroomtime\subs\QJKuveBtFlI.en.vtt	504569	1787041501628
C:\Users\natha\Projects\boyd-clips\research\reference\courtroomtime\subs\QeDLgpuSnYc.en.vtt	485689	1787041511836
C:\Users\natha\Projects\boyd-clips\research\reference\courtroomtime\subs\QnZPN5ahfjM.en.vtt	452377	1787040725333
C:\Users\natha\Projects\boyd-clips\research\reference\courtroomtime\subs\RFvSevnE44k.en.vtt	460681	1787040475995
C:\Users\natha\Projects\boyd-clips\research\reference\courtroomtime\subs\RMh4C2py_go.en.vtt	470362	1787040663532
C:\Users\natha\Projects\boyd-clips\research\reference\courtroomtime\subs\RfF0ouKeE0w.en.vtt	125841	1787038719491
C:\Users\natha\Projects\boyd-clips\research\reference\courtroomtime\subs\SJVCGVnSLPs.en.vtt	581696	1787041519900
C:\Users\natha\Projects\boyd-clips\research\reference\courtroomtime\subs\SaECr1JPbRM.en.vtt	530000	1787041528982
C:\Users\natha\Projects\boyd-clips\research\reference\courtroomtime\subs\TK9vxQFAr-A.en.vtt	512260	1787040952600
C:\Users\natha\Projects\boyd-clips\research\reference\courtroomtime\subs\UJ1jnio8JGE.en.vtt	577737	1787041537643
C:\Users\natha\Projects\boyd-clips\research\reference\courtroomtime\subs\UhChAk-8sck.en.vtt	421380	1787040755754
C:\Users\natha\Projects\boyd-clips\research\reference\courtroomtime\subs\V4Ckr6fpnMo.en.vtt	481119	1787041546132
C:\Users\natha\Projects\boyd-clips\research\reference\courtroomtime\subs\VNxVT-Wf_iw.en.vtt	508930	1787041554930
C:\Users\natha\Projects\boyd-clips\research\reference\courtroomtime\subs\WP34khAlpeg.en.vtt	496918	1787040944230
C:\Users\natha\Projects\boyd-clips\research\reference\courtroomtime\subs\We1CGhVPYZw.en.vtt	494081	1787041562548
C:\Users\natha\Projects\boyd-clips\research\reference\courtroomtime\subs\WqQzUjvh5fk.en.vtt	502555	1787041569273
C:\Users\natha\Projects\boyd-clips\research\reference\courtroomtime\subs\XF6XdvMw7TY.en.vtt	473524	1787041578022
C:\Users\natha\Projects\boyd-clips\research\reference\courtroomtime\subs\XfnS0h91nLs.en.vtt	512335	1787041588270
C:\Users\natha\Projects\boyd-clips\research\reference\courtroomtime\subs\ZPkl7n4Lz3c.en.vtt	458806	1787041596780
C:\Users\natha\Projects\boyd-clips\research\reference\courtroomtime\subs\ZRnMHwL3_a8.en.vtt	482659	1787040921405
C:\Users\natha\Projects\boyd-clips\research\reference\courtroomtime\subs\ZgjExvGFwh8.en.vtt	363221	1787040779605
C:\Users\natha\Projects\boyd-clips\research\reference\courtroomtime\subs\_-WRN7q01OY.en.vtt	265833	1787038627797
C:\Users\natha\Projects\boyd-clips\research\reference\courtroomtime\subs\_72J_R_7Q3E.en.vtt	495100	1787041605548
C:\Users\natha\Projects\boyd-clips\research\reference\courtroomtime\subs\_QDVP7JaJ1g.en.vtt	475452	1787041615708
C:\Users\natha\Projects\boyd-clips\research\reference\courtroomtime\subs\_UswDhegtWc.en.vtt	510068	1787040681005
C:\Users\natha\Projects\boyd-clips\research\reference\courtroomtime\subs\aAXwxnEMGUg.en.vtt	597405	1787041622744
C:\Users\natha\Projects\boyd-clips\research\reference\courtroomtime\subs\aDkx5HF2AxA.en.vtt	469071	1787041630117
C:\Users\natha\Projects\boyd-clips\research\reference\courtroomtime\subs\aH0fnO4w-dg.en.vtt	502918	1787038681728
C:\Users\natha\Projects\boyd-clips\research\reference\courtroomtime\subs\bQjZEqsESqE.en.vtt	122608	1787038703705
C:\Users\natha\Projects\boyd-clips\research\reference\courtroomtime\subs\cCUM7lRs5FY.en.vtt	544497	1787041639901
C:\Users\natha\Projects\boyd-clips\research\reference\courtroomtime\subs\cgt803hp99M.en.vtt	514715	1787040505941
C:\Users\natha\Projects\boyd-clips\research\reference\courtroomtime\subs\df911vxEVZM.en.vtt	479856	1787041650188
C:\Users\natha\Projects\boyd-clips\research\reference\courtroomtime\subs\e1TlySqMRZw.en.vtt	561970	1787041658659
C:\Users\natha\Projects\boyd-clips\research\reference\courtroomtime\subs\eNCH5n2ZEpM.en.vtt	444001	1787040464722
C:\Users\natha\Projects\boyd-clips\research\reference\courtroomtime\subs\ePdAxp1Zs8Y.en.vtt	462279	1787038677513
C:\Users\natha\Projects\boyd-clips\research\reference\courtroomtime\subs\eq5ADhD_Pss.en.vtt	422953	1787041665927
C:\Users\natha\Projects\boyd-clips\research\reference\courtroomtime\subs\f1tAhjEMuMU.en.vtt	460846	1787041677153
C:\Users\natha\Projects\boyd-clips\research\reference\courtroomtime\subs\fWeaqmEORhw.en.vtt	485149	1787041684275
C:\Users\natha\Projects\boyd-clips\research\reference\courtroomtime\subs\ffPHV1dRpB4.en.vtt	602614	1787040932616
C:\Users\natha\Projects\boyd-clips\research\reference\courtroomtime\subs\gYwDTeSIZyA.en.vtt	587405	1787041693309
C:\Users\natha\Projects\boyd-clips\research\reference\courtroomtime\subs\h2uidTqhUZE.en.vtt	425297	1787041700130
C:\Users\natha\Projects\boyd-clips\research\reference\courtroomtime\subs\hVcs5QJtB5g.en.vtt	530652	1787041709807
C:\Users\natha\Projects\boyd-clips\research\reference\courtroomtime\subs\hecek06K7c8.en.vtt	506892	1787040790223
C:\Users\natha\Projects\boyd-clips\research\reference\courtroomtime\subs\hxQSRzEk8tQ.en.vtt	486457	1787040767770
C:\Users\natha\Projects\boyd-clips\research\reference\courtroomtime\subs\ihzmo7MZkPE.en.vtt	530217	1787040672249
C:\Users\natha\Projects\boyd-clips\research\reference\courtroomtime\subs\iyv5e6ZT3_8.en.vtt	400029	1787040526202
C:\Users\natha\Projects\boyd-clips\research\reference\courtroomtime\subs\jSweqD8jkA0.en.vtt	566961	1787040972409
C:\Users\natha\Projects\boyd-clips\research\reference\courtroomtime\subs\jk27Co80NXM.en.vtt	508210	1787041720048
C:\Users\natha\Projects\boyd-clips\research\reference\courtroomtime\subs\k4l1HZC6duA.en.vtt	456975	1787040564100
C:\Users\natha\Projects\boyd-clips\research\reference\courtroomtime\subs\k69GmELAgVw.en.vtt	457508	1787040409514
C:\Users\natha\Projects\boyd-clips\research\reference\courtroomtime\subs\kOzm3y2djKU.en.vtt	501784	1787040902098
C:\Users\natha\Projects\boyd-clips\research\reference\courtroomtime\subs\kPM8CGkHYGk.en.vtt	475103	1787040635030
C:\Users\natha\Projects\boyd-clips\research\reference\courtroomtime\subs\l34roJTpBrA.en.vtt	515185	1787040606222
C:\Users\natha\Projects\boyd-clips\research\reference\courtroomtime\subs\lOetEcdBw2I.en.vtt	519207	1787041728955
C:\Users\natha\Projects\boyd-clips\research\reference\courtroomtime\subs\lfAlCDsEQZ4.en.vtt	474683	1787038691022
C:\Users\natha\Projects\boyd-clips\research\reference\courtroomtime\subs\m2xDYWYHOcs.en.vtt	462811	1787041738911
C:\Users\natha\Projects\boyd-clips\research\reference\courtroomtime\subs\mTNxwGZmVZ8.en.vtt	544185	1787040961455
C:\Users\natha\Projects\boyd-clips\research\reference\courtroomtime\subs\nocT5AQREoQ.en.vtt	537466	1787041745908
C:\Users\natha\Projects\boyd-clips\research\reference\courtroomtime\subs\nt-MHhhil1o.en.vtt	456457	1787040697033
C:\Users\natha\Projects\boyd-clips\research\reference\courtroomtime\subs\o-itppbo-GY.en.vtt	502513	1787041756227
C:\Users\natha\Projects\boyd-clips\research\reference\courtroomtime\subs\oq8lhhDrSsY.en.vtt	518382	1787040654096
C:\Users\natha\Projects\boyd-clips\research\reference\courtroomtime\subs\p7LSbXwbAPE.en.vtt	586767	1787041765543
C:\Users\natha\Projects\boyd-clips\research\reference\courtroomtime\subs\q1Fo7x_0ItI.en.vtt	130485	1787038693389
C:\Users\natha\Projects\boyd-clips\research\reference\courtroomtime\subs\qExjfuwaMQc.en.vtt	488321	1787041775226
C:\Users\natha\Projects\boyd-clips\research\reference\courtroomtime\subs\r__BTILMgH4.en.vtt	535193	1787041782111
C:\Users\natha\Projects\boyd-clips\research\reference\courtroomtime\subs\ra0Z7fzxbBg.en.vtt	491557	1787041790241
C:\Users\natha\Projects\boyd-clips\research\reference\courtroomtime\subs\rcub_Jev9NE.en.vtt	567716	1787038642488
C:\Users\natha\Projects\boyd-clips\research\reference\courtroomtime\subs\swmcP7B2-3Q.en.vtt	513745	1787041809874
C:\Users\natha\Projects\boyd-clips\research\reference\courtroomtime\subs\tGKkLYZ-GN8.en.vtt	395971	1787040863492
C:\Users\natha\Projects\boyd-clips\research\reference\courtroomtime\subs\tWG9Qgb9Wgg.en.vtt	455482	1787041819064
C:\Users\natha\Projects\boyd-clips\research\reference\courtroomtime\subs\tg55ixq-IuI.en.vtt	529385	1787041829346
C:\Users\natha\Projects\boyd-clips\research\reference\courtroomtime\subs\urZza-9kdP0.en.vtt	150761	1787038663092
C:\Users\natha\Projects\boyd-clips\research\reference\courtroomtime\subs\uvPpcKiLFhk.en.vtt	352589	1787040809162
C:\Users\natha\Projects\boyd-clips\research\reference\courtroomtime\subs\v4LmO92Enks.en.vtt	484258	1787040645369
C:\Users\natha\Projects\boyd-clips\research\reference\courtroomtime\subs\ww-vZYahfqo.en.vtt	559100	1787040616998
C:\Users\natha\Projects\boyd-clips\research\reference\courtroomtime\subs\xIADBVtXawo.en.vtt	521822	1787041837652
C:\Users\natha\Projects\boyd-clips\research\reference\courtroomtime\subs\xUmB4XrFi3g.en.vtt	59921	1787038707766
C:\Users\natha\Projects\boyd-clips\research\reference\courtroomtime\subs\xyuW6ckwFjM.en.vtt	528191	1787040875719
C:\Users\natha\Projects\boyd-clips\research\reference\courtroomtime\subs\ySoMnZtzj2I.en.vtt	456753	1787040744465
C:\Users\natha\Projects\boyd-clips\research\reference\courtroomtime\subs\z05aWSTzw0k.en.vtt	416689	1787040443415
C:\Users\natha\Projects\boyd-clips\research\reference\courtroomtime\subs\z1QDxszhgjw.en.vtt	453980	1787040594281
C:\Users\natha\Projects\boyd-clips\research\reference\courtroomtime\subs\z7BclUmNk-c.en.vtt	505801	1787041847366
C:\Users\natha\Projects\boyd-clips\research\reference\courtroomtime\subs\zLMctq6Pwgo.en.vtt	452053	1787041855775
C:\Users\natha\Projects\boyd-clips\research\reference\courtroomtime\subs\zPUyOvj4veY.en.vtt	417511	1787040705304
C:\Users\natha\Projects\boyd-clips\research\reference\courtroomtime\subs\zqrmY4yWyak.en.vtt	510246	1787040488209
C:\Users\natha\Projects\boyd-clips\research\reference\courtroomtime\subs\zv9AWmvKF_I.en.vtt	494976	1787041865714
C:\Users\natha\Projects\boyd-clips\research\reference\courtroomtime\thumbmeta.json	7366	1787037615824
C:\Users\natha\Projects\boyd-clips\research\reference\courtroomtime\thumbs\bot_00000388_q1Fo7x_0ItI_maxresdefault.jpg	160275	1787037615823
C:\Users\natha\Projects\boyd-clips\research\reference\courtroomtime\thumbs\bot_00000749_RfF0ouKeE0w_maxresdefault.jpg	173113	1787037615607
C:\Users\natha\Projects\boyd-clips\research\reference\courtroomtime\thumbs\bot_00000988_79nw7lP0jm0_maxresdefault.jpg	170165	1787037615354
C:\Users\natha\Projects\boyd-clips\research\reference\courtroomtime\thumbs\bot_00001000_95HqsmyM-zI_maxresdefault.jpg	175251	1787037615156
C:\Users\natha\Projects\boyd-clips\research\reference\courtroomtime\thumbs\bot_00001100_--Mpaln4jx8_maxresdefault.jpg	357188	1787037614731
C:\Users\natha\Projects\boyd-clips\research\reference\courtroomtime\thumbs\bot_00001100_U204YIfp-rc_maxresdefault.jpg	183018	1787037614935
C:\Users\natha\Projects\boyd-clips\research\reference\courtroomtime\thumbs\bot_00001200_qlDoZCJs620_maxresdefault.jpg	209235	1787037614496
C:\Users\natha\Projects\boyd-clips\research\reference\courtroomtime\thumbs\bot_00001300_rUJ__Sb3Y8w_maxresdefault.jpg	167843	1787037614282
C:\Users\natha\Projects\boyd-clips\research\reference\courtroomtime\thumbs\bot_00001500_gVVI_SdlsvA_maxresdefault.jpg	181111	1787037614043
C:\Users\natha\Projects\boyd-clips\research\reference\courtroomtime\thumbs\bot_00001700_-YRHSSLanxk_maxresdefault.jpg	182529	1787037613770
C:\Users\natha\Projects\boyd-clips\research\reference\courtroomtime\thumbs\top_00204000_J3LdwHAZR2E_maxresdefault.jpg	202545	1787037613519
C:\Users\natha\Projects\boyd-clips\research\reference\courtroomtime\thumbs\top_00209000_z05aWSTzw0k_maxresdefault.jpg	196916	1787037613230
C:\Users\natha\Projects\boyd-clips\research\reference\courtroomtime\thumbs\top_00214000__eMKRoRaE_w_maxresdefault.jpg	149761	1787037612965
C:\Users\natha\Projects\boyd-clips\research\reference\courtroomtime\thumbs\top_00233000_-iPnSFl434E_maxresdefault.jpg	288574	1787037612752
C:\Users\natha\Projects\boyd-clips\research\reference\courtroomtime\thumbs\top_00241000_8lxIY35zb6Q_maxresdefault.jpg	290794	1787037612498
C:\Users\natha\Projects\boyd-clips\research\reference\courtroomtime\thumbs\top_00277000_k69GmELAgVw_maxresdefault.jpg	165770	1787037612245
C:\Users\natha\Projects\boyd-clips\research\reference\courtroomtime\thumbs\top_00305000_8n5raFtKul8_maxresdefault.jpg	146057	1787037612028
C:\Users\natha\Projects\boyd-clips\research\reference\courtroomtime\thumbs\top_00308000_lfAlCDsEQZ4_maxresdefault.jpg	215287	1787037611797
C:\Users\natha\Projects\boyd-clips\research\reference\courtroomtime\thumbs\top_00335000_aH0fnO4w-dg_maxresdefault.jpg	224230	1787037611561
C:\Users\natha\Projects\boyd-clips\research\reference\courtroomtime\thumbs\top_00354000_ePdAxp1Zs8Y_maxresdefault.jpg	198923	1787037611338
C:\Users\natha\Projects\boyd-clips\research\reference\courtroomtime\thumbs\top_00379000_urZza-9kdP0_maxresdefault.jpg	163777	1787037611064
C:\Users\natha\Projects\boyd-clips\research\reference\courtroomtime\thumbs\top_00529000_6Tp2eiBjGB8_maxresdefault.jpg	239898	1787037610847
C:\Users\natha\Projects\boyd-clips\research\reference\courtroomtime\thumbs\top_00553000_rcub_Jev9NE_maxresdefault.jpg	178033	1787037610617
C:\Users\natha\Projects\boyd-clips\research\reference\courtroomtime\thumbs\top_00790000__-WRN7q01OY_maxresdefault.jpg	152515	1787037610410
C:\Users\natha\Projects\boyd-clips\research\reference\courtroomtime\thumbs\top_00891000_ERPX6JpX5OU_maxresdefault.jpg	174660	1787037610208
C:\Users\natha\Projects\boyd-clips\research\reference\courtroomtime\txt\6Tp2eiBjGB8.txt	68416	1787038760090
C:\Users\natha\Projects\boyd-clips\research\reference\courtroomtime\txt\79nw7lP0jm0.txt	6519	1787038760091
C:\Users\natha\Projects\boyd-clips\research\reference\courtroomtime\txt\9ab4YTSQI-8.txt	10834	1787038760093
C:\Users\natha\Projects\boyd-clips\research\reference\courtroomtime\txt\ERPX6JpX5OU.txt	11445	1787038760095
C:\Users\natha\Projects\boyd-clips\research\reference\courtroomtime\txt\RfF0ouKeE0w.txt	14458	1787038760097
C:\Users\natha\Projects\boyd-clips\research\reference\courtroomtime\txt\_-WRN7q01OY.txt	29500	1787038760101
C:\Users\natha\Projects\boyd-clips\research\reference\courtroomtime\txt\aH0fnO4w-dg.txt	56265	1787038760109
C:\Users\natha\Projects\boyd-clips\research\reference\courtroomtime\txt\bQjZEqsESqE.txt	13286	1787038760111
C:\Users\natha\Projects\boyd-clips\research\reference\courtroomtime\txt\ePdAxp1Zs8Y.txt	51914	1787038760118
C:\Users\natha\Projects\boyd-clips\research\reference\courtroomtime\txt\lfAlCDsEQZ4.txt	52876	1787038760124
C:\Users\natha\Projects\boyd-clips\research\reference\courtroomtime\txt\q1Fo7x_0ItI.txt	14523	1787038760127
C:\Users\natha\Projects\boyd-clips\research\reference\courtroomtime\txt\rcub_Jev9NE.txt	65589	1787038760135
C:\Users\natha\Projects\boyd-clips\research\reference\courtroomtime\txt\urZza-9kdP0.txt	16711	1787038760137
C:\Users\natha\Projects\boyd-clips\research\reference\courtroomtime\txt\xUmB4XrFi3g.txt	6830	1787038760138
C:\Users\natha\Projects\boyd-clips\research\reference\handpicked\subs\Zazh1DMRaus.en-orig.vtt	861794	1787282348332
C:\Users\natha\Projects\boyd-clips\research\reference\handpicked\subs\Zazh1DMRaus.en.vtt	861794	1787282348559
C:\Users\natha\Projects\boyd-clips\research\reference\juridocs\subs\51a_FSWkXg8.en-orig.vtt	128702	1787256629157
C:\Users\natha\Projects\boyd-clips\research\reference\juridocs\subs\51a_FSWkXg8.en.vtt	128702	1787256629211
C:\Users\natha\Projects\boyd-clips\research\reference\juridocs\subs\5mAEu85LVEs.en-orig.vtt	131717	1787256567205
C:\Users\natha\Projects\boyd-clips\research\reference\juridocs\subs\5mAEu85LVEs.en.vtt	131717	1787256567270
C:\Users\natha\Projects\boyd-clips\research\reference\juridocs\subs\A6_PHQHIL_k.en-orig.vtt	119867	1787256574632
C:\Users\natha\Projects\boyd-clips\research\reference\juridocs\subs\A6_PHQHIL_k.en.vtt	119867	1787256574687
C:\Users\natha\Projects\boyd-clips\research\reference\juridocs\subs\CF0zQVJKVTY.en-orig.vtt	122942	1787256621261
C:\Users\natha\Projects\boyd-clips\research\reference\juridocs\subs\CF0zQVJKVTY.en.vtt	122942	1787256621325
C:\Users\natha\Projects\boyd-clips\research\reference\juridocs\subs\CRPkE_BgTa0.en-orig.vtt	130697	1787256543400
C:\Users\natha\Projects\boyd-clips\research\reference\juridocs\subs\CRPkE_BgTa0.en.vtt	130697	1787256543459
C:\Users\natha\Projects\boyd-clips\research\reference\juridocs\subs\CnWFYdYxy3g.en-orig.vtt	111369	1787256720662
C:\Users\natha\Projects\boyd-clips\research\reference\juridocs\subs\CnWFYdYxy3g.en.vtt	111369	1787256720722
C:\Users\natha\Projects\boyd-clips\research\reference\juridocs\subs\DFhTMxDRaBQ.en-orig.vtt	96006	1787256656974
C:\Users\natha\Projects\boyd-clips\research\reference\juridocs\subs\DFhTMxDRaBQ.en.vtt	96006	1787256657023
C:\Users\natha\Projects\boyd-clips\research\reference\juridocs\subs\DOQkt8phvt4.en-orig.vtt	135127	1787256676593
C:\Users\natha\Projects\boyd-clips\research\reference\juridocs\subs\DOQkt8phvt4.en.vtt	135127	1787256676646
C:\Users\natha\Projects\boyd-clips\research\reference\juridocs\subs\E_H4ZnrSJX4.en-orig.vtt	116732	1787256590878
C:\Users\natha\Projects\boyd-clips\research\reference\juridocs\subs\E_H4ZnrSJX4.en.vtt	116732	1787256590966
C:\Users\natha\Projects\boyd-clips\research\reference\juridocs\subs\F8fiyoS9tzg.en-orig.vtt	66948	1787256708802
C:\Users\natha\Projects\boyd-clips\research\reference\juridocs\subs\F8fiyoS9tzg.en.vtt	66948	1787256708850
C:\Users\natha\Projects\boyd-clips\research\reference\juridocs\subs\IIGn2tvPm5o.en-orig.vtt	126528	1787256609628
C:\Users\natha\Projects\boyd-clips\research\reference\juridocs\subs\IIGn2tvPm5o.en.vtt	126528	1787256609689
C:\Users\natha\Projects\boyd-clips\research\reference\juridocs\subs\Ib3rXR1ygIM.en-orig.vtt	77979	1787256712550
C:\Users\natha\Projects\boyd-clips\research\reference\juridocs\subs\Ib3rXR1ygIM.en.vtt	77979	1787256712607
C:\Users\natha\Projects\boyd-clips\research\reference\juridocs\subs\LsVGyFVnnFM.en-orig.vtt	121488	1787256716598
C:\Users\natha\Projects\boyd-clips\research\reference\juridocs\subs\LsVGyFVnnFM.en.vtt	121488	1787256716656
C:\Users\natha\Projects\boyd-clips\research\reference\juridocs\subs\O-Wex3UhEGo.en-orig.vtt	148904	1787256555280
C:\Users\natha\Projects\boyd-clips\research\reference\juridocs\subs\O-Wex3UhEGo.en.vtt	148904	1787256555335
C:\Users\natha\Projects\boyd-clips\research\reference\juridocs\subs\OHwKIMuAWlw.en-orig.vtt	99340	1787256606106
C:\Users\natha\Projects\boyd-clips\research\reference\juridocs\subs\OHwKIMuAWlw.en.vtt	99340	1787256606153
C:\Users\natha\Projects\boyd-clips\research\reference\juridocs\subs\Ok0kiILmRLc.en-orig.vtt	157841	1787256665216
C:\Users\natha\Projects\boyd-clips\research\reference\juridocs\subs\Ok0kiILmRLc.en.vtt	157841	1787256665279
C:\Users\natha\Projects\boyd-clips\research\reference\juridocs\subs\P2Wkys7TvQA.en-orig.vtt	98270	1787256559181
C:\Users\natha\Projects\boyd-clips\research\reference\juridocs\subs\P2Wkys7TvQA.en.vtt	98270	1787256559229
C:\Users\natha\Projects\boyd-clips\research\reference\juridocs\subs\QJF4EOyX4Uo.en-orig.vtt	205945	1787256705025
C:\Users\natha\Projects\boyd-clips\research\reference\juridocs\subs\QJF4EOyX4Uo.en.vtt	205945	1787256705091
C:\Users\natha\Projects\boyd-clips\research\reference\juridocs\subs\QcAdfgB4Mo8.en-orig.vtt	148336	1787256617531
C:\Users\natha\Projects\boyd-clips\research\reference\juridocs\subs\QcAdfgB4Mo8.en.vtt	148336	1787256617592
C:\Users\natha\Projects\boyd-clips\research\reference\juridocs\subs\R9WwMueR4zY.en-orig.vtt	114985	1787256684369
C:\Users\natha\Projects\boyd-clips\research\reference\juridocs\subs\R9WwMueR4zY.en.vtt	114985	1787256684436
C:\Users\natha\Projects\boyd-clips\research\reference\juridocs\subs\T2AWYwk985g.en-orig.vtt	135123	1787256692108
C:\Users\natha\Projects\boyd-clips\research\reference\juridocs\subs\T2AWYwk985g.en.vtt	135123	1787256692168
C:\Users\natha\Projects\boyd-clips\research\reference\juridocs\subs\T7vk-hPhZRw.en-orig.vtt	87001	1787256598485
C:\Users\natha\Projects\boyd-clips\research\reference\juridocs\subs\T7vk-hPhZRw.en.vtt	87001	1787256598538
C:\Users\natha\Projects\boyd-clips\research\reference\juridocs\subs\TSFuSmGG4rk.en-orig.vtt	130235	1787256688042
C:\Users\natha\Projects\boyd-clips\research\reference\juridocs\subs\TSFuSmGG4rk.en.vtt	130235	1787256688102
C:\Users\natha\Projects\boyd-clips\research\reference\juridocs\subs\TkzzbLou1iM.en-orig.vtt	72633	1787256672885
C:\Users\natha\Projects\boyd-clips\research\reference\juridocs\subs\TkzzbLou1iM.en.vtt	72633	1787256672954
C:\Users\natha\Projects\boyd-clips\research\reference\juridocs\subs\U6pFgpf0_7E.en-orig.vtt	285791	1787256547195
C:\Users\natha\Projects\boyd-clips\research\reference\juridocs\subs\U6pFgpf0_7E.en.vtt	285791	1787256547289
C:\Users\natha\Projects\boyd-clips\research\reference\juridocs\subs\VEBO7ic_EeA.en-orig.vtt	145021	1787256633146
C:\Users\natha\Projects\boyd-clips\research\reference\juridocs\subs\VEBO7ic_EeA.en.vtt	145021	1787256633202
C:\Users\natha\Projects\boyd-clips\research\reference\juridocs\subs\XqPI6LphQWk.en-orig.vtt	121950	1787256669255
C:\Users\natha\Projects\boyd-clips\research\reference\juridocs\subs\XqPI6LphQWk.en.vtt	121950	1787256669309
C:\Users\natha\Projects\boyd-clips\research\reference\juridocs\subs\_myEKh4l2ls.en-orig.vtt	131004	1787256641282
C:\Users\natha\Projects\boyd-clips\research\reference\juridocs\subs\_myEKh4l2ls.en.vtt	131004	1787256641335
C:\Users\natha\Projects\boyd-clips\research\reference\juridocs\subs\aXRXCOEsPcg.en-orig.vtt	150408	1787256637036
C:\Users\natha\Projects\boyd-clips\research\reference\juridocs\subs\aXRXCOEsPcg.en.vtt	150408	1787256637096
C:\Users\natha\Projects\boyd-clips\research\reference\juridocs\subs\bb5UhR-V_1k.en-orig.vtt	136921	1787256660932
C:\Users\natha\Projects\boyd-clips\research\reference\juridocs\subs\bb5UhR-V_1k.en.vtt	136921	1787256660989
C:\Users\natha\Projects\boyd-clips\research\reference\juridocs\subs\cSS8FL63iok.en-orig.vtt	165157	1787256578852
C:\Users\natha\Projects\boyd-clips\research\reference\juridocs\subs\cSS8FL63iok.en.vtt	165157	1787256578920
C:\Users\natha\Projects\boyd-clips\research\reference\juridocs\subs\g3zdN7WzvJk.en-orig.vtt	208118	1787256551377
C:\Users\natha\Projects\boyd-clips\research\reference\juridocs\subs\g3zdN7WzvJk.en.vtt	208118	1787256551452
C:\Users\natha\Projects\boyd-clips\research\reference\juridocs\subs\gqnH5QRypJA.en-orig.vtt	47813	1787256652588
C:\Users\natha\Projects\boyd-clips\research\reference\juridocs\subs\gqnH5QRypJA.en.vtt	47813	1787256652721
C:\Users\natha\Projects\boyd-clips\research\reference\juridocs\subs\gy8rILWaCXk.en-orig.vtt	130188	1787256570999
C:\Users\natha\Projects\boyd-clips\research\reference\juridocs\subs\gy8rILWaCXk.en.vtt	130188	1787256571062
C:\Users\natha\Projects\boyd-clips\research\reference\juridocs\subs\hE9gx4ouivc.en-orig.vtt	159766	1787256700857
C:\Users\natha\Projects\boyd-clips\research\reference\juridocs\subs\hE9gx4ouivc.en.vtt	159766	1787256700924
C:\Users\natha\Projects\boyd-clips\research\reference\juridocs\subs\i2GLjt3wMME.en-orig.vtt	188174	1787256696281
C:\Users\natha\Projects\boyd-clips\research\reference\juridocs\subs\i2GLjt3wMME.en.vtt	188174	1787256696369
C:\Users\natha\Projects\boyd-clips\research\reference\juridocs\subs\iPFTYAi-rT4.en-orig.vtt	148620	1787256582896
C:\Users\natha\Projects\boyd-clips\research\reference\juridocs\subs\iPFTYAi-rT4.en.vtt	148620	1787256582956
C:\Users\natha\Projects\boyd-clips\research\reference\juridocs\subs\m1_u1pxUIik.en-orig.vtt	181387	1787256562777
C:\Users\natha\Projects\boyd-clips\research\reference\juridocs\subs\m1_u1pxUIik.en.vtt	181387	1787256562841
C:\Users\natha\Projects\boyd-clips\research\reference\juridocs\subs\o4kDlcmKOdk.en-orig.vtt	127097	1787256602482
C:\Users\natha\Projects\boyd-clips\research\reference\juridocs\subs\o4kDlcmKOdk.en.vtt	127097	1787256602554
C:\Users\natha\Projects\boyd-clips\research\reference\juridocs\subs\okY8q84LMpw.en-orig.vtt	136613	1787256586550
C:\Users\natha\Projects\boyd-clips\research\reference\juridocs\subs\okY8q84LMpw.en.vtt	136613	1787256586607
C:\Users\natha\Projects\boyd-clips\research\reference\juridocs\subs\qhg21VxmrrQ.en-orig.vtt	170458	1787256594473
C:\Users\natha\Projects\boyd-clips\research\reference\juridocs\subs\qhg21VxmrrQ.en.vtt	170458	1787256594555
C:\Users\natha\Projects\boyd-clips\research\reference\juridocs\subs\qqHojSFk0_8.en-orig.vtt	173766	1787256680583
C:\Users\natha\Projects\boyd-clips\research\reference\juridocs\subs\qqHojSFk0_8.en.vtt	173766	1787256680647
C:\Users\natha\Projects\boyd-clips\research\reference\juridocs\subs\skm9EfHpr6A.en-orig.vtt	136626	1787256645134
C:\Users\natha\Projects\boyd-clips\research\reference\juridocs\subs\skm9EfHpr6A.en.vtt	136626	1787256645208
C:\Users\natha\Projects\boyd-clips\research\reference\juridocs\subs\tBV3ZS51dlU.en-orig.vtt	109332	1787256648870
C:\Users\natha\Projects\boyd-clips\research\reference\juridocs\subs\tBV3ZS51dlU.en.vtt	109332	1787256648927
C:\Users\natha\Projects\boyd-clips\research\reference\juridocs\subs\uiHRUjZxR6o.en-orig.vtt	160660	1787256539162
C:\Users\natha\Projects\boyd-clips\research\reference\juridocs\subs\uiHRUjZxR6o.en.vtt	160660	1787256539235
C:\Users\natha\Projects\boyd-clips\research\reference\juridocs\subs\vazUK9l2WA0.en-orig.vtt	193697	1787256614018
C:\Users\natha\Projects\boyd-clips\research\reference\juridocs\subs\vazUK9l2WA0.en.vtt	193697	1787256614087
C:\Users\natha\Projects\boyd-clips\research\reference\juridocs\subs\xsOk13fpPMM.en-orig.vtt	147493	1787256625271
C:\Users\natha\Projects\boyd-clips\research\reference\juridocs\subs\xsOk13fpPMM.en.vtt	147493	1787256625349
C:\Users\natha\Projects\boyd-clips\research\reference\shiningjustice_marathon_t0410_panel-complete-amber-sentence.jpg	158744	1786506248823
C:\Users\natha\Projects\boyd-clips\research\reference\shiningjustice_marathon_t0475_panel-empty-pending-fields.jpg	134380	1786506248905
C:\Users\natha\Projects\boyd-clips\research\reference\shiningjustice_marathon_t1700_motion-to-revoke-fieldset.jpg	158136	1786506248988
C:\Users\natha\Projects\boyd-clips\research\reference\shiningjustice_marathon_t2600_navy-blue-variant-amber-judgment.jpg	154550	1786506249157
C:\Users\natha\Projects\boyd-clips\research\reference\shiningjustice_marathon_t4000_fullscreen-surveillance-evidence.jpg	181851	1786506249238
C:\Users\natha\Projects\boyd-clips\research\reference\shiningjustice_marathon_t8000_two-count-two-column-variant.jpg	190145	1786506249073
C:\Users\natha\Projects\boyd-clips\research\reference\thumb_baseline.json	54069	1787497771916
C:\Users\natha\Projects\boyd-clips\research\retired\banger.py	9270	1787039439142
C:\Users\natha\Projects\boyd-clips\research\retired\dialogue_metrics.py	5564	1786470462835
C:\Users\natha\Projects\boyd-clips\research\retired\notoriety.py	14944	1786984024485
C:\Users\natha\Projects\boyd-clips\retry.log	22	1787038015138
C:\Users\natha\Projects\boyd-clips\run_daily.ps1	1633	1786330703708
C:\Users\natha\Projects\boyd-clips\scan.err	0	1787046775263
C:\Users\natha\Projects\boyd-clips\scan.log	2388	1787047827026
C:\Users\natha\Projects\boyd-clips\scripts\._eval_tmp.png	1098338	1787499726935
C:\Users\natha\Projects\boyd-clips\scripts\_beatdump.py	675	1786929193410
C:\Users\natha\Projects\boyd-clips\scripts\_l2cache\CARTHIEF_bench_16807_birefnet-portrait.png	2107	1787994639816
C:\Users\natha\Projects\boyd-clips\scripts\_l2cache\CARTHIEF_bench_23480_birefnet-portrait.png	1906	1787994663431
C:\Users\natha\Projects\boyd-clips\scripts\_l2cache\CARTHIEF_bench_23798_birefnet-portrait.png	1917	1787994604834
C:\Users\natha\Projects\boyd-clips\scripts\_l2cache\CARTHIEF_court_17760_birefnet-general-lite.png	2579	1787994772996
C:\Users\natha\Projects\boyd-clips\scripts\_l2cache\CARTHIEF_court_29042_birefnet-general-lite.png	2546	1787994792090
C:\Users\natha\Projects\boyd-clips\scripts\_l2cache\CARTHIEF_court_30154_birefnet-general-lite.png	2671	1787994752403
C:\Users\natha\Projects\boyd-clips\scripts\_l2cache\CARTHIEF_court_30789_birefnet-general-lite.png	2628	1787994716195
C:\Users\natha\Projects\boyd-clips\scripts\_l2cache\CARTHIEF_court_31584_birefnet-general-lite.png	2539	1787994732434
C:\Users\natha\Projects\boyd-clips\scripts\_l2cache\CARTHIEF_court_32061_birefnet-general-lite.png	2533	1787994690061
C:\Users\natha\Projects\boyd-clips\scripts\_l2cache\census_CARTHIEF_200.json	279746	1787994947583
C:\Users\natha\Projects\boyd-clips\scripts\adaptive\build_adaptive.py	30911	1787991861544
C:\Users\natha\Projects\boyd-clips\scripts\adaptive\layout_core.py	11689	1787991861500
C:\Users\natha\Projects\boyd-clips\scripts\adaptive\place.py	9050	1787991861519
C:\Users\natha\Projects\boyd-clips\scripts\align_clips.py	7184	1787256768743
C:\Users\natha\Projects\boyd-clips\scripts\animate_docs.py	7157	1786697945081
C:\Users\natha\Projects\boyd-clips\scripts\assemble_final.py	8031	1786693290228
C:\Users\natha\Projects\boyd-clips\scripts\audit_cuts.py	4931	1787419966113
C:\Users\natha\Projects\boyd-clips\scripts\backfill_analyse.py	4715	1786490397138
C:\Users\natha\Projects\boyd-clips\scripts\backfill_transcripts.py	3249	1786441352347
C:\Users\natha\Projects\boyd-clips\scripts\batch_vertical.py	5738	1787422400076
C:\Users\natha\Projects\boyd-clips\scripts\build_C_MAGNIFIER.py	5453	1787975889232
C:\Users\natha\Projects\boyd-clips\scripts\build_arc.py	7632	1787048948611
C:\Users\natha\Projects\boyd-clips\scripts\build_body.py	4454	1786598190707
C:\Users\natha\Projects\boyd-clips\scripts\build_browse_editor.py	16390	1787360141847
C:\Users\natha\Projects\boyd-clips\scripts\build_case_longform.py	14649	1787812463508
C:\Users\natha\Projects\boyd-clips\scripts\build_compilation.py	4502	1786405212798
C:\Users\natha\Projects\boyd-clips\scripts\build_editor.py	8506	1787347911892
C:\Users\natha\Projects\boyd-clips\scripts\build_longform.py	6938	1786678679968
C:\Users\natha\Projects\boyd-clips\scripts\build_open.py	4266	1786593922541
C:\Users\natha\Projects\boyd-clips\scripts\build_rating_page.py	9820	1787262107879
C:\Users\natha\Projects\boyd-clips\scripts\build_short_editor.py	8979	1787357915197
C:\Users\natha\Projects\boyd-clips\scripts\build_srt.py	5427	1786694468775
C:\Users\natha\Projects\boyd-clips\scripts\build_studio.py	80171	1787420151714
C:\Users\natha\Projects\boyd-clips\scripts\build_thompson_formA.py	5026	1786929259465
C:\Users\natha\Projects\boyd-clips\scripts\build_thompson_longform.py	5794	1787247614872
C:\Users\natha\Projects\boyd-clips\scripts\build_thompson_v2.py	6862	1786950485452
C:\Users\natha\Projects\boyd-clips\scripts\build_thompson_v3.py	9623	1786957732978
C:\Users\natha\Projects\boyd-clips\scripts\calibrate_hearingtype.py	2919	1787066423792
C:\Users\natha\Projects\boyd-clips\scripts\calibrate_variants.py	2583	1787464972326
C:\Users\natha\Projects\boyd-clips\scripts\caption_edit.py	12669	1787425825378
C:\Users\natha\Projects\boyd-clips\scripts\caption_probe.py	6514	1786949020718
C:\Users\natha\Projects\boyd-clips\scripts\caption_short.py	17101	1787981875238
C:\Users\natha\Projects\boyd-clips\scripts\caption_thompson_style.py	8180	1787428872857
C:\Users\natha\Projects\boyd-clips\scripts\caption_variants.py	13153	1787465423109
C:\Users\natha\Projects\boyd-clips\scripts\case_dossier.py	10026	1786518367610
C:\Users\natha\Projects\boyd-clips\scripts\castillo_open.booth.txt	3832	1786678599428
C:\Users\natha\Projects\boyd-clips\scripts\castillo_open.direction.json	13016	1786678554472
C:\Users\natha\Projects\boyd-clips\scripts\castillo_open.txt	996	1786593098771
C:\Users\natha\Projects\boyd-clips\scripts\censor.py	972	1786690908663
C:\Users\natha\Projects\boyd-clips\scripts\check_vertical.py	4188	1787421754611
C:\Users\natha\Projects\boyd-clips\scripts\clip_moments.py	4022	1786404525215
C:\Users\natha\Projects\boyd-clips\scripts\collect_bangers.py	2676	1787031277362
C:\Users\natha\Projects\boyd-clips\scripts\cut_shortlist.py	5414	1787308503378
C:\Users\natha\Projects\boyd-clips\scripts\diag_camacho.py	1061	1787062018540
C:\Users\natha\Projects\boyd-clips\scripts\diag_drift.py	1709	1787062069995
C:\Users\natha\Projects\boyd-clips\scripts\diag_identity.py	1373	1787063720415
C:\Users\natha\Projects\boyd-clips\scripts\discover_phrases.py	4310	1787067353397
C:\Users\natha\Projects\boyd-clips\scripts\doc_cards.py	8220	1786527681867
C:\Users\natha\Projects\boyd-clips\scripts\eval_open.py	16385	1786596909337
C:\Users\natha\Projects\boyd-clips\scripts\find_called_hearings.py	5666	1787301423553
C:\Users\natha\Projects\boyd-clips\scripts\find_funny.py	3765	1787248598066
C:\Users\natha\Projects\boyd-clips\scripts\find_hearings.py	6387	1787300459265
C:\Users\natha\Projects\boyd-clips\scripts\find_questions.py	3471	1787297954303
C:\Users\natha\Projects\boyd-clips\scripts\find_wentthere.py	12844	1787266183213
C:\Users\natha\Projects\boyd-clips\scripts\fix_mutes.py	7009	1786692137559
C:\Users\natha\Projects\boyd-clips\scripts\hook_short.py	16183	1786439534899
C:\Users\natha\Projects\boyd-clips\scripts\index_moments.py	3770	1787358256255
C:\Users\natha\Projects\boyd-clips\scripts\inspect_transcript.py	1754	1787067178396
C:\Users\natha\Projects\boyd-clips\scripts\judge_defendant_voice.py	6314	1787305943289
C:\Users\natha\Projects\boyd-clips\scripts\judge_hearings.py	6300	1787304550193
C:\Users\natha\Projects\boyd-clips\scripts\judge_moments.py	6256	1787068595781
C:\Users\natha\Projects\boyd-clips\scripts\judge_nathan.py	7440	1787306754730
C:\Users\natha\Projects\boyd-clips\scripts\layout_L1_system.py	72197	1787995341100
C:\Users\natha\Projects\boyd-clips\scripts\layout_L2_eyeline.py	59656	1787994904622
C:\Users\natha\Projects\boyd-clips\scripts\layout_L3_tight.py	67238	1787995560674
C:\Users\natha\Projects\boyd-clips\scripts\make_banner.py	5428	1786488805379
C:\Users\natha\Projects\boyd-clips\scripts\make_short.py	14685	1787420151714
C:\Users\natha\Projects\boyd-clips\scripts\make_short_auto.py	8468	1787993999808
C:\Users\natha\Projects\boyd-clips\scripts\make_thumbnail.py	9251	1786691273463
C:\Users\natha\Projects\boyd-clips\scripts\make_thumbnail_auto.py	4555	1787997252771
C:\Users\natha\Projects\boyd-clips\scripts\make_thumbnail_quiet.py	7946	1787988055657
C:\Users\natha\Projects\boyd-clips\scripts\make_thumbnail_v2.py	19067	1787496058823
C:\Users\natha\Projects\boyd-clips\scripts\make_thumbnail_v3.py	9565	1787496623381
C:\Users\natha\Projects\boyd-clips\scripts\make_thumbnail_v4.py	11518	1787534535253
C:\Users\natha\Projects\boyd-clips\scripts\make_thumbnail_v5.py	38352	1787972578396
C:\Users\natha\Projects\boyd-clips\scripts\make_watermarks.py	4845	1786503342053
C:\Users\natha\Projects\boyd-clips\scripts\make_watermarks_v2.py	7154	1786504955654
C:\Users\natha\Projects\boyd-clips\scripts\master_body.py	6069	1786600386144
C:\Users\natha\Projects\boyd-clips\scripts\mine_clip_phrases.py	5221	1787253939190
C:\Users\natha\Projects\boyd-clips\scripts\mine_moments.py	3191	1787067684106
C:\Users\natha\Projects\boyd-clips\scripts\news_cards.py	6277	1786693931585
C:\Users\natha\Projects\boyd-clips\scripts\next_videos.py	2934	1786983539347
C:\Users\natha\Projects\boyd-clips\scripts\peek_rescore.py	1497	1787048241862
C:\Users\natha\Projects\boyd-clips\scripts\pick_plate.py	5925	1787996812696
C:\Users\natha\Projects\boyd-clips\scripts\pick_reaction.py	5748	1787969505345
C:\Users\natha\Projects\boyd-clips\scripts\pipeline_map.py	11925	1787043017037
C:\Users\natha\Projects\boyd-clips\scripts\prefetch_sources.py	10837	1787049078233
C:\Users\natha\Projects\boyd-clips\scripts\probe_missing_oncamera.py	2173	1787049897913
C:\Users\natha\Projects\boyd-clips\scripts\probe_speaker_highlight.py	4368	1787032276654
C:\Users\natha\Projects\boyd-clips\scripts\probe_tiles.py	2629	1787156870455
C:\Users\natha\Projects\boyd-clips\scripts\pull_archive.py	6337	1787253758847
C:\Users\natha\Projects\boyd-clips\scripts\pull_competitor_subs.py	4521	1787255038650
C:\Users\natha\Projects\boyd-clips\scripts\q3lib.py	19144	1787995042661
C:\Users\natha\Projects\boyd-clips\scripts\rank_hearings.py	6464	1787303498960
C:\Users\natha\Projects\boyd-clips\scripts\real_doc_cards.py	9599	1786696912030
C:\Users\natha\Projects\boyd-clips\scripts\rebuild_longform.py	8535	1786978258084
C:\Users\natha\Projects\boyd-clips\scripts\regroup_plate.py	7581	1787970632016
C:\Users\natha\Projects\boyd-clips\scripts\repeat_shortlist.py	3894	1787047779140
C:\Users\natha\Projects\boyd-clips\scripts\rerender_short.py	5622	1786931522068
C:\Users\natha\Projects\boyd-clips\scripts\rescore.py	4579	1787048414877
C:\Users\natha\Projects\boyd-clips\scripts\rescore_repeats.py	8649	1787047605525
C:\Users\natha\Projects\boyd-clips\scripts\reverse_edit.py	5191	1787465496161
C:\Users\natha\Projects\boyd-clips\scripts\review_moments.py	8888	1787264686298
C:\Users\natha\Projects\boyd-clips\scripts\run_case.py	4348	1787997323623
C:\Users\natha\Projects\boyd-clips\scripts\scan_repeats_oncamera.py	2689	1787046769491
C:\Users\natha\Projects\boyd-clips\scripts\serve_range.py	2176	1787362069501
C:\Users\natha\Projects\boyd-clips\scripts\shortlist_brief.py	3214	1787061938906
C:\Users\natha\Projects\boyd-clips\scripts\split_logo.py	3137	1786503282034
C:\Users\natha\Projects\boyd-clips\scripts\studio.py	5881	1787372155035
C:\Users\natha\Projects\boyd-clips\scripts\studio_server.py	7050	1787372094577
C:\Users\natha\Projects\boyd-clips\scripts\suggest_edit.py	10840	1787420258914
C:\Users\natha\Projects\boyd-clips\scripts\sweep_renders.py	1333	1787119934485
C:\Users\natha\Projects\boyd-clips\scripts\sync_dockets.py	4260	1787253072943
C:\Users\natha\Projects\boyd-clips\scripts\thumb_Q1_noregroup.py	46430	1787994604835
C:\Users\natha\Projects\boyd-clips\scripts\thumb_Q2_surgical.py	60060	1787995107778
C:\Users\natha\Projects\boyd-clips\scripts\thumb_Q3_detail.py	45489	1787996753827
C:\Users\natha\Projects\boyd-clips\scripts\thumb_Q4_light.py	50687	1787992154158
C:\Users\natha\Projects\boyd-clips\scripts\thumb_eval.py	18494	1787497801695
C:\Users\natha\Projects\boyd-clips\scripts\thumb_frames.py	6021	1787497583516
C:\Users\natha\Projects\boyd-clips\scripts\thumb_picker.py	8631	1787036187040
C:\Users\natha\Projects\boyd-clips\scripts\thumb_variants.py	5544	1787039216153
C:\Users\natha\Projects\boyd-clips\scripts\tighten_short.py	4914	1787976375997
C:\Users\natha\Projects\boyd-clips\scripts\top_picks.py	9249	1787066482086
C:\Users\natha\Projects\boyd-clips\scripts\upscale_tile.py	2186	1787987689829
C:\Users\natha\Projects\boyd-clips\scripts\validate_oncamera.py	2045	1787046733862
C:\Users\natha\Projects\boyd-clips\scripts\verify_Q1_noregroup.py	17185	1787994566771
C:\Users\natha\Projects\boyd-clips\scripts\verify_Q3_detail.py	10476	1787992780726
C:\Users\natha\Projects\boyd-clips\scripts\verify_Q4_light.py	9101	1787992267424
C:\Users\natha\Projects\boyd-clips\scripts\verify_render.py	6352	1787120028193
C:\Users\natha\Projects\boyd-clips\scripts\verify_set.py	9473	1787997304252
C:\Users\natha\Projects\boyd-clips\scripts\verify_thumbnail.py	23935	1787972336412
C:\Users\natha\Projects\boyd-clips\scripts\who_speaks.py	6223	1787981690605
C:\Users\natha\Projects\boyd-clips\scripts\wm_preview.py	3742	1786505020530
C:\Users\natha\Projects\boyd-clips\spec\CONTENT_SPEC.md	10700	1787306714976
C:\Users\natha\Projects\boyd-clips\spec\NATHANS-EDIT.md	3442	1787465548355
C:\Users\natha\Projects\boyd-clips\spec\PACKAGING.md	7760	1787045274423
C:\Users\natha\Projects\boyd-clips\spec\RECORDS-API.md	8827	1787495338299
C:\Users\natha\Projects\boyd-clips\spec\SAFETY_RULES.md	3950	1786342107745
C:\Users\natha\Projects\boyd-clips\spec\SPEC.md	21003	1787306665685
C:\Users\natha\Projects\boyd-clips\src\boyd_clips.egg-info\PKG-INFO	471	1786342508087
C:\Users\natha\Projects\boyd-clips\src\boyd_clips.egg-info\SOURCES.txt	546	1786342508094
C:\Users\natha\Projects\boyd-clips\src\boyd_clips.egg-info\dependency_links.txt	1	1786342508088
C:\Users\natha\Projects\boyd-clips\src\boyd_clips.egg-info\entry_points.txt	44	1786342508088
C:\Users\natha\Projects\boyd-clips\src\boyd_clips.egg-info\requires.txt	136	1786342508088
C:\Users\natha\Projects\boyd-clips\src\boyd_clips.egg-info\top_level.txt	10	1786342508088
C:\Users\natha\Projects\boyd-clips\src\boydclips\__init__.py	626	1786330680844
C:\Users\natha\Projects\boyd-clips\src\boydclips\analyze.py	21791	1787044510258
C:\Users\natha\Projects\boyd-clips\src\boydclips\arcs.py	7339	1787049343043
C:\Users\natha\Projects\boyd-clips\src\boydclips\censor.py	2703	1786690969662
C:\Users\natha\Projects\boyd-clips\src\boydclips\cli.py	21166	1787118682011
C:\Users\natha\Projects\boyd-clips\src\boydclips\config.py	5228	1787044461259
C:\Users\natha\Projects\boyd-clips\src\boydclips\diarize.py	9596	1787032880946
C:\Users\natha\Projects\boyd-clips\src\boydclips\discover.py	6599	1787253727520
C:\Users\natha\Projects\boyd-clips\src\boydclips\hearingtype.py	6108	1787066423459
C:\Users\natha\Projects\boyd-clips\src\boydclips\llm.py	17176	1786342255362
C:\Users\natha\Projects\boyd-clips\src\boydclips\momentrun.py	5379	1787119419429
C:\Users\natha\Projects\boyd-clips\src\boydclips\moments.py	16445	1787068202925
C:\Users\natha\Projects\boyd-clips\src\boydclips\oncamera.py	12022	1787046733586
C:\Users\natha\Projects\boyd-clips\src\boydclips\pipeline.py	46227	1787119237710
C:\Users\natha\Projects\boyd-clips\src\boydclips\priors.py	17156	1786519191991
C:\Users\natha\Projects\boyd-clips\src\boydclips\publish.py	13791	1786981818903
C:\Users\natha\Projects\boyd-clips\src\boydclips\records.py	17501	1786517500765
C:\Users\natha\Projects\boyd-clips\src\boydclips\refine.py	7991	1787420258810
C:\Users\natha\Projects\boyd-clips\src\boydclips\render.py	72445	1787494225181
C:\Users\natha\Projects\boyd-clips\src\boydclips\repeats.py	6970	1787045275107
C:\Users\natha\Projects\boyd-clips\src\boydclips\state.py	15819	1787045275803
C:\Users\natha\Projects\boyd-clips\src\boydclips\thumbnail.py	22590	1787971295536
C:\Users\natha\Projects\boyd-clips\src\boydclips\transcribe.py	10183	1786439480781
C:\Users\natha\Projects\boyd-clips\state\archive_failed.json	4851	1787289064854
C:\Users\natha\Projects\boyd-clips\state\archive_pull.json	181	1787289064853
C:\Users\natha\Projects\boyd-clips\state\archive_transcripts.json	80273	1786442183216
C:\Users\natha\Projects\boyd-clips\state\called_hearings.json	101348	1787301445275
C:\Users\natha\Projects\boyd-clips\state\clip_alignment.json	100311	1787256815648
C:\Users\natha\Projects\boyd-clips\state\clip_phrases.json	48080	1787256837024
C:\Users\natha\Projects\boyd-clips\state\competitor_subs.json	176	1787256720762
C:\Users\natha\Projects\boyd-clips\state\cut_status.json	540	1787311821512
C:\Users\natha\Projects\boyd-clips\state\defendant_voice.json	44578	1787306264218
C:\Users\natha\Projects\boyd-clips\state\dialogue_metrics.json	241872	1787027184260
C:\Users\natha\Projects\boyd-clips\state\edit_spidermonkey.json	15845	1787425771489
C:\Users\natha\Projects\boyd-clips\state\fetch_queue.json	6080	1787048971239
C:\Users\natha\Projects\boyd-clips\state\final_shortlist.json	21695	1787307373823
C:\Users\natha\Projects\boyd-clips\state\funny.json	74312	1787248599551
C:\Users\natha\Projects\boyd-clips\state\goingoff.json	1817363	1787248657359
C:\Users\natha\Projects\boyd-clips\state\handpicked_alignment.json	4892	1787282454449
C:\Users\natha\Projects\boyd-clips\state\harsh_hearings.json	28983	1787302705500
C:\Users\natha\Projects\boyd-clips\state\judged_hearings.json	53652	1787304560866
C:\Users\natha\Projects\boyd-clips\state\judged_nathan.json	84634	1787307361630
C:\Users\natha\Projects\boyd-clips\state\judged_opus.json	54559	1787304745967
C:\Users\natha\Projects\boyd-clips\state\labels.json	1717	1787265824222
C:\Users\natha\Projects\boyd-clips\state\moments.json	730528	1787067919454
C:\Users\natha\Projects\boyd-clips\state\moments_2XkPnvstmRQ.json	9016	1787358319809
C:\Users\natha\Projects\boyd-clips\state\moments_judged.json	162164	1787069086302
C:\Users\natha\Projects\boyd-clips\state\next_cut.json	430	1787305237790
C:\Users\natha\Projects\boyd-clips\state\oncamera.json	10267	1787069209017
C:\Users\natha\Projects\boyd-clips\state\pipeline.db	4345856	1787289064852
C:\Users\natha\Projects\boyd-clips\state\pipeline.db.bak-20260820-141142	4063232	1787253102577
C:\Users\natha\Projects\boyd-clips\state\q20_decoded.json	1999	1787306616296
C:\Users\natha\Projects\boyd-clips\state\q20_raw.json	807	1787306605873
C:\Users\natha\Projects\boyd-clips\state\questions.json	2013838	1787297970203
C:\Users\natha\Projects\boyd-clips\state\ranked_hearings.json	152128	1787303500396
C:\Users\natha\Projects\boyd-clips\state\scan\AmericanJusticeFiles.txt	17696	1787254393863
C:\Users\natha\Projects\boyd-clips\state\scan\AmericanJusticeFiles_boyd_ids.txt	624	1787255007832
C:\Users\natha\Projects\boyd-clips\state\scan\AudittheCourt.txt	6104	1787254391423
C:\Users\natha\Projects\boyd-clips\state\scan\CourtOfJustice.txt	70811	1787254390271
C:\Users\natha\Projects\boyd-clips\state\scan\CourtOfJustice_boyd_ids.txt	7033	1787255007834
C:\Users\natha\Projects\boyd-clips\state\scan\CourtTrialsTVNetwork.txt	55830	1787254404351
C:\Users\natha\Projects\boyd-clips\state\scan\CourtTrialsTVNetwork_boyd_ids.txt	4745	1787255007831
C:\Users\natha\Projects\boyd-clips\state\scan\Juridocs.txt	14741	1787254396981
C:\Users\natha\Projects\boyd-clips\state\scan\Juridocs_boyd_ids.txt	611	1787255007831
C:\Users\natha\Projects\boyd-clips\state\scan\VerdictFiles20.txt	4971	1787254394924
C:\Users\natha\Projects\boyd-clips\state\scan\boydsearch.txt	15488	1787254338302
C:\Users\natha\Projects\boyd-clips\state\scan\channels.txt	445	1787254369253
C:\Users\natha\Projects\boyd-clips\state\scan\st.js	68441	1787374150509
C:\Users\natha\Projects\boyd-clips\state\scan\targets.txt	181	1787254359934
C:\Users\natha\Projects\boyd-clips\state\shortlist.json	3346	1787304779162
C:\Users\natha\Projects\boyd-clips\state\suggest_2XkPnvstmRQ.json	10631	1787420352318
C:\Users\natha\Projects\boyd-clips\state\thumb_prefs.json	259	1787039334934
C:\Users\natha\Projects\boyd-clips\state\wentthere.json	599898	1787266194639
C:\Users\natha\Projects\boyd-clips\sweep.err	0	1787119945185
C:\Users\natha\Projects\boyd-clips\sweep.log	1249	1787119973264
C:\Users\natha\Projects\boyd-clips\tests\test_pipeline.py	58836	1787119419763
C:\Users\natha\Projects\boyd-clips\tools\boyd-toggle.ps1	7577	1786699078890
C:\Users\natha\Projects\boyd-clips\tools\boyd-tray-hidden.vbs	285	1786699200914
C:\Users\natha\Projects\boyd-clips\tools\boyd-tray.ps1	10153	1786699160716
C:\Users\natha\Projects\boyd-clips\tools\install-tray.ps1	4207	1786699197662
